,开始日期,结束日期,商家ID,商家名称,运营组,省份,城市,是否新增商家,首次上线日期,门店在线状态,（日均）预设营业时长（h）,（日均）在线营业时长（h）,曝光人数,入店人数,下单人数,下单新客人数,入店转化率,下单转化率,推单数,有效订单数,原价交易额,实付交易额,商家补贴金额,商家原因取消订单数,商家拒单数,商家超时未接单数,商家取消不告知用户订单数,缺货导致退款订单数,商家少送错送导致用户退款订单数,商家质量问题导致用户退款订单数,配送原因取消订单数,拣货超时订单数,使用间或完成按钮订单数,平均骑手到店等待时间（min）,平均骑手送货时长（min）,IM会话数,IM回复数,IM回复率,IM1分钟回复数,差评订单数,投诉订单数,平均商家评分,平均商品评分,平均配送评分,平均配送时长（min）,资质类型（仅药品）,资质有效期（仅药品）,cluster
0,20200101,20200131,295680,花生活鲜花（鲜花格格花艺生活馆）,鲜花组,四川省,绵阳,否,20150716,在线,24.0,24.0,6332,84,3,3,1.33,3.57,3,3,578.0,203.0,492.0,0,0,0,0,0,0,0,0,0,3,0,0,0,0,0.0,0,0,0,0.0,0.0,0.0,0.0,,,0
1,20200101,20200131,642989,花生活鲜花（春季花艺）,鲜花组,安徽省,合肥,否,20151223,在线,24.0,24.0,5822,49,0,0,0.84,0.0,0,0,0.0,0.0,0.0,0,0,0,0,0,0,0,0,0,0,0,0,0,0,0.0,0,0,0,0.0,0.0,0.0,0.0,,,2
2,20200101,20200131,653643,花生活鲜花（雅景花艺）,鲜花组,广东省,东莞,否,20190422,在线,10.0,10.4,3053,36,2,2,1.18,5.56,2,2,553.0,347.0,284.0,0,0,0,0,0,0,0,0,0,2,0,0,0,0,0.0,0,0,0,0.0,0.0,0.0,0.0,,,2
3,20200101,20200131,714142,花生活鲜花（情意浓花店）,鲜花组,浙江省,温州,否,20160129,在线,11.0,11.6,5653,134,10,9,2.37,7.46,10,9,5441.0,1373.09,4371.91,0,0,0,0,0,0,0,0,0,10,0,0,6,6,100.0,2,0,0,2.4,2.4,1.9,0.0,,,2
4,20200101,20200131,720330,浪漫花屋,鲜花组,湖北省,荆州,否,20160130,下线,0.0,0.0,1,0,0,0,0.0,0.0,0,0,0.0,0.0,0.0,0,0,0,0,0,0,0,0,0,0,0,0,0,0,0.0,0,0,0,0.0,0.0,0.0,0.0,,,2
5,20200101,20200131,772683,花生活鲜花（杏福花店）,鲜花组,福建省,厦门,否,20160329,下线,0.0,0.0,256,14,0,0,5.47,0.0,0,0,0.0,0.0,0.0,0,0,0,0,0,0,0,0,0,0,0,0,0,0,0.0,0,0,0,0.0,0.0,0.0,0.0,,,2
6,20200101,20200131,783170,花生活鲜花（香香花店）,鲜花组,福建省,厦门,否,20160328,在线,20.0,20.9,4021,64,3,2,1.59,4.69,3,2,513.0,337.0,254.0,1,1,0,0,0,0,0,0,0,2,0,0,0,0,0.0,0,0,0,0.0,0.0,0.0,0.0,,,2
7,20200101,20200131,799254,花生活鲜花（花好月缘鲜花店）,鲜花组,福建省,莆田,否,20160322,在线,24.0,24.0,12397,126,0,0,1.02,0.0,0,0,0.0,0.0,0.0,0,0,0,0,0,0,0,0,0,0,0,0,2,1,50.0,1,0,0,0.0,0.0,0.0,0.0,,,0
8,20200101,20200131,833749,花生活鲜花（卉轩鲜花礼品店）,鲜花组,宁夏回族自治区,银川,否,20190801,在线,24.0,24.0,8104,53,0,0,0.65,0.0,0,0,0.0,0.0,0.0,0,0,0,0,0,0,0,0,0,0,0,0,0,0,0.0,0,0,0,0.0,0.0,0.0,0.0,,,0
9,20200101,20200131,1330090,花生活鲜花（唯美花艺）,鲜花组,云南省,大理白族自治州,否,20160816,在线,13.0,13.4,9679,312,5,4,3.22,1.6,6,4,976.0,547.0,585.0,0,0,0,0,0,0,0,0,0,4,0,0,4,4,100.0,0,0,0,0.0,0.0,0.0,0.0,,,0
10,20200101,20200131,1523142,花生活鲜花（明珠鲜花坊）,鲜花组,青海省,西宁,否,20160921,在线,11.0,10.6,10895,233,5,4,2.14,2.15,5,5,1452.0,515.01,1053.99,0,0,0,0,0,0,0,0,0,5,0,0,7,7,100.0,2,0,0,1.0,1.0,1.0,0.0,,,0
11,20200101,20200131,1696175,花生活鲜花（520鲜花园艺）,鲜花组,上海市,上海,否,20161103,在线,16.0,16.4,13635,144,1,1,1.06,0.69,2,1,470.0,175.0,334.0,0,0,0,0,0,0,0,0,0,1,0,0,1,0,0.0,0,0,0,0.0,0.0,0.0,0.0,,,1
12,20200101,20200131,1937925,花生活鲜花（花心苑花店）,鲜花组,湖北省,荆州,否,20170103,在线,22.0,22.2,19427,164,1,1,0.84,0.61,1,1,128.0,105.0,62.0,0,0,0,0,0,0,0,0,0,1,0,0,0,0,0.0,0,0,0,0.0,0.0,0.0,0.0,,,1
13,20200101,20200131,1971869,花生活鲜花（嘿花哨花艺）,鲜花组,贵州省,遵义,否,20170116,在线,21.0,21.6,11437,67,0,0,0.59,0.0,0,0,0.0,0.0,0.0,0,0,0,0,0,0,0,0,0,0,0,0,2,2,100.0,1,0,0,0.0,0.0,0.0,0.0,,,0
14,20200101,20200131,2006070,花生活鲜花（伊馨花坊）,鲜花组,上海市,上海,否,20170213,在线,13.0,13.1,4206,53,0,0,1.26,0.0,0,0,0.0,0.0,0.0,0,0,0,0,0,0,0,0,0,0,0,0,0,0,0.0,0,0,0,0.0,0.0,0.0,0.0,,,2
15,20200101,20200131,2019807,花生活鲜花（爱荷花坊）,鲜花组,福建省,厦门,否,20170214,在线,24.0,24.0,3624,26,0,0,0.72,0.0,0,0,0.0,0.0,0.0,0,0,0,0,0,0,0,0,0,0,0,0,1,0,0.0,0,0,0,0.0,0.0,0.0,0.0,,,2
16,20200101,20200131,2045211,花生活鲜花（阳光花坊）,鲜花组,江西省,南昌,否,20170222,在线,24.0,24.0,5755,55,0,0,0.96,0.0,0,0,0.0,0.0,0.0,0,0,0,0,0,0,0,0,0,0,0,0,0,0,0.0,0,0,0,0.0,0.0,0.0,0.0,,,2
17,20200101,20200131,2068451,花生活鲜花（花语人生）,鲜花组,福建省,厦门,否,20170224,在线,8.0,8.3,2560,28,0,0,1.09,0.0,0,0,0.0,0.0,0.0,0,0,0,0,0,0,0,0,0,0,0,0,1,1,100.0,0,0,0,0.0,0.0,0.0,0.0,,,2
19,20200101,20200131,2174771,花生活鲜花（九零花坊）,鲜花组,上海市,上海,否,20170324,在线,18.0,18.1,2408,59,4,2,2.45,6.78,5,3,1060.0,536.0,641.0,0,0,0,0,0,0,0,0,0,4,0,0,1,1,100.0,1,0,0,0.0,0.0,0.0,0.0,,,2
20,20200101,20200131,2220100,花生活鲜花（花花世界鲜花）,鲜花组,湖北省,十堰,否,20170327,在线,24.0,24.0,19872,177,1,0,0.89,0.56,1,0,0.0,0.0,0.0,0,0,0,0,0,0,0,0,0,0,0,0,1,1,100.0,1,0,0,0.0,0.0,0.0,0.0,,,1
21,20200101,20200131,2329256,花生活鲜花（七彩坊鲜花店）,鲜花组,福建省,泉州,否,20170526,在线,22.0,22.7,6381,73,0,0,1.14,0.0,0,0,0.0,0.0,0.0,0,0,0,0,0,0,0,0,0,0,0,0,0,0,0.0,0,0,0,0.0,0.0,0.0,0.0,,,0
22,20200101,20200131,2402349,花生活鲜花（静静花艺银盛路店）,鲜花组,宁夏回族自治区,银川,否,20170430,在线,24.0,24.0,5447,59,0,0,1.08,0.0,0,0,0.0,0.0,0.0,0,0,0,0,0,0,0,0,0,0,0,0,2,1,50.0,0,0,0,0.0,0.0,0.0,0.0,,,2
23,20200101,20200131,2482113,花生活鲜花（玫瑰坊）,鲜花组,江苏省,镇江,否,20170515,在线,24.0,24.0,7927,51,0,0,0.64,0.0,0,0,0.0,0.0,0.0,0,0,0,0,0,0,0,0,0,0,0,0,0,0,0.0,0,0,0,0.0,0.0,0.0,0.0,,,0
24,20200101,20200131,2527715,花生活鲜花（情缘鲜花店遵义店）,鲜花组,贵州省,遵义,否,20170519,在线,24.0,24.0,18625,79,0,0,0.42,0.0,0,0,0.0,0.0,0.0,0,0,0,0,0,0,0,0,0,0,0,0,2,2,100.0,0,0,0,0.0,0.0,0.0,0.0,,,1
25,20200101,20200131,2622811,花生活鲜花（品蕊花屋）,鲜花组,四川省,宜宾,否,20170606,在线,22.0,22.7,12939,191,8,2,1.48,4.19,6,4,1288.0,516.0,928.0,0,0,0,0,0,0,0,0,0,5,0,0,1,1,100.0,1,0,0,0.0,0.0,0.0,0.0,,,0
26,20200101,20200131,2666240,花生活鲜花（祥和鲜花）,鲜花组,山东省,青岛,否,20170612,在线,24.0,24.0,15275,192,3,2,1.26,1.56,3,3,2940.0,243.09,2774.91,0,0,0,0,0,0,0,0,0,3,0,0,0,0,0.0,0,0,0,0.0,0.0,0.0,0.0,,,1
27,20200101,20200131,2731908,花缘花艺,鲜花组,湖南省,长沙,否,20170621,下线,0.0,0.0,4,0,0,0,0.0,0.0,0,0,0.0,0.0,0.0,0,0,0,0,0,0,0,0,0,0,0,0,0,0,0.0,0,0,0,0.0,0.0,0.0,0.0,,,2
28,20200101,20200131,2880558,花生活鲜花（创意花坊）,鲜花组,安徽省,合肥,否,20170712,在线,24.0,24.0,4314,52,1,1,1.21,1.92,1,1,198.0,145.0,92.0,0,0,0,0,0,0,0,0,0,1,0,0,1,1,100.0,0,0,0,0.0,0.0,0.0,0.0,,,2
29,20200101,20200131,2922099,花生活鲜花（小草堂花艺生活馆）,鲜花组,山西省,太原,否,20170721,在线,24.0,24.0,10440,141,6,4,1.35,4.26,6,4,813.02,397.02,572.0,0,0,0,0,0,0,0,0,0,4,0,0,6,6,100.0,2,0,0,0.0,0.0,0.0,0.0,,,0
30,20200101,20200131,3018522,花生活鲜花（源达花艺）,鲜花组,湖南省,常德,否,20170814,在线,22.0,22.8,21034,209,3,2,0.99,1.44,3,2,449.0,194.0,333.0,0,0,0,0,0,0,0,0,0,2,0,0,1,1,100.0,0,0,0,0.0,0.0,0.0,0.0,,,1
31,20200101,20200131,3027069,花生活鲜花（艺都鲜花）,鲜花组,浙江省,宁波,否,20170801,在线,17.0,17.8,7315,90,2,2,1.23,2.22,2,2,593.0,281.0,390.0,0,0,0,0,0,0,0,0,1,2,0,0,2,2,100.0,2,0,1,0.0,0.0,0.0,0.0,,,0
32,20200101,20200131,3072588,花生活鲜花（如意鲜花）,鲜花组,贵州省,遵义,否,20170809,在线,21.0,21.1,15814,169,7,4,1.07,4.14,8,4,1153.0,640.0,669.0,1,0,1,0,0,0,0,0,0,6,0,0,6,5,83.33,4,0,0,0.0,0.0,0.0,0.0,,,1
33,20200101,20200131,3095162,花生活鲜花（花瓣雨花坊）,鲜花组,天津市,天津,否,20170812,在线,22.0,22.7,9291,114,0,0,1.23,0.0,0,0,0.0,0.0,0.0,0,0,0,0,0,0,0,0,0,0,0,0,2,1,50.0,1,0,0,0.0,0.0,0.0,0.0,,,0
34,20200101,20200131,3114926,花生活鲜花（艺博花艺）,鲜花组,河南省,安阳,否,20170818,在线,14.0,14.9,8440,135,2,1,1.6,1.48,2,1,458.0,352.0,145.0,0,0,0,0,0,0,0,0,0,1,0,0,0,0,0.0,0,0,0,1.0,1.0,1.0,0.0,,,0
35,20200101,20200131,3128450,花生活鲜花（花之恋鲜花店）,鲜花组,浙江省,绍兴,否,20170821,在线,9.0,9.8,6693,276,35,28,4.12,12.68,38,34,21276.0,4563.36,17838.54,0,0,0,0,0,0,0,1,1,41,0,1,11,9,81.82,5,0,0,4.8,4.8,5.0,1.0,,,0
36,20200101,20200131,3165468,花生活鲜花（甄阿奇花艺）,鲜花组,辽宁省,营口,否,20170916,在线,18.0,18.2,7933,136,3,2,1.71,2.21,3,2,586.0,170.0,494.0,0,0,0,0,0,0,0,0,0,2,0,0,2,2,100.0,1,0,0,0.0,0.0,0.0,0.0,,,0
37,20200101,20200131,3174325,花生活鲜花（乐派花艺）,鲜花组,贵州省,遵义,否,20170822,在线,17.0,17.4,7418,63,3,2,0.85,4.76,3,2,633.0,347.0,364.0,1,1,0,0,0,0,0,0,0,2,0,0,0,0,0.0,0,0,0,0.0,0.0,0.0,0.0,,,0
38,20200101,20200131,3464481,花生活鲜花（香侬鲜花水果）,鲜花组,安徽省,合肥,否,20171013,在线,24.0,24.0,3705,45,1,1,1.21,2.22,1,1,395.0,125.0,309.0,0,0,0,0,0,0,0,0,0,1,0,0,0,0,0.0,0,0,0,0.0,0.0,0.0,0.0,,,2
39,20200101,20200131,3468033,花生活鲜花（家美园艺）,鲜花组,上海市,上海,否,20171016,在线,11.0,11.1,6376,296,39,35,4.64,13.18,44,41,11394.0,5872.03,6873.97,0,0,0,0,0,0,0,0,0,43,0,1,12,9,75.0,1,0,0,5.0,5.0,5.0,1.0,,,0
40,20200101,20200131,3562612,花生活鲜花（俪缘摆渡人）,鲜花组,江苏省,淮安,否,20171018,在线,11.0,11.0,6279,57,0,0,0.91,0.0,0,0,0.0,0.0,0.0,0,0,0,0,0,0,0,0,0,0,0,0,1,1,100.0,0,0,0,0.0,0.0,0.0,0.0,,,0
41,20200101,20200131,3713872,花生活鲜花（泽凤花店）,鲜花组,安徽省,合肥,否,20171115,在线,19.0,19.4,6645,66,5,4,0.99,7.58,5,5,1607.0,630.0,1164.0,0,0,0,0,0,0,0,0,0,5,0,0,1,1,100.0,0,0,0,0.0,0.0,0.0,0.0,,,0
42,20200101,20200131,3882102,如意花艺（乐从店）,鲜花组,广东省,佛山,否,20180601,在线,14.0,13.0,2588,15,0,0,0.58,0.0,0,0,0.0,0.0,0.0,0,0,0,0,0,0,0,0,0,0,0,0,0,0,0.0,0,0,0,0.0,0.0,0.0,0.0,,,2
43,20200101,20200131,3985407,花生活鲜花（柔兰花艺）,鲜花组,福建省,莆田,否,20171207,在线,21.0,20.8,19671,586,18,17,2.98,3.07,18,18,5016.0,2365.0,3250.0,0,0,0,0,0,0,0,0,0,19,0,0,13,10,76.92,2,0,0,3.5,3.5,3.5,0.0,,,1
44,20200101,20200131,3994932,花生活鲜花（雅心花艺）,鲜花组,湖南省,长沙,否,20171206,在线,16.0,16.1,13840,157,8,7,1.13,5.1,9,9,4873.02,1099.01,4124.91,0,0,0,0,0,0,0,0,0,9,0,0,2,2,100.0,0,0,0,1.6,1.6,1.6,0.0,,,1
45,20200101,20200131,4139743,花日国际,鲜花组,北京市,北京,否,20171222,下线,0.0,0.0,3,0,0,0,0.0,0.0,0,0,0.0,0.0,0.0,0,0,0,0,0,0,0,0,0,0,0,0,0,0,0.0,0,0,0,0.0,0.0,0.0,0.0,,,2
46,20200101,20200131,4192177,花生活鲜花（国色天香鲜花店）,鲜花组,贵州省,遵义,否,20180103,在线,24.0,24.0,11224,30,0,0,0.27,0.0,0,0,0.0,0.0,0.0,0,0,0,0,0,0,0,0,0,0,0,0,0,0,0.0,0,0,0,0.0,0.0,0.0,0.0,,,0
47,20200101,20200131,4279933,花生活鲜花（露艺花坊）,鲜花组,江苏省,无锡,否,20180117,下线,0.0,0.0,7,1,0,0,14.29,0.0,0,0,0.0,0.0,0.0,0,0,0,0,0,0,0,0,0,0,0,0,0,0,0.0,0,0,0,0.0,0.0,0.0,0.0,,,2
48,20200101,20200131,4304946,花生活鲜花（城市花坊）,鲜花组,四川省,泸州,否,20180124,在线,24.0,24.0,16416,201,11,11,1.22,5.47,11,11,3119.0,1216.01,2292.99,0,0,0,0,0,0,0,0,0,11,0,0,6,6,100.0,2,0,0,3.1,3.1,3.1,0.0,,,1
49,20200101,20200131,4363389,花生活鲜花（意达鲜花店）,鲜花组,河北省,唐山,否,20180201,在线,24.0,23.0,12297,320,8,5,2.6,2.5,6,5,1047.0,785.0,457.0,0,0,0,0,0,0,0,0,0,5,0,0,4,4,100.0,4,0,0,0.0,0.0,0.0,0.0,,,0
50,20200101,20200131,4389748,花生活鲜花（玫瑰花店2店）,鲜花组,广东省,东莞,否,20180211,在线,18.0,18.4,7278,104,5,3,1.43,4.81,5,3,841.0,392.0,566.0,0,0,0,0,0,0,0,0,2,4,0,0,2,0,0.0,0,0,0,0.0,0.0,0.0,0.0,,,0
51,20200101,20200131,4434657,花生活鲜花（晴曦花艺）,鲜花组,福建省,福州,否,20180304,在线,18.0,18.3,7821,163,4,0,2.08,2.45,2,0,0.0,0.0,0.0,1,0,1,0,0,0,0,0,0,0,0,0,2,0,0.0,0,0,0,0.0,0.0,0.0,0.0,,,0
52,20200101,20200131,4439411,花生活鲜花（花田故事）,鲜花组,福建省,福州,否,20180308,在线,19.0,19.1,3495,57,1,0,1.63,1.75,3,0,0.0,0.0,0.0,3,1,2,0,0,0,0,0,0,0,0,0,1,1,100.0,1,0,0,0.0,0.0,0.0,0.0,,,2
53,20200101,20200131,4464626,花生活鲜花（雪莲花艺）,鲜花组,北京市,北京,否,20180422,在线,15.0,15.1,2683,65,4,1,2.42,6.15,4,2,381.0,173.0,286.0,1,0,1,0,0,0,0,0,0,2,0,0,0,0,0.0,0,0,0,0.0,0.0,0.0,0.0,,,2
54,20200101,20200131,4473272,花生活鲜花（祥瑞花艺坊）,鲜花组,天津市,天津,否,20180321,在线,17.0,17.5,4144,78,1,1,1.88,1.28,1,1,680.0,269.0,450.0,0,0,0,0,0,0,0,0,0,1,0,0,2,0,0.0,0,0,0,0.0,0.0,0.0,0.0,,,2
55,20200101,20200131,4742557,花生活鲜花（陌上花开株洲店）,鲜花组,湖南省,株洲,否,20180413,在线,24.0,24.0,17470,167,1,1,0.96,0.6,1,1,258.0,205.0,92.0,0,0,0,0,0,0,0,0,0,1,0,0,0,0,0.0,0,0,0,0.0,0.0,0.0,0.0,,,1
56,20200101,20200131,4873097,花生活鲜花（艳丽花卉）,鲜花组,云南省,曲靖,否,20180502,下线,0.0,0.0,53,3,0,0,5.66,0.0,0,0,0.0,0.0,0.0,0,0,0,0,0,0,0,0,0,0,0,0,0,0,0.0,0,0,0,0.0,0.0,0.0,0.0,,,2
57,20200101,20200131,4885878,花生活鲜花（阿西木花艺工作室）,鲜花组,福建省,厦门,否,20180503,在线,12.0,12.0,16320,157,4,1,0.96,2.55,3,1,395.0,182.0,252.0,1,0,0,0,1,0,0,0,0,3,0,0,3,3,100.0,2,0,0,0.0,0.0,0.0,0.0,,,1
58,20200101,20200131,5054488,花生活鲜花（华粤鲜花馆）,鲜花组,福建省,厦门,否,20180601,在线,13.0,13.5,1744,25,1,0,1.43,4.0,1,0,0.0,0.0,0.0,1,1,0,0,0,0,0,0,0,0,0,0,0,0,0.0,0,0,0,0.0,0.0,0.0,0.0,,,2
59,20200101,20200131,5056286,花生活鲜花（撒罗米园艺）,鲜花组,浙江省,杭州,否,20180530,在线,24.0,24.0,4839,64,0,0,1.32,0.0,0,0,0.0,0.0,0.0,0,0,0,0,0,0,0,0,0,0,0,0,1,0,0.0,0,0,0,0.0,0.0,0.0,0.0,,,2
60,20200101,20200131,5121244,花生活鲜花（贡贡鲜花坊）,鲜花组,福建省,厦门,否,20180604,在线,18.0,18.2,3067,48,2,1,1.57,4.17,2,1,295.0,107.0,219.0,1,1,0,0,0,0,0,0,0,1,0,0,2,2,100.0,1,0,0,0.0,0.0,0.0,0.0,,,2
61,20200101,20200131,5138638,遇见花开,鲜花组,湖南省,长沙,否,20180605,下线,0.0,0.0,3,0,0,0,0.0,0.0,0,0,0.0,0.0,0.0,0,0,0,0,0,0,0,0,0,0,0,0,0,0,0.0,0,0,0,0.0,0.0,0.0,0.0,,,2
62,20200101,20200131,5196478,郁涧鲜花坊,鲜花组,内蒙古自治区,赤峰,否,20180612,在线,19.0,19.8,18302,311,10,6,1.7,3.22,12,11,2178.0,729.0,1449.0,0,0,0,0,0,0,0,0,0,11,0,0,3,2,66.67,2,0,0,3.1,3.1,1.6,0.0,,,1
63,20200101,20200131,5332337,花生活鲜花（四季花屋）,鲜花组,北京市,北京,否,20180628,在线,24.0,24.0,7956,120,2,2,1.51,1.67,2,2,456.0,380.0,154.0,0,0,0,0,0,0,0,0,0,2,0,0,2,1,50.0,1,0,0,0.0,0.0,0.0,0.0,,,0
64,20200101,20200131,5345425,花生活鲜花（花稼之约鲜花）,鲜花组,辽宁省,沈阳,否,20180709,在线,24.0,24.0,20483,246,5,5,1.2,2.03,5,5,961.0,656.0,500.0,0,0,0,0,0,0,0,0,0,5,0,1,4,4,100.0,2,0,0,1.1,1.1,1.1,1.0,,,1
65,20200101,20200131,5346237,花生活鲜花（有钱花）,鲜花组,湖北省,十堰,否,20180630,在线,18.0,18.4,8974,130,1,0,1.45,0.77,1,0,0.0,0.0,0.0,1,1,0,0,0,0,0,0,0,0,0,0,1,1,100.0,0,0,0,0.0,0.0,0.0,0.0,,,0
67,20200101,20200131,5550366,花生活鲜花（爱尚鲜花鲜花）,鲜花组,河北省,邢台,否,20180808,在线,24.0,24.0,14732,127,0,0,0.86,0.0,0,0,0.0,0.0,0.0,0,0,0,0,0,0,0,0,0,0,0,0,0,0,0.0,0,0,0,0.0,0.0,0.0,0.0,,,1
68,20200101,20200131,5565851,花生活鲜花（仙丽鲜花）,鲜花组,四川省,绵阳,否,20180804,在线,24.0,24.0,8632,66,1,1,0.76,1.52,1,1,58.0,58.0,0.0,0,0,0,0,0,0,0,0,0,1,0,0,0,0,0.0,0,0,0,0.0,0.0,0.0,0.0,,,0
69,20200101,20200131,5582315,花生活鲜花（花香漫进）,鲜花组,四川省,成都,否,20180806,在线,24.0,24.0,8680,140,1,0,1.61,0.71,0,0,0.0,0.0,0.0,0,0,0,0,0,0,0,0,0,0,0,0,1,0,0.0,0,0,0,0.0,0.0,0.0,0.0,,,0
70,20200101,20200131,5630285,呆子花艺,鲜花组,贵州省,黔东南苗族侗族自治州,否,20180926,下线,0.0,0.0,1,0,0,0,0.0,0.0,0,0,0.0,0.0,0.0,0,0,0,0,0,0,0,0,0,0,0,0,0,0,0.0,0,0,0,0.0,0.0,0.0,0.0,,,2
71,20200101,20200131,5641328,花生活鲜花（成都陌上花开）,鲜花组,四川省,成都,否,20180815,在线,24.0,24.0,14831,221,13,10,1.49,5.88,12,12,2866.0,1394.0,1857.0,0,0,0,0,0,0,0,0,0,12,0,0,6,5,83.33,2,0,0,2.7,2.7,2.7,0.0,,,1
72,20200101,20200131,5740741,花生活鲜花（唯爱花艺）,鲜花组,宁夏回族自治区,银川,否,20180905,在线,22.0,22.0,7466,147,12,9,1.97,8.16,15,11,2360.0,1622.0,1161.0,3,0,3,0,0,0,0,0,0,13,0,0,6,5,83.33,3,0,0,0.0,0.0,0.0,0.0,,,0
73,20200101,20200131,5762294,花生活鲜花（厦门陌上花开）,鲜花组,福建省,厦门,否,20180913,在线,16.0,15.8,2149,95,7,7,4.42,7.37,7,7,4763.0,1152.09,3883.91,0,0,0,0,0,0,0,0,0,7,0,0,2,2,100.0,0,0,0,0.0,0.0,0.0,0.0,,,2
74,20200101,20200131,5788642,花生活鲜花（花家花艺鲜花店）,鲜花组,广东省,深圳,否,20180907,在线,24.0,24.0,9498,110,1,1,1.16,0.91,1,1,298.0,155.0,143.0,0,0,0,0,0,0,0,0,0,1,0,0,1,0,0.0,0,0,0,0.0,0.0,0.0,0.0,,,0
75,20200101,20200131,5844824,花生活鲜花（有爱花坊）,鲜花组,云南省,丽江,否,20180928,在线,0.0,0.5,3298,44,1,0,1.33,2.27,1,0,0.0,0.0,0.0,0,0,0,0,0,0,0,0,0,0,0,0,0,0,0.0,0,0,0,0.0,0.0,0.0,0.0,,,2
76,20200101,20200131,5845622,花生活鲜花（达奇花艺）,鲜花组,山东省,济南,否,20181107,在线,24.0,24.0,6916,91,0,0,1.32,0.0,0,0,0.0,0.0,0.0,0,0,0,0,0,0,0,0,0,0,0,0,1,1,100.0,0,0,0,0.0,0.0,0.0,0.0,,,0
77,20200101,20200131,5860472,花生活鲜花（六月花坊）,鲜花组,浙江省,金华,否,20180921,在线,10.0,10.8,6206,81,0,0,1.31,0.0,0,0,0.0,0.0,0.0,0,0,0,0,0,0,0,0,0,0,0,0,2,1,50.0,0,0,0,0.0,0.0,0.0,0.0,,,0
78,20200101,20200131,5866954,花生活鲜花（俪缘花店）,鲜花组,山东省,青岛,否,20181008,在线,22.0,22.7,8951,99,2,0,1.11,2.02,1,0,0.0,0.0,0.0,1,1,0,0,0,0,0,0,0,0,0,0,0,0,0.0,0,0,0,0.0,0.0,0.0,0.0,,,0
79,20200101,20200131,5962302,花生活鲜花（众里寻Ta花舍）,鲜花组,甘肃省,兰州,否,20181024,在线,18.0,18.1,18877,334,10,7,1.77,2.99,9,9,4343.0,1161.09,3337.91,0,0,0,0,0,0,0,0,1,9,0,0,7,5,71.43,0,0,0,4.3,4.3,0.6,0.0,,,1
80,20200101,20200131,6012181,花生活鲜花（韦爵爷鲜花）,鲜花组,河北省,保定,否,20181025,在线,24.0,24.0,9816,90,0,0,0.92,0.0,0,0,0.0,0.0,0.0,0,0,0,0,0,0,0,0,0,0,0,0,0,0,0.0,0,0,0,0.0,0.0,0.0,0.0,,,0
81,20200101,20200131,6061744,花生活鲜花（花艺空间）,鲜花组,新疆维吾尔自治区,乌鲁木齐,否,20181114,在线,24.0,24.0,10154,88,0,0,0.87,0.0,0,0,0.0,0.0,0.0,0,0,0,0,0,0,0,0,0,0,0,0,0,0,0.0,0,0,0,0.0,0.0,0.0,0.0,,,0
82,20200101,20200131,6074581,有间花店,鲜花组,安徽省,黄山,否,20181031,在线,19.0,19.0,6619,144,0,0,2.18,0.0,0,0,0.0,0.0,0.0,0,0,0,0,0,0,0,0,0,0,0,0,1,1,100.0,1,0,0,0.0,0.0,0.0,0.0,,,0
83,20200101,20200131,6104153,花生活鲜花（花伴鲜花）,鲜花组,安徽省,滁州,否,20181125,在线,21.0,21.6,17997,176,2,0,0.98,1.14,0,0,0.0,0.0,0.0,0,0,0,0,0,0,0,0,0,0,0,0,0,0,0.0,0,0,0,0.0,0.0,0.0,0.0,,,1
84,20200101,20200131,6132769,花生活鲜花（艾洛芙花坊）,鲜花组,安徽省,合肥,否,20190702,在线,22.0,22.2,13152,272,10,7,2.07,3.68,10,10,1895.0,1258.0,910.0,0,0,0,0,0,0,0,0,0,10,0,0,5,5,100.0,2,0,0,2.4,2.4,2.4,0.0,,,0
85,20200101,20200131,6197578,花生活鲜花（翔远花艺）,鲜花组,安徽省,合肥,否,20181203,在线,19.0,19.8,4355,37,1,0,0.85,2.7,2,0,0.0,0.0,0.0,1,0,1,0,0,0,0,0,0,0,0,0,0,0,0.0,0,0,0,0.0,0.0,0.0,0.0,,,2
86,20200101,20200131,6236483,花生活鲜花（慰馨花艺馆）,鲜花组,重庆市,重庆,否,20190214,在线,17.0,17.6,4867,71,1,0,1.46,1.41,1,0,0.0,0.0,0.0,0,0,0,0,0,0,0,0,0,0,0,0,2,1,50.0,0,0,0,0.0,0.0,0.0,0.0,,,2
87,20200101,20200131,6305029,花生活鲜花（庆祝花卉）,鲜花组,北京市,北京,否,20181210,在线,18.0,18.6,6922,214,13,9,3.09,6.07,14,11,2653.0,1799.9,853.09,2,0,1,0,1,0,0,0,0,13,0,3,4,4,100.0,3,0,0,3.5,3.5,3.9,3.0,,,0
88,20200101,20200131,6355077,花生活鲜花（花述鲜花生活馆）,鲜花组,湖南省,株洲,否,20190827,在线,15.0,15.5,6607,93,2,1,1.41,2.15,2,1,369.0,122.0,286.0,1,0,1,0,0,0,0,0,0,1,0,0,2,0,0.0,0,0,0,0.0,0.0,0.0,0.0,,,0
89,20200101,20200131,6390095,花生活鲜花（倾城鲜花）,鲜花组,湖北省,襄阳,否,20181227,在线,24.0,24.0,13735,94,0,0,0.68,0.0,0,0,0.0,0.0,0.0,0,0,0,0,0,0,0,0,0,0,0,0,1,1,100.0,1,0,0,0.0,0.0,0.0,0.0,,,1
90,20200101,20200131,6395163,花生活鲜花（花海）,鲜花组,浙江省,杭州,否,20181225,在线,13.0,12.9,16097,610,49,45,3.79,8.03,54,49,17594.0,9787.01,9705.99,1,0,0,0,1,0,0,0,0,55,0,4,25,25,100.0,18,0,0,4.7,4.7,4.7,6.0,,,1
91,20200101,20200131,6405229,花生活鲜花（天缘花艺）,鲜花组,贵州省,遵义,否,20190719,在线,18.0,18.2,17565,126,2,1,0.72,1.59,1,1,245.0,112.0,172.0,0,0,0,0,0,0,0,0,0,2,0,0,0,0,0.0,0,0,0,0.0,0.0,0.0,0.0,,,1
92,20200101,20200131,6503029,花生活鲜花（漫漫鲜花坊）,鲜花组,宁夏回族自治区,银川,否,20190210,在线,24.0,24.0,7799,95,1,0,1.22,1.05,4,0,0.0,0.0,0.0,0,0,0,0,0,0,0,0,0,0,0,0,0,0,0.0,0,0,0,0.0,0.0,0.0,0.0,,,0
93,20200101,20200131,6507601,花生活鲜花（初见花艺馆）,鲜花组,福建省,福州,否,20190117,下线,0.0,0.0,1,0,0,0,0.0,0.0,0,0,0.0,0.0,0.0,0,0,0,0,0,0,0,0,0,0,0,0,0,0,0.0,0,0,0,0.0,0.0,0.0,0.0,,,2
94,20200101,20200131,6532043,花生活鲜花（东方花艺）,鲜花组,广西壮族自治区,柳州,否,20190125,在线,12.0,12.8,5447,98,2,0,1.8,2.04,2,0,0.0,0.0,0.0,0,0,0,0,0,0,0,0,0,2,0,0,1,0,0.0,0,0,0,0.0,0.0,0.0,0.0,,,2
95,20200101,20200131,6533841,花生活鲜花（花花世界兴庆区店）,鲜花组,宁夏回族自治区,银川,否,20190130,在线,17.0,17.8,2918,36,1,0,1.23,2.78,1,0,0.0,0.0,0.0,1,0,1,0,0,0,0,0,0,0,0,0,0,0,0.0,0,0,0,0.0,0.0,0.0,0.0,,,2
97,20200101,20200131,6579105,花生活鲜花（经典鲜花蛋糕）,鲜花组,吉林省,长春,否,20190403,在线,24.0,24.0,9308,103,0,0,1.11,0.0,0,0,0.0,0.0,0.0,0,0,0,0,0,0,0,0,0,0,0,0,1,1,100.0,1,0,0,0.0,0.0,0.0,0.0,,,0
98,20200101,20200131,6582771,花生活鲜花（七彩花艺坊）,鲜花组,辽宁省,营口,否,20190223,在线,24.0,24.0,22035,451,26,21,2.05,5.76,26,26,22742.02,2633.65,20771.37,0,0,0,0,0,0,0,0,0,26,0,0,6,6,100.0,5,0,0,4.2,4.2,4.2,0.0,,,1
99,20200101,20200131,6588555,花生活鲜花（梅婷花店）,鲜花组,福建省,厦门,否,20190305,在线,24.0,24.0,2832,34,1,0,1.2,2.94,1,0,0.0,0.0,0.0,1,0,1,0,0,0,0,0,0,0,0,0,0,0,0.0,0,0,0,0.0,0.0,0.0,0.0,,,2
100,20200101,20200131,6609908,花生活鲜花（唯爱花店）,鲜花组,安徽省,合肥,否,20190405,在线,18.0,18.5,2267,38,0,0,1.68,0.0,0,0,0.0,0.0,0.0,0,0,0,0,0,0,0,0,0,0,0,0,0,0,0.0,0,0,0,1.5,1.5,1.5,0.0,,,2
101,20200101,20200131,6626527,花生活鲜花（博雅鲜花店）,鲜花组,甘肃省,兰州,否,20190310,在线,23.0,23.7,12797,87,1,0,0.68,1.15,1,0,0.0,0.0,0.0,0,0,0,0,0,0,0,0,0,0,0,0,1,1,100.0,0,0,0,0.0,0.0,0.0,0.0,,,0
102,20200101,20200131,6704550,花生活鲜花（萌宠一花语）,鲜花组,安徽省,安庆,否,20190315,在线,24.0,24.0,15926,156,0,0,0.98,0.0,0,0,0.0,0.0,0.0,0,0,0,0,0,0,0,0,0,0,0,0,3,2,66.67,0,0,0,0.0,0.0,0.0,0.0,,,1
103,20200101,20200131,6729448,花生活鲜花（千百卉鲜花店）,鲜花组,贵州省,贵阳,否,20190322,在线,14.0,14.8,12453,493,36,34,3.96,7.3,37,35,9351.0,5140.02,5529.98,0,0,0,0,0,0,0,0,11,38,0,5,24,24,100.0,16,0,1,3.4,3.4,2.9,7.0,,,0
104,20200101,20200131,6769761,花生活鲜花（小野猫花艺）,鲜花组,贵州省,遵义,否,20190402,在线,24.0,24.0,21294,105,1,1,0.49,0.95,1,1,198.0,175.0,62.0,0,0,0,0,0,0,0,0,0,1,0,0,0,0,0.0,0,0,0,0.0,0.0,0.0,0.0,,,1
105,20200101,20200131,6773711,花生活鲜花（無用花艺）,鲜花组,贵州省,贵阳,否,20190411,在线,8.0,8.7,4366,105,7,5,2.4,6.67,10,10,7964.0,1215.19,7060.81,0,0,0,0,0,0,0,0,1,10,0,1,2,2,100.0,1,0,0,2.6,2.6,0.2,3.0,,,2
106,20200101,20200131,6773712,花生活鲜花（花之翼）,鲜花组,贵州省,贵阳,否,20190404,在线,19.0,19.2,11751,135,3,2,1.15,2.22,3,2,408.0,138.0,348.0,1,0,1,0,0,0,0,0,0,2,0,0,0,0,0.0,0,0,0,0.0,0.0,0.0,0.0,,,0
107,20200101,20200131,6773713,花生活鲜花（哈尔滨鲜花批发）,鲜花组,黑龙江省,哈尔滨,否,20190409,在线,10.0,10.8,3251,127,2,1,3.91,1.57,2,1,258.0,205.0,92.0,1,0,0,0,1,0,0,0,0,2,0,0,4,4,100.0,3,0,0,0.0,0.0,0.0,0.0,,,2
108,20200101,20200131,6773714,花生活鲜花（诚信花卉）,鲜花组,重庆市,重庆,否,20190422,在线,10.0,10.0,3742,107,4,3,2.86,3.74,4,3,1290.0,495.0,912.0,0,0,0,0,0,0,0,0,0,3,0,0,1,1,100.0,1,0,0,0.0,0.0,0.0,0.0,,,2
109,20200101,20200131,6773715,花生活鲜花（花城花艺）,鲜花组,河北省,廊坊,否,20190330,在线,17.0,17.7,5310,71,0,0,1.34,0.0,0,0,0.0,0.0,0.0,0,0,0,0,0,0,0,0,0,0,0,0,0,0,0.0,0,0,0,0.0,0.0,0.0,0.0,,,2
111,20200101,20200131,6773719,花生活鲜花（好百年婚庆）,鲜花组,湖南省,岳阳,否,20190424,在线,14.0,14.3,10041,191,3,2,1.9,1.57,4,3,484.0,418.0,183.0,0,0,0,0,0,0,0,0,0,6,0,0,2,2,100.0,0,0,0,0.0,0.0,0.0,0.0,,,0
112,20200101,20200131,6773720,花生活鲜花（花灵珑鲜花）,鲜花组,江苏省,镇江,否,20190404,在线,18.0,18.2,2822,31,1,1,1.1,3.23,1,1,298.0,130.0,195.0,0,0,0,0,0,0,0,0,0,1,0,0,1,1,100.0,1,0,0,0.0,0.0,0.0,0.0,,,2
113,20200101,20200131,6773722,花生活鲜花（名缘花卉）,鲜花组,安徽省,六安,否,20190404,在线,22.0,22.7,11221,86,1,0,0.77,1.16,1,0,0.0,0.0,0.0,0,0,0,0,0,0,0,0,0,0,0,0,0,0,0.0,0,0,0,0.0,0.0,0.0,0.0,,,0
114,20200101,20200131,6773725,花生活鲜花（荣浩千寻花艺）,鲜花组,陕西省,西安,否,20190426,在线,23.0,23.4,20038,154,1,0,0.77,0.65,1,0,0.0,0.0,0.0,0,0,0,0,0,0,0,0,0,1,0,0,2,1,50.0,0,0,0,2.7,2.7,2.7,0.0,,,1
115,20200101,20200131,6773727,花生活鲜花（水滴鲜花花艺）,鲜花组,山西省,太原,否,20190510,在线,18.0,18.1,11520,268,10,7,2.33,3.73,12,8,9488.0,1171.27,8506.73,0,0,0,0,0,0,0,0,0,10,0,0,4,1,25.0,0,0,0,0.7,0.7,0.7,0.0,,,0
116,20200101,20200131,6773784,花生活鲜花（缤纷花屋）,鲜花组,湖南省,株洲,否,20190423,在线,14.0,14.1,6366,211,7,5,3.31,3.32,6,6,1830.0,842.0,1215.0,0,0,0,0,0,0,0,0,0,6,0,0,2,1,50.0,0,0,0,0.0,0.0,0.0,0.0,,,0
117,20200101,20200131,6773938,花生活鲜花（玫瑰花坊）,鲜花组,重庆市,重庆,否,20190404,在线,18.0,18.3,11489,183,7,6,1.59,3.83,7,6,1553.0,1066.0,719.0,0,0,0,0,0,0,0,0,0,6,0,0,5,2,40.0,1,0,0,3.4,3.4,3.4,0.0,,,0
118,20200101,20200131,6773939,花生活鲜花（四季花苑）,鲜花组,浙江省,宁波,否,20190422,在线,18.0,18.5,8980,431,38,31,4.8,8.82,43,37,15880.0,6456.98,10709.82,1,0,1,0,0,0,0,0,0,38,0,0,17,11,64.71,3,2,1,4.2,4.2,4.2,0.0,,,0
120,20200101,20200131,6773941,花生活鲜花（百合馆鲜花店）,鲜花组,江苏省,淮安,否,20190409,在线,24.0,24.0,9615,74,0,0,0.77,0.0,0,0,0.0,0.0,0.0,0,0,0,0,0,0,0,0,0,0,0,0,2,2,100.0,0,0,0,0.0,0.0,0.0,0.0,,,0
121,20200101,20200131,6774016,花生活鲜花（婷雅花坊）,鲜花组,安徽省,马鞍山,否,20190329,在线,19.0,19.1,17379,610,51,43,3.51,8.36,49,47,19530.0,6732.07,14310.73,0,0,0,0,0,0,0,0,1,52,0,0,20,20,100.0,20,0,1,5.0,5.0,4.9,0.0,,,1
122,20200101,20200131,6774085,花开有时,鲜花组,新疆维吾尔自治区,乌鲁木齐,否,20190329,在线,8.0,8.5,3475,83,2,1,2.39,2.41,2,1,469.0,155.0,353.0,1,0,1,0,0,0,0,0,0,1,0,0,2,1,50.0,0,0,0,0.0,0.0,0.0,0.0,,,2
123,20200101,20200131,6826710,花生活鲜花（LOVE鲜花店）,鲜花组,河北省,廊坊,否,20190417,在线,16.0,16.9,4776,55,1,1,1.15,1.82,1,1,308.0,205.0,142.0,0,0,0,0,0,0,0,0,0,1,0,0,1,1,100.0,1,0,0,0.0,0.0,0.0,0.0,,,2
124,20200101,20200131,6826712,花生活鲜花（流星花园鲜花）,鲜花组,河北省,廊坊,否,20190423,在线,24.0,24.0,13818,534,14,5,3.86,2.62,12,8,4378.0,982.09,3590.91,0,0,0,0,0,0,0,0,0,10,0,0,5,4,80.0,0,0,0,4.6,4.6,3.7,0.0,,,1
125,20200101,20200131,6826772,花生活鲜花（倾城时光鲜花）,鲜花组,江西省,吉安,否,20190422,在线,22.0,22.4,17904,666,40,32,3.72,6.01,40,38,9323.0,4776.0,5910.0,1,0,0,0,1,0,0,0,0,42,0,0,22,21,95.45,9,0,0,5.0,5.0,5.0,0.0,,,1
126,20200101,20200131,6865867,花生活鲜花（花满屋）,鲜花组,安徽省,合肥,否,20190429,在线,24.0,24.0,6767,53,0,0,0.78,0.0,0,0,0.0,0.0,0.0,0,0,0,0,0,0,0,0,0,0,0,0,0,0,0.0,0,0,0,0.0,0.0,0.0,0.0,,,0
127,20200101,20200131,6881023,花生活鲜花（爱花行）,鲜花组,山东省,枣庄,否,20190415,在线,16.0,16.2,12235,217,4,0,1.77,1.84,4,4,1238.0,329.01,1025.99,0,0,0,0,0,0,0,0,0,5,0,0,2,2,100.0,1,0,0,2.6,2.6,2.4,0.0,,,0
128,20200101,20200131,6882162,花生活鲜花（七里香花艺）,鲜花组,四川省,遂宁,否,20190418,在线,12.0,12.9,7134,68,1,0,0.95,1.47,1,0,0.0,0.0,0.0,1,0,1,0,0,0,0,0,0,0,0,0,0,0,0.0,0,0,0,0.0,0.0,0.0,0.0,,,0
129,20200101,20200131,6882163,花生活鲜花（可可家鲜花）,鲜花组,河北省,石家庄,否,20190426,在线,12.0,12.1,3790,50,3,1,1.32,6.0,3,1,275.0,145.0,169.0,2,0,2,0,0,0,0,0,0,1,0,0,0,0,0.0,0,0,0,0.0,0.0,0.0,0.0,,,2
130,20200101,20200131,6882164,花生活鲜花（天蓉鲜花店）,鲜花组,浙江省,嘉兴,否,20190703,在线,24.0,24.0,13535,218,3,3,1.61,1.38,3,3,889.0,348.0,650.0,0,0,0,0,0,0,0,0,0,4,0,0,1,0,0.0,0,0,0,0.0,0.0,0.0,0.0,,,1
131,20200101,20200131,6882165,花生活鲜花（栋梁花卉）,鲜花组,河南省,开封,否,20190423,在线,24.0,24.0,11582,194,3,2,1.68,1.55,2,2,576.0,270.0,384.0,0,0,0,0,0,0,0,0,0,2,0,0,2,2,100.0,1,0,0,0.0,0.0,0.0,0.0,,,0
132,20200101,20200131,6928399,花生活鲜花（有间鲜花店）,鲜花组,宁夏回族自治区,银川,否,20190718,在线,24.0,24.0,12152,302,8,7,2.49,2.65,7,7,2132.0,1000.01,1404.99,0,0,0,0,0,0,0,0,0,7,0,0,6,4,66.67,1,0,0,0.0,0.0,0.0,0.0,,,0
133,20200101,20200131,6944778,花生活鲜花（伟爵爷仪嘉花艺馆）,鲜花组,山东省,烟台,否,20190919,在线,24.0,24.0,10544,124,2,0,1.18,1.61,1,0,0.0,0.0,0.0,0,0,0,0,0,0,0,0,0,1,0,0,0,0,0.0,0,0,0,0.0,0.0,0.0,0.0,,,0
134,20200101,20200131,6952198,花生活鲜花（韦爵爷花店）,鲜花组,湖北省,武汉,否,20190701,在线,18.0,18.3,4197,41,0,0,0.98,0.0,0,0,0.0,0.0,0.0,0,0,0,0,0,0,0,0,0,0,0,0,0,0,0.0,0,0,0,0.0,0.0,0.0,0.0,,,2
135,20200101,20200131,6956267,花生活鲜花（佳人婚庆店）,鲜花组,江苏省,常州,否,20190427,在线,19.0,19.2,5153,86,2,0,1.67,2.33,4,4,3007.0,225.09,2820.91,0,0,0,0,0,0,0,0,0,4,0,0,1,1,100.0,0,0,0,0.0,0.0,0.0,0.0,,,2
137,20200101,20200131,6968121,花生活鲜花（忆花谷）,鲜花组,上海市,上海,否,20190530,在线,0.0,0.0,724,11,0,0,1.52,0.0,0,0,0.0,0.0,0.0,0,0,0,0,0,0,0,0,0,0,0,0,0,0,0.0,0,0,0,0.0,0.0,0.0,0.0,,,2
138,20200101,20200131,6968235,花生活鲜花（奢漫花艺）,鲜花组,吉林省,长春,否,20190428,在线,16.0,16.7,7097,147,4,1,2.07,2.72,4,4,905.0,375.0,686.0,0,0,0,0,0,0,0,0,0,4,0,0,0,0,0.0,0,0,0,0.0,0.0,0.0,0.0,,,0
139,20200101,20200131,7004308,花生活鲜花（曼陀罗花开）,鲜花组,陕西省,宝鸡,否,20190514,在线,24.0,24.0,11813,89,1,0,0.75,1.12,1,0,0.0,0.0,0.0,1,0,0,0,1,0,0,0,0,1,0,0,1,0,0.0,0,0,0,0.0,0.0,0.0,0.0,,,0
140,20200101,20200131,7008016,花生活鲜花（千花坊鲜花店）,鲜花组,山东省,枣庄,否,20190609,在线,0.0,0.0,4549,48,0,0,1.06,0.0,0,0,0.0,0.0,0.0,0,0,0,0,0,0,0,0,0,0,0,0,0,0,0.0,0,0,0,0.0,0.0,0.0,0.0,,,2
141,20200101,20200131,7022271,花生活鲜花（心艺花店）,鲜花组,湖南省,长沙,否,20190514,在线,14.0,14.0,17747,481,13,9,2.71,2.7,13,10,3773.0,1284.02,2761.98,1,0,1,0,0,0,0,0,0,11,0,0,6,6,100.0,1,1,0,2.9,2.9,2.9,0.0,,,1
142,20200101,20200131,7022272,花香四季鲜花店,鲜花组,江苏省,连云港,否,20190514,下线,0.0,0.0,14,1,0,0,7.14,0.0,0,0,0.0,0.0,0.0,0,0,0,0,0,0,0,0,0,0,0,0,0,0,0.0,0,0,0,0.0,0.0,0.0,0.0,,,2
143,20200101,20200131,7022273,花生活鲜花（花漾flower鲜花店）,鲜花组,北京市,北京,否,20190508,在线,18.0,18.3,5153,120,10,9,2.33,8.33,11,8,1794.0,1470.0,756.0,2,1,1,0,0,0,0,0,0,10,0,0,2,0,0.0,0,0,0,0.0,0.0,0.0,0.0,,,2
144,20200101,20200131,7022274,花生活鲜花（唯爱花坊）,鲜花组,安徽省,合肥,否,20190509,在线,24.0,24.0,10059,225,0,0,2.24,0.0,0,0,0.0,0.0,0.0,0,0,0,0,0,0,0,0,0,0,0,0,1,1,100.0,0,0,0,0.0,0.0,0.0,0.0,,,0
145,20200101,20200131,7022275,花生活鲜花（太阳红花店）,鲜花组,四川省,资阳,否,20190518,在线,20.0,20.6,8564,179,14,5,2.09,7.82,14,10,6575.0,1567.0,5358.9,0,0,0,0,0,0,0,0,0,13,0,0,7,6,85.71,2,0,0,2.4,2.4,2.4,0.0,,,0
146,20200101,20200131,7022276,花生活鲜花（姐姐的花店）,鲜花组,江苏省,镇江,否,20190509,在线,19.0,19.2,6030,132,6,4,2.19,4.55,6,5,3718.0,630.09,3243.91,1,0,1,0,0,0,0,0,0,5,0,0,2,2,100.0,1,0,0,0.0,0.0,0.0,0.0,,,0
147,20200101,20200131,7022374,花生活鲜花（萍萍花店）,鲜花组,上海市,上海,否,20190510,在线,23.0,23.8,8873,216,18,9,2.43,8.33,24,21,1421.2,958.2,658.0,2,1,1,0,0,0,0,0,2,22,0,1,1,1,100.0,0,0,1,5.0,5.0,5.0,2.0,,,0
148,20200101,20200131,7022375,花生活鲜花（冉绘鲜花）,鲜花组,山西省,吕梁,否,20190514,在线,24.0,24.0,16788,334,5,4,1.99,1.5,4,4,1757.0,735.0,1178.0,0,0,0,0,0,0,0,0,0,4,0,0,4,2,50.0,0,0,0,0.0,0.0,0.0,0.0,,,1
149,20200101,20200131,7028637,花生活鲜花（鲜花批发）,鲜花组,黑龙江省,双鸭山,否,20190514,在线,24.0,24.0,18774,202,1,0,1.08,0.5,0,0,0.0,0.0,0.0,0,0,0,0,0,0,0,0,0,0,0,0,0,0,0.0,0,0,0,0.0,0.0,0.0,0.0,,,1
150,20200101,20200131,7063793,花生活鲜花（俪缘鲜花）,鲜花组,河北省,唐山,否,20190528,在线,17.0,17.9,6814,142,3,0,2.08,2.11,3,0,0.0,0.0,0.0,0,0,0,0,0,0,0,0,0,0,0,0,2,2,100.0,1,0,0,0.0,0.0,0.0,0.0,,,0
152,20200101,20200131,7094045,花生活鲜花（铭相花缘）,鲜花组,上海市,上海,否,20190521,在线,16.0,15.8,7946,216,13,10,2.72,6.02,13,11,2909.0,1932.0,1367.0,1,0,1,0,0,0,0,0,5,14,1,2,3,3,100.0,0,0,1,3.3,3.3,0.0,5.0,,,0
153,20200101,20200131,7160078,花生活鲜花（绿家园艺）,鲜花组,福建省,厦门,否,20190530,在线,10.0,10.6,989,28,2,1,2.83,7.14,2,1,295.0,115.0,219.0,1,1,0,0,0,0,0,0,0,1,0,0,0,0,0.0,0,0,0,0.0,0.0,0.0,0.0,,,2
154,20200101,20200131,7166109,花生活鲜花（花研巧遇）,鲜花组,安徽省,合肥,否,20190612,在线,21.0,21.7,18083,485,7,2,2.68,1.44,6,2,656.0,530.0,204.0,3,3,0,0,0,0,0,0,0,2,0,0,4,3,75.0,1,0,0,0.0,0.0,0.0,0.0,,,1
155,20200101,20200131,7166110,花生活鲜花（花香鲜花店）,鲜花组,四川省,泸州,否,20190623,在线,13.0,13.9,7130,191,6,4,2.68,3.14,4,4,702.0,600.0,258.0,0,0,0,0,0,0,0,0,0,4,0,0,3,3,100.0,2,0,0,2.1,2.1,2.1,0.0,,,0
156,20200101,20200131,7166112,花生活鲜花（蒂留香花艺）,鲜花组,安徽省,六安,否,20190610,在线,24.0,24.0,8911,59,0,0,0.66,0.0,0,0,0.0,0.0,0.0,0,0,0,0,0,0,0,0,0,0,0,0,0,0,0.0,0,0,0,0.0,0.0,0.0,0.0,,,0
157,20200101,20200131,7166113,花生活鲜花（浪漫鲜花坊）,鲜花组,山东省,德州,否,20190611,在线,24.0,24.0,14556,117,1,0,0.8,0.85,2,0,0.0,0.0,0.0,0,0,0,0,0,0,0,0,0,0,0,0,1,0,0.0,0,0,0,0.0,0.0,0.0,0.0,,,1
158,20200101,20200131,7166115,花生活鲜花（彩阳花艺）,鲜花组,内蒙古自治区,巴彦淖尔,否,20190611,在线,0.0,0.0,3901,30,0,0,0.77,0.0,0,0,0.0,0.0,0.0,0,0,0,0,0,0,0,0,0,0,0,0,0,0,0.0,0,0,0,0.0,0.0,0.0,0.0,,,2
159,20200101,20200131,7166116,花生活鲜花（韦爵爷花艺坊）,鲜花组,安徽省,合肥,否,20190601,在线,24.0,24.0,5780,52,1,0,0.9,1.92,1,0,0.0,0.0,0.0,1,0,1,0,0,0,0,0,0,0,0,0,0,0,0.0,0,0,0,0.0,0.0,0.0,0.0,,,2
160,20200101,20200131,7166262,花生活鲜花（郁金香花店）,鲜花组,四川省,成都,否,20190531,下线,0.0,0.0,12,1,0,0,8.33,0.0,0,0,0.0,0.0,0.0,0,0,0,0,0,0,0,0,0,0,0,0,0,0,0.0,0,0,0,0.0,0.0,0.0,0.0,,,2
161,20200101,20200131,7166264,花生活鲜花（花开相爱）,鲜花组,安徽省,合肥,否,20190528,在线,24.0,24.0,19701,171,4,1,0.87,2.34,3,3,304.0,141.0,241.0,0,0,0,0,0,0,0,0,0,3,0,0,2,2,100.0,0,0,0,2.4,2.4,2.4,0.0,,,1
162,20200101,20200131,7194721,花生活鲜花（四季春花艺美学馆）,鲜花组,云南省,丽江,否,20190614,在线,24.0,24.0,15354,460,23,11,3.0,5.0,24,11,3543.0,2141.0,1826.0,0,0,0,0,0,0,0,0,0,12,0,0,4,3,75.0,1,0,0,0.0,0.0,0.0,0.0,,,1
163,20200101,20200131,7196730,友缘鲜花,鲜花组,云南省,曲靖,否,20190614,在线,13.0,12.5,2562,15,0,0,0.59,0.0,0,0,0.0,0.0,0.0,0,0,0,0,0,0,0,0,0,0,0,0,0,0,0.0,0,0,0,0.0,0.0,0.0,0.0,,,2
164,20200101,20200131,7207842,花生活鲜花（兰草缘花坊鲜花）,鲜花组,安徽省,合肥,否,20190619,在线,17.0,17.8,9770,134,7,2,1.37,5.22,9,9,9369.0,856.27,8738.73,0,0,0,0,0,0,0,0,0,11,0,0,1,0,0.0,0,0,0,3.1,3.1,3.1,0.0,,,0
165,20200101,20200131,7207843,花生活鲜花（花殿鲜花店）,鲜花组,内蒙古自治区,呼伦贝尔,否,20190603,在线,21.0,21.4,16485,300,6,2,1.82,2.0,4,2,483.0,305.0,251.0,2,2,0,0,0,0,0,0,0,2,0,0,3,3,100.0,1,0,0,0.0,0.0,0.0,0.0,,,1
166,20200101,20200131,7207845,花生活鲜花（花言巧语花艺坊）,鲜花组,福建省,南平,否,20190603,在线,15.0,15.9,7416,257,10,8,3.47,3.89,10,8,2345.0,1364.0,1286.0,2,2,0,0,0,0,0,0,0,9,0,0,6,6,100.0,2,0,0,0.0,0.0,0.0,0.0,,,0
167,20200101,20200131,7207846,花生活鲜花（极乐莲华鲜花）,鲜花组,浙江省,杭州,否,20190604,在线,6.0,6.3,6720,238,16,15,3.54,6.72,16,16,4384.0,2990.0,1979.0,0,0,0,0,0,0,0,0,0,18,0,0,10,10,100.0,0,0,0,3.1,3.1,0.0,0.0,,,0
168,20200101,20200131,7207847,花生活鲜花（花匠花艺）,鲜花组,福建省,泉州,否,20190708,在线,20.0,20.8,3885,85,3,1,2.19,3.53,3,2,428.0,273.0,233.0,1,1,0,0,0,0,0,0,0,2,0,0,1,0,0.0,0,0,0,0.0,0.0,0.0,0.0,,,2
169,20200101,20200131,7207848,花生活鲜花（原色花店）,鲜花组,四川省,南充,否,20190621,在线,19.0,19.4,11036,155,8,6,1.4,5.16,8,8,6567.0,592.18,6130.82,0,0,0,0,0,0,0,0,0,8,0,0,0,0,0.0,0,0,0,3.7,3.7,3.7,0.0,,,0
170,20200101,20200131,7207850,花生活鲜花（尚花坊）,鲜花组,安徽省,亳州,否,20190604,在线,24.0,24.0,21789,396,8,5,1.82,2.02,7,6,1988.0,1350.0,868.0,0,0,0,0,0,0,0,0,0,7,0,0,3,2,66.67,0,0,0,0.0,0.0,0.0,0.0,,,1
171,20200101,20200131,7207851,花生活鲜花（龙兴花艺）,鲜花组,福建省,龙岩,否,20190603,在线,20.0,19.5,15261,669,64,45,4.38,9.57,59,58,36050.0,6684.71,30993.19,0,0,0,0,0,0,0,0,0,65,0,0,16,15,93.75,6,0,0,5.0,5.0,5.0,0.0,,,1
172,20200101,20200131,7264470,花生活鲜花（栖梧花店）,鲜花组,福建省,厦门,否,20190612,在线,24.0,24.0,3048,29,0,0,0.95,0.0,0,0,0.0,0.0,0.0,0,0,0,0,0,0,0,0,0,0,0,0,2,0,0.0,0,0,0,0.0,0.0,0.0,0.0,,,2
173,20200101,20200131,7264472,花生活鲜花（花朝鲜花店）,鲜花组,安徽省,合肥,否,20190613,在线,7.0,7.6,14403,389,6,2,2.7,1.54,4,2,593.0,308.0,363.0,2,1,1,0,0,0,0,0,0,2,0,0,1,1,100.0,0,0,0,0.0,0.0,0.0,0.0,,,1
174,20200101,20200131,7264474,花生活鲜花（密语花坊）,鲜花组,上海市,上海,否,20190613,在线,24.0,24.0,7167,95,1,1,1.33,1.05,1,1,627.0,118.01,547.99,0,0,0,0,0,0,0,0,0,1,0,0,1,1,100.0,0,0,0,0.0,0.0,0.0,0.0,,,0
175,20200101,20200131,7264476,花生活鲜花（花芝鲜花馆）,鲜花组,广东省,湛江,否,20190612,在线,9.0,9.7,7587,286,14,11,3.77,4.9,14,12,3063.0,1446.0,2046.0,0,0,0,0,0,0,0,0,0,15,0,0,6,6,100.0,3,0,0,5.0,5.0,5.0,0.0,,,0
176,20200101,20200131,7264477,花生活鲜花（佳仪鲜花婚庆）,鲜花组,黑龙江省,哈尔滨,否,20190702,在线,18.0,18.9,6579,134,3,3,2.04,2.24,3,3,652.0,366.0,364.0,0,0,0,0,0,0,0,0,0,3,0,0,5,4,80.0,0,0,0,1.3,1.3,1.3,0.0,,,0
177,20200101,20200131,7280704,花生活鲜花（槿妍花舍）,鲜花组,四川省,泸州,否,20190918,在线,18.0,18.8,8126,70,2,2,0.86,2.86,2,2,513.0,247.0,344.0,0,0,0,0,0,0,0,0,0,2,0,0,0,0,0.0,0,0,0,0.0,0.0,0.0,0.0,,,0
178,20200101,20200131,7310176,花生活鲜花（新罗区石斛花坊）,鲜花组,福建省,龙岩,否,20190719,在线,23.0,23.5,15444,172,0,0,1.11,0.0,0,0,0.0,0.0,0.0,0,0,0,0,0,0,0,0,0,0,0,0,0,0,0.0,0,0,0,0.0,0.0,0.0,0.0,,,1
180,20200101,20200131,7311299,花生活鲜花（筱月鲜花店）,鲜花组,安徽省,合肥,否,20190624,在线,10.0,10.8,1412,29,1,0,2.05,3.45,1,1,170.0,68.0,141.0,0,0,0,0,0,0,0,0,0,1,0,0,1,1,100.0,0,0,0,0.0,0.0,0.0,0.0,,,2
181,20200101,20200131,7317971,花生活鲜花（如意花坊银川店店）,鲜花组,宁夏回族自治区,银川,否,20190708,在线,24.0,24.0,7557,80,2,1,1.06,2.5,2,1,168.0,145.0,62.0,0,0,0,0,0,0,0,0,0,2,0,0,2,0,0.0,0,0,0,0.0,0.0,0.0,0.0,,,0
182,20200101,20200131,7317972,花生活鲜花（知音花艺）,鲜花组,浙江省,金华,否,20190628,在线,11.0,11.2,4609,152,28,22,3.3,18.42,28,28,31545.0,3257.82,28989.08,0,0,0,0,0,0,0,0,0,29,0,0,5,5,100.0,3,0,0,4.5,4.5,4.1,0.0,,,2
183,20200101,20200131,7318032,花生活鲜花（朵美鲜花）,鲜花组,辽宁省,辽阳,否,20190704,在线,22.0,22.0,11971,179,3,2,1.5,1.68,3,3,2439.0,289.08,2188.92,0,0,0,0,0,0,0,0,0,3,0,0,4,4,100.0,0,0,0,0.0,0.0,0.0,0.0,,,0
184,20200101,20200131,7331152,洋洋花语屋,鲜花组,四川省,眉山,否,20190806,在线,13.0,13.5,1045,13,1,1,1.24,7.69,1,1,160.0,160.0,0.0,0,0,0,0,0,0,0,0,0,1,0,0,0,0,0.0,0,0,0,0.0,0.0,0.0,0.0,,,2
185,20200101,20200131,7349050,花生活鲜花（馨灵花屋）,鲜花组,福建省,南平,否,20190718,在线,11.0,11.6,4552,153,0,0,3.36,0.0,0,0,0.0,0.0,0.0,0,0,0,0,0,0,0,0,0,0,0,0,0,0,0.0,0,0,0,0.0,0.0,0.0,0.0,,,2
186,20200101,20200131,7349051,花生活鲜花（花聚花艺馆）,鲜花组,安徽省,合肥,否,20190702,在线,19.0,19.8,5993,122,5,3,2.04,4.1,5,4,1174.0,607.0,723.0,0,0,0,0,0,0,0,0,0,4,0,0,3,3,100.0,1,0,0,0.0,0.0,0.0,0.0,,,0
187,20200101,20200131,7349052,花生活鲜花（赢聚花行）,鲜花组,上海市,上海,否,20190627,在线,16.0,16.6,2803,36,1,0,1.28,2.78,1,0,0.0,0.0,0.0,1,0,0,0,1,0,0,0,0,1,0,0,0,0,0.0,0,0,0,0.0,0.0,0.0,0.0,,,2
188,20200101,20200131,7349060,花生活鲜花（饰美鲜花）,鲜花组,天津市,天津,否,20190724,在线,17.0,17.5,2582,32,0,0,1.24,0.0,0,0,0.0,0.0,0.0,0,0,0,0,0,0,0,0,0,0,0,0,0,0,0.0,0,0,0,0.0,0.0,0.0,0.0,,,2
189,20200101,20200131,7349110,花生活鲜花（芳香花艺馆）,鲜花组,安徽省,合肥,否,20190806,在线,22.0,22.2,7964,118,6,6,1.48,5.08,6,6,1601.0,740.0,1095.0,0,0,0,0,0,0,0,0,0,6,0,0,2,2,100.0,0,0,0,0.0,0.0,0.0,0.0,,,0
191,20200101,20200131,7392799,花生活鲜花（幸福花店遵义店）,鲜花组,贵州省,遵义,否,20190711,在线,9.0,9.4,9309,32,0,0,0.34,0.0,0,0,0.0,0.0,0.0,0,0,0,0,0,0,0,0,0,0,0,0,0,0,0.0,0,0,0,0.0,0.0,0.0,0.0,,,0
192,20200101,20200131,7392893,花生活鲜花（百花轩）,鲜花组,甘肃省,兰州,否,20190725,在线,20.0,20.5,7405,389,3,1,5.25,0.77,2,1,138.0,115.0,62.0,1,1,0,0,0,0,0,0,0,2,0,0,4,1,25.0,0,1,0,0.0,0.0,0.0,0.0,,,0
193,20200101,20200131,7392896,花生活鲜花（花之物语花店）,鲜花组,江西省,南昌,否,20190705,在线,24.0,24.0,6155,49,0,0,0.8,0.0,0,0,0.0,0.0,0.0,0,0,0,0,0,0,0,0,0,0,0,0,1,0,0.0,0,0,0,0.0,0.0,0.0,0.0,,,0
194,20200101,20200131,7392897,花生活鲜花（阿紫鲜花店）,鲜花组,天津市,天津,否,20190708,在线,24.0,24.0,9521,93,0,0,0.98,0.0,0,0,0.0,0.0,0.0,0,0,0,0,0,0,0,0,0,0,0,0,2,1,50.0,0,0,0,0.0,0.0,0.0,0.0,,,0
195,20200101,20200131,7392899,花生活鲜花（花房姑娘鲜花店）,鲜花组,江西省,九江,否,20190723,在线,24.0,24.0,5272,44,0,0,0.83,0.0,0,0,0.0,0.0,0.0,0,0,0,0,0,0,0,0,0,0,0,0,0,0,0.0,0,0,0,0.0,0.0,0.0,0.0,,,2
196,20200101,20200131,7392900,花生活鲜花（如意花坊济南店）,鲜花组,山东省,莱芜,否,20190718,在线,20.0,20.4,22017,272,1,0,1.24,0.37,2,0,0.0,0.0,0.0,2,2,0,0,0,0,0,0,0,0,0,0,1,1,100.0,1,0,0,0.0,0.0,0.0,0.0,,,1
197,20200101,20200131,7392901,花生活鲜花（挚爱一生鲜花店）,鲜花组,福建省,宁德,否,20190724,在线,24.0,24.0,17336,477,3,3,2.75,0.63,6,4,1122.0,943.0,335.0,0,0,0,0,0,0,0,0,0,4,0,0,2,2,100.0,1,0,0,0.0,0.0,0.0,0.0,,,1
198,20200101,20200131,7392902,花生活鲜花（花先生鲜花店）,鲜花组,浙江省,绍兴,否,20190719,在线,19.0,19.7,10770,126,1,0,1.17,0.79,1,0,0.0,0.0,0.0,1,0,1,0,0,0,0,0,0,0,0,0,3,1,33.33,1,0,0,0.0,0.0,0.0,0.0,,,0
199,20200101,20200131,7392906,花生活鲜花（云槿花艺）,鲜花组,江苏省,无锡,否,20190708,在线,11.0,11.2,14316,480,20,13,3.35,4.17,23,22,21033.0,2871.61,18785.39,0,0,0,0,0,0,0,0,0,26,0,0,10,10,100.0,8,1,0,4.6,4.6,2.3,0.0,,,1
200,20200101,20200131,7392907,花生活鲜花（玫瑰园鲜花）,鲜花组,陕西省,渭南,否,20190719,在线,17.0,17.5,11873,172,3,1,1.45,1.74,3,1,245.0,112.0,172.0,0,0,0,0,0,0,0,0,0,1,0,0,3,1,33.33,0,0,0,0.0,0.0,0.0,0.0,,,0
201,20200101,20200131,7398752,花生活鲜花（花间鲜花）,鲜花组,上海市,上海,否,20190723,在线,8.0,8.0,6127,168,13,6,2.74,7.74,13,11,2574.0,1554.0,1371.0,0,0,0,0,0,0,0,0,0,12,0,3,2,1,50.0,0,0,0,0.0,0.0,0.0,2.0,,,0
202,20200101,20200131,7427902,花生活鲜花（同心花艺）,鲜花组,贵州省,遵义,否,20190712,在线,24.0,24.0,12842,50,0,0,0.39,0.0,0,0,0.0,0.0,0.0,0,0,0,0,0,0,0,0,0,0,0,0,0,0,0.0,0,0,0,0.0,0.0,0.0,0.0,,,0
203,20200101,20200131,7427904,花生活鲜花（我在等你）,鲜花组,江西省,鹰潭,否,20190723,在线,18.0,18.9,11663,249,3,0,2.13,1.2,3,2,408.0,144.0,342.0,0,0,0,0,0,0,0,0,0,2,0,0,2,2,100.0,0,0,0,0.0,0.0,0.0,0.0,,,0
204,20200101,20200131,7427905,花生活鲜花（KaMan）,鲜花组,上海市,上海,否,20190713,下线,0.0,0.0,3,0,0,0,0.0,0.0,0,0,0.0,0.0,0.0,0,0,0,0,0,0,0,0,0,0,0,0,0,0,0.0,0,0,0,0.0,0.0,0.0,0.0,,,2
205,20200101,20200131,7427906,阳光花艺,鲜花组,上海市,上海,否,20190723,下线,0.0,0.0,11,1,0,0,9.09,0.0,0,0,0.0,0.0,0.0,0,0,0,0,0,0,0,0,0,0,0,0,0,0,0.0,0,0,0,0.0,0.0,0.0,0.0,,,2
206,20200101,20200131,7428704,花生活鲜花（水晶之恋花坊）,鲜花组,宁夏回族自治区,中卫,否,20190723,在线,13.0,13.0,6933,149,2,1,2.15,1.34,2,1,489.0,152.0,376.0,1,0,1,0,0,0,0,0,0,1,0,0,5,4,80.0,0,0,0,0.0,0.0,0.0,0.0,,,0
207,20200101,20200131,7429078,花生活鲜花（印象花坊）,鲜花组,福建省,宁德,否,20190724,在线,16.0,16.4,8602,157,4,1,1.83,2.55,3,2,512.0,339.0,212.0,0,0,0,0,0,0,0,0,0,3,0,0,2,2,100.0,0,0,0,0.0,0.0,0.0,0.0,,,0
208,20200101,20200131,7475288,花生活鲜花（幸福之花）,鲜花组,陕西省,西安,否,20190718,在线,18.0,18.2,3939,53,1,0,1.35,1.89,1,0,0.0,0.0,0.0,1,0,1,0,0,0,0,0,0,0,0,0,0,0,0.0,0,0,0,0.0,0.0,0.0,0.0,,,2
209,20200101,20200131,7475289,花生活鲜花（花艺人）,鲜花组,湖北省,十堰,否,20190803,下线,0.0,0.0,14,0,0,0,0.0,0.0,0,0,0.0,0.0,0.0,0,0,0,0,0,0,0,0,0,0,0,0,0,0,0.0,0,0,0,0.0,0.0,0.0,0.0,,,2
210,20200101,20200131,7475291,花生活鲜花（御花园）,鲜花组,贵州省,遵义,否,20190717,在线,10.0,10.9,2714,34,1,0,1.25,2.94,1,0,0.0,0.0,0.0,1,0,1,0,0,0,0,0,0,0,0,0,1,1,100.0,0,0,0,0.0,0.0,0.0,0.0,,,2
211,20200101,20200131,7475292,花生活鲜花（馨语花屋）,鲜花组,贵州省,遵义,否,20190719,在线,16.0,15.9,12788,524,32,25,4.1,6.11,35,32,8806.0,4739.01,5247.99,1,1,0,0,0,0,0,0,0,33,0,0,14,11,78.57,4,1,0,2.7,2.7,3.1,0.0,,,0
212,20200101,20200131,7475293,花生活鲜花（520忆花坊）,鲜花组,贵州省,遵义,否,20190719,在线,23.0,23.1,17035,131,4,3,0.77,3.05,4,4,5355.0,335.18,5097.82,0,0,0,0,0,0,0,0,0,4,0,0,0,0,0.0,0,0,0,1.6,1.6,1.6,0.0,,,1
213,20200101,20200131,7475294,花生活鲜花（苔米花艺）,鲜花组,山东省,烟台,否,20190723,在线,24.0,24.0,13465,189,0,0,1.4,0.0,0,0,0.0,0.0,0.0,0,0,0,0,0,0,0,0,0,0,0,0,1,0,0.0,0,0,0,0.0,0.0,0.0,0.0,,,1
214,20200101,20200131,7475297,花生活鲜花（锦卉花艺）,鲜花组,上海市,上海,否,20190719,在线,24.0,24.0,7823,44,1,0,0.56,2.27,0,0,0.0,0.0,0.0,0,0,0,0,0,0,0,0,0,0,0,0,1,1,100.0,1,0,0,0.0,0.0,0.0,0.0,,,0
215,20200101,20200131,7475298,花生活鲜花（香阁丽娜）,鲜花组,贵州省,遵义,否,20190723,在线,12.0,12.0,13903,423,13,11,3.04,3.07,12,11,2838.0,1569.0,1698.0,0,0,0,0,0,0,0,0,0,11,0,0,2,2,100.0,2,0,0,0.5,0.5,0.8,0.0,,,1
216,20200101,20200131,7475299,花生活鲜花（宇欣花店）,鲜花组,安徽省,合肥,否,20190724,在线,8.0,8.1,2231,31,1,0,1.39,3.23,1,1,275.0,17.01,257.99,0,0,0,0,0,0,0,0,0,1,0,0,2,2,100.0,0,0,0,0.0,0.0,0.0,0.0,,,2
217,20200101,20200131,7475300,花生活鲜花（花缘花店）,鲜花组,广东省,东莞,否,20190726,在线,11.0,11.4,4934,111,10,8,2.25,9.01,10,10,7105.0,1232.18,6223.82,0,0,0,0,0,0,0,0,0,11,0,1,1,1,100.0,0,0,0,2.6,2.6,2.6,1.0,,,2
218,20200101,20200131,7475402,花生活鲜花（百合花坊）,鲜花组,宁夏回族自治区,中卫,否,20190730,在线,22.0,22.8,17802,725,5,3,4.07,0.69,5,3,840.0,355.0,602.0,0,0,0,0,0,0,0,0,0,4,0,0,3,3,100.0,2,0,0,0.0,0.0,0.0,0.0,,,1
219,20200101,20200131,7514878,花生活鲜花（裕发花缘）,鲜花组,福建省,厦门,否,20190724,在线,0.0,0.0,1106,10,0,0,0.9,0.0,0,0,0.0,0.0,0.0,0,0,0,0,0,0,0,0,0,0,0,0,0,0,0.0,0,0,0,0.0,0.0,0.0,0.0,,,2
220,20200101,20200131,7514879,花生活鲜花（艺轩鲜花）,鲜花组,福建省,泉州,否,20190802,在线,24.0,24.0,8945,110,4,4,1.23,3.64,4,3,1052.0,590.01,643.99,1,0,0,0,1,0,0,0,0,4,0,0,3,2,66.67,0,0,0,0.0,0.0,0.0,0.0,,,0
221,20200101,20200131,7514880,花生活鲜花（小姐姐花店）,鲜花组,安徽省,安庆,否,20190725,在线,10.0,10.1,5359,147,5,3,2.74,3.4,5,3,808.0,488.0,429.0,0,0,0,0,0,0,0,0,0,3,0,0,4,4,100.0,0,0,0,0.0,0.0,0.0,0.0,,,2
222,20200101,20200131,7514881,花生活鲜花（小简花艺工作室）,鲜花组,浙江省,绍兴,否,20190726,在线,18.0,18.0,19720,169,2,1,0.86,1.18,2,1,318.0,152.0,205.0,1,0,0,0,1,0,0,0,0,3,0,0,0,0,0.0,0,0,0,0.0,0.0,0.0,0.0,,,1
224,20200101,20200131,7514884,花生活鲜花（启缘花店）,鲜花组,江苏省,镇江,否,20190726,在线,24.0,24.0,9575,125,3,2,1.31,2.4,3,3,1738.0,543.01,1311.99,0,0,0,0,0,0,0,0,0,3,0,0,3,0,0.0,0,0,0,0.0,0.0,0.0,0.0,,,0
225,20200101,20200131,7514885,花生活鲜花（七七花艺）,鲜花组,福建省,厦门,否,20190724,下线,0.0,0.0,6,0,0,0,0.0,0.0,0,0,0.0,0.0,0.0,0,0,0,0,0,0,0,0,0,0,0,0,0,0,0.0,0,0,0,0.0,0.0,0.0,0.0,,,2
226,20200101,20200131,7514886,花生活鲜花（七彩花卉）,鲜花组,湖北省,黄冈,否,20190725,在线,9.0,9.5,4648,134,3,2,2.88,2.24,3,3,483.0,247.0,314.0,0,0,0,0,0,0,0,0,0,3,0,0,2,2,100.0,0,0,0,0.0,0.0,0.0,0.0,,,2
227,20200101,20200131,7514887,花生活鲜花（平价鲜花坊）,鲜花组,贵州省,安顺,否,20190725,在线,18.0,18.6,6537,180,5,1,2.75,2.78,3,1,275.0,125.0,189.0,1,1,0,0,0,0,0,0,0,3,0,0,2,0,0.0,0,0,0,0.0,0.0,0.0,0.0,,,0
228,20200101,20200131,7514888,花生活鲜花（名媛花兿）,鲜花组,重庆市,重庆,否,20190725,在线,0.0,0.0,260,0,0,0,0.0,0.0,0,0,0.0,0.0,0.0,0,0,0,0,0,0,0,0,0,0,0,0,0,0,0.0,0,0,0,0.0,0.0,0.0,0.0,,,2
229,20200101,20200131,7514889,花生活鲜花（米粒鲜花之家）,鲜花组,四川省,泸州,否,20190724,在线,24.0,24.0,10692,94,1,1,0.88,1.06,1,1,245.0,112.0,172.0,0,0,0,0,0,0,0,0,0,1,0,0,1,1,100.0,0,0,0,1.9,1.9,1.9,0.0,,,0
230,20200101,20200131,7514890,花生活鲜花（金蔷薇时尚花艺）,鲜花组,湖北省,襄阳,否,20190724,在线,24.0,24.0,13815,287,5,2,2.08,1.74,5,2,536.0,227.0,387.0,0,0,0,0,0,0,0,0,0,4,0,0,4,2,50.0,1,0,0,0.0,0.0,0.0,0.0,,,1
231,20200101,20200131,7514891,花生活鲜花（花之恋花卉）,鲜花组,广东省,珠海,否,20190805,在线,13.0,13.4,10483,130,2,0,1.24,1.54,3,0,0.0,0.0,0.0,2,1,1,0,0,0,0,0,0,0,0,0,3,3,100.0,0,0,0,0.0,0.0,0.0,0.0,,,0
232,20200101,20200131,7514892,花生活鲜花（花缘轩）,鲜花组,福建省,厦门,否,20190727,在线,17.0,17.7,3678,96,4,2,2.61,4.17,4,2,603.0,334.0,347.0,2,2,0,0,0,0,0,0,0,3,0,0,3,3,100.0,0,0,0,0.0,0.0,0.0,0.0,,,2
233,20200101,20200131,7514896,花生活鲜花（爱尚花艺）,鲜花组,贵州省,安顺,否,20190725,在线,24.0,24.0,7453,154,0,0,2.07,0.0,0,0,0.0,0.0,0.0,0,0,0,0,0,0,0,0,0,0,0,0,3,0,0.0,0,0,0,0.0,0.0,0.0,0.0,,,0
235,20200101,20200131,7515288,花生活鲜花（绿如蓝花店）,鲜花组,四川省,达州,否,20190803,在线,24.0,24.0,12318,95,1,1,0.77,1.05,1,1,128.0,99.0,62.0,0,0,0,0,0,0,0,0,0,1,0,0,0,0,0.0,0,0,0,0.0,0.0,0.0,0.0,,,0
236,20200101,20200131,7545487,花生活鲜花（雨辉花店）,鲜花组,福建省,福州,否,20190730,在线,22.0,22.3,6630,135,12,9,2.04,8.89,12,12,2758.0,1011.0,2129.0,0,0,0,0,0,0,0,0,0,13,0,0,3,3,100.0,3,0,0,1.8,1.8,1.8,0.0,,,0
237,20200101,20200131,7545488,花生活鲜花（海天花艺）,鲜花组,陕西省,咸阳,否,20190801,在线,5.0,5.0,4204,123,0,0,2.93,0.0,0,0,0.0,0.0,0.0,0,0,0,0,0,0,0,0,0,0,0,0,1,1,100.0,0,0,0,0.0,0.0,0.0,0.0,,,2
238,20200101,20200131,7545489,花生活鲜花（花草堂鲜花店）,鲜花组,宁夏回族自治区,银川,否,20190731,在线,21.0,20.9,7072,142,4,2,2.01,2.82,4,3,818.0,454.0,481.0,1,1,0,0,0,0,0,0,0,3,0,0,1,1,100.0,0,0,0,0.0,0.0,0.0,0.0,,,0
239,20200101,20200131,7545490,花生活鲜花（尚品花艺）,鲜花组,湖南省,郴州,否,20190801,在线,12.0,11.5,7308,284,5,2,3.89,1.76,3,3,735.0,355.0,497.0,0,0,0,0,0,0,0,0,0,3,0,0,4,3,75.0,0,0,0,0.0,0.0,0.0,0.0,,,0
240,20200101,20200131,7545492,花生活鲜花（湛江畅通鲜花）,鲜花组,广东省,湛江,否,20190805,在线,16.0,16.9,12062,242,5,2,2.01,2.07,5,2,768.0,307.0,539.0,0,0,0,0,0,0,0,0,0,5,0,0,11,10,90.91,4,0,0,2.7,2.7,2.7,0.0,,,0
241,20200101,20200131,7545494,花生活鲜花（柒色花艺馆）,鲜花组,广西壮族自治区,柳州,否,20190730,在线,17.0,17.0,6247,76,1,1,1.22,1.32,1,1,168.0,145.0,62.0,0,0,0,0,0,0,0,0,0,1,0,0,1,1,100.0,1,0,0,0.0,0.0,0.0,0.0,,,0
242,20200101,20200131,7546953,花生活鲜花（爱琴海鲜花店）,鲜花组,广东省,湛江,否,20191009,在线,17.0,17.7,8328,163,4,3,1.96,2.45,4,2,572.0,379.0,406.0,0,0,0,0,0,0,0,0,0,4,0,0,3,1,33.33,0,1,0,0.9,0.9,1.0,0.0,,,0
243,20200101,20200131,7622475,花生活鲜花（爱花人）,鲜花组,上海市,上海,否,20190814,在线,17.0,17.5,2791,48,3,3,1.72,6.25,3,3,1183.0,397.0,898.0,0,0,0,0,0,0,0,0,2,3,0,0,2,2,100.0,0,0,0,0.0,0.0,0.0,0.0,,,2
244,20200101,20200131,7634499,花生活鲜花（鲜花绿植）,鲜花组,北京市,北京,否,20190903,在线,18.0,18.2,3929,84,3,0,2.14,3.57,3,0,0.0,0.0,0.0,1,0,1,0,0,0,0,0,0,0,0,0,0,0,0.0,0,0,0,0.0,0.0,0.0,0.0,,,2
245,20200101,20200131,7641996,花生活鲜花（花幸福花店襄阳店）,鲜花组,湖北省,襄阳,否,20190830,在线,23.0,23.1,13641,334,4,0,2.45,1.2,3,0,0.0,0.0,0.0,0,0,0,0,0,0,0,0,0,1,0,0,1,1,100.0,0,0,0,0.0,0.0,0.0,0.0,,,1
246,20200101,20200131,7642002,花生活鲜花（拾花者）,鲜花组,浙江省,杭州,否,20190823,在线,24.0,24.0,9220,117,1,0,1.27,0.85,1,0,0.0,0.0,0.0,0,0,0,0,0,0,0,0,0,0,0,0,1,1,100.0,0,0,0,2.2,2.2,2.4,0.0,,,0
247,20200101,20200131,7642004,花生活鲜花（第三居鲜花店）,鲜花组,贵州省,遵义,否,20190819,在线,15.0,15.0,5369,32,0,0,0.6,0.0,0,0,0.0,0.0,0.0,0,0,0,0,0,0,0,0,0,0,0,0,0,0,0.0,0,0,0,0.0,0.0,0.0,0.0,,,2
248,20200101,20200131,7642006,花生活鲜花（爱人鲜花）,鲜花组,辽宁省,营口,否,20191126,在线,18.0,18.6,12768,356,4,1,2.79,1.12,2,1,245.0,122.0,162.0,1,0,1,0,0,0,0,0,0,1,0,0,4,2,50.0,0,0,0,0.0,0.0,0.0,0.0,,,0
249,20200101,20200131,7642070,花生活鲜花（麦子花艺馆）,鲜花组,安徽省,合肥,否,20190817,在线,24.0,24.0,4524,27,0,0,0.6,0.0,0,0,0.0,0.0,0.0,0,0,0,0,0,0,0,0,0,0,0,0,0,0,0.0,0,0,0,0.0,0.0,0.0,0.0,,,2
250,20200101,20200131,7642072,花生活鲜花（花花世界安顺店）,鲜花组,贵州省,安顺,否,20190907,在线,24.0,24.0,9320,270,2,0,2.9,0.74,0,0,0.0,0.0,0.0,0,0,0,0,0,0,0,0,0,0,0,0,0,0,0.0,0,0,0,0.0,0.0,0.0,0.0,,,0
251,20200101,20200131,7642073,花生活鲜花（花花小娴）,鲜花组,湖北省,黄冈,否,20190918,在线,24.0,24.0,13059,228,1,0,1.75,0.44,1,0,0.0,0.0,0.0,1,1,0,0,0,0,0,0,0,0,0,0,2,2,100.0,1,0,0,0.0,0.0,0.0,0.0,,,0
252,20200101,20200131,7642074,花生活鲜花（云艳花坊）,鲜花组,湖北省,黄冈,否,20190830,在线,24.0,24.0,17857,2053,22,14,11.5,1.07,25,16,3095.0,1582.0,1895.0,5,5,0,0,0,0,0,0,0,17,0,0,16,13,81.25,4,0,0,3.3,3.3,3.4,0.0,,,1
253,20200101,20200131,7642075,花生活鲜花（紫罗兰花艺坊）,鲜花组,福建省,泉州,否,20190820,在线,24.0,24.0,9578,114,0,0,1.19,0.0,0,0,0.0,0.0,0.0,0,0,0,0,0,0,0,0,0,0,0,0,0,0,0.0,0,0,0,0.0,0.0,0.0,0.0,,,0
254,20200101,20200131,7642076,花生活鲜花（百艳鲜花）,鲜花组,山东省,威海,否,20190816,在线,21.0,21.5,7804,111,6,5,1.42,5.41,6,5,1472.0,879.0,788.0,1,0,0,0,1,0,0,0,0,7,0,0,2,2,100.0,1,0,0,0.2,0.2,0.2,0.0,,,0
255,20200101,20200131,7672370,花生活鲜花（麦花阁鲜花）,鲜花组,浙江省,杭州,否,20190828,在线,15.0,15.4,4082,92,6,5,2.25,6.52,6,6,1695.0,965.0,886.0,0,0,0,0,0,0,0,0,0,7,0,0,3,3,100.0,2,1,0,0.0,0.0,0.0,0.0,,,2
256,20200101,20200131,7672411,花生活鲜花（錵艺轩）,鲜花组,浙江省,杭州,否,20190821,在线,18.0,18.2,8764,124,9,8,1.41,7.26,9,8,2019.0,1117.0,1327.0,0,0,0,0,0,0,0,0,0,9,0,0,2,2,100.0,1,0,0,0.0,0.0,0.0,0.0,,,0
257,20200101,20200131,7672416,花生活鲜花（花样年华）,鲜花组,广东省,中山,否,20190828,在线,8.0,8.5,3371,59,1,1,1.75,1.69,1,1,295.0,115.0,219.0,0,0,0,0,0,0,0,0,0,1,0,0,1,0,0.0,0,0,0,0.0,0.0,0.0,0.0,,,2
258,20200101,20200131,7672419,花生活鲜花（幸福の花）,鲜花组,陕西省,西安,否,20190903,在线,18.0,18.9,3282,59,2,1,1.8,3.39,2,1,298.0,165.0,172.0,1,0,1,0,0,0,0,0,0,1,0,0,3,2,66.67,1,0,0,0.0,0.0,0.0,0.0,,,2
259,20200101,20200131,7672420,花生活鲜花（义乌鲜花婚庆）,鲜花组,浙江省,金华,否,20190827,在线,24.0,24.0,14284,261,2,0,1.83,0.77,2,0,0.0,0.0,0.0,1,1,0,0,0,0,0,0,0,2,0,0,3,1,33.33,0,0,0,0.0,0.0,0.0,0.0,,,1
260,20200101,20200131,7672499,花生活鲜花（绿之源花卉园艺）,鲜花组,湖北省,黄冈,否,20190902,在线,18.0,18.4,10886,111,1,0,1.02,0.9,1,0,0.0,0.0,0.0,1,0,1,0,0,0,0,0,0,0,0,0,2,0,0.0,0,0,0,0.0,0.0,0.0,0.0,,,0
261,20200101,20200131,7682068,花生活鲜花（唯爱花店南宁店）,鲜花组,广西壮族自治区,南宁,否,20190827,在线,20.0,20.7,9707,143,2,2,1.47,1.4,2,2,490.0,250.0,318.0,0,0,0,0,0,0,0,0,1,2,0,0,3,3,100.0,2,0,0,0.0,0.0,0.0,0.0,,,0
262,20200101,20200131,7690567,花生活鲜花（温馨花店）,鲜花组,重庆市,重庆,否,20190916,在线,23.0,23.8,17275,176,1,1,1.02,0.57,1,1,288.0,185.0,142.0,0,0,0,0,0,0,0,0,0,1,0,0,2,1,50.0,0,0,0,0.0,0.0,0.0,0.0,,,1
263,20200101,20200131,7743128,花生活鲜花（流星花园）,鲜花组,贵州省,贵阳,否,20190905,在线,11.0,11.3,1214,20,0,0,1.65,0.0,0,0,0.0,0.0,0.0,0,0,0,0,0,0,0,0,0,0,0,0,0,0,0.0,0,0,0,0.0,0.0,0.0,0.0,,,2
264,20200101,20200131,7743129,花生活鲜花（土土花店婚庆）,鲜花组,浙江省,绍兴,否,20190904,在线,24.0,24.0,3653,90,1,0,2.46,1.11,1,0,0.0,0.0,0.0,1,0,1,0,0,0,0,0,0,0,0,0,0,0,0.0,0,0,0,0.0,0.0,0.0,0.0,,,2
265,20200101,20200131,7743130,花生活鲜花（静静花艺凤凰北街店）,鲜花组,宁夏回族自治区,银川,否,20190905,在线,22.0,22.0,5425,80,2,1,1.47,2.5,2,1,370.0,142.0,267.0,0,0,0,0,0,0,0,0,0,1,0,0,0,0,0.0,0,0,0,0.0,0.0,0.0,0.0,,,2
266,20200101,20200131,7743133,花生活鲜花（浪漫花语）,鲜花组,江西省,赣州,否,20190904,在线,19.0,19.3,7863,218,22,18,2.77,10.09,22,22,17292.0,2608.43,15346.57,0,0,0,0,0,0,0,0,0,22,0,0,6,6,100.0,5,0,0,4.2,4.2,4.2,0.0,,,0
267,20200101,20200131,7785891,花生活鲜花（宋庄花店）,鲜花组,北京市,北京,否,20190918,在线,17.0,17.8,10439,192,3,1,1.84,1.56,2,1,298.0,165.0,172.0,1,0,1,0,0,0,0,0,0,1,0,0,3,2,66.67,1,0,0,0.0,0.0,0.0,0.0,,,0
268,20200101,20200131,7785893,花生活鲜花（百缘鲜花坊）,鲜花组,福建省,泉州,否,20190918,在线,24.0,24.0,3972,68,1,0,1.71,1.47,1,0,0.0,0.0,0.0,0,0,0,0,0,0,0,0,0,0,0,0,0,0,0.0,0,0,0,0.0,0.0,0.0,0.0,,,2
269,20200101,20200131,7785894,花生活鲜花（媛媛花艺工作室）,鲜花组,贵州省,贵阳,否,20190911,在线,18.0,18.3,4315,60,1,1,1.39,1.67,1,1,368.0,165.0,232.0,0,0,0,0,0,0,0,0,0,1,0,0,0,0,0.0,0,0,0,0.0,0.0,0.0,0.0,,,2
270,20200101,20200131,7785895,花生活鲜花（心愿屋鲜花店）,鲜花组,贵州省,贵阳,否,20190912,在线,20.0,20.0,15074,170,3,1,1.13,1.76,4,1,148.0,125.0,62.0,1,0,1,0,0,0,0,0,0,1,0,0,1,1,100.0,1,0,0,1.0,1.0,1.1,0.0,,,1
271,20200101,20200131,7785896,花生活鲜花（湘湘鲜花蛋糕）,鲜花组,山东省,淄博,否,20190910,在线,24.0,24.0,11414,127,0,0,1.11,0.0,0,0,0.0,0.0,0.0,0,0,0,0,0,0,0,0,0,0,0,0,0,0,0.0,0,0,0,0.0,0.0,0.0,0.0,,,0
273,20200101,20200131,7907142,花生活鲜花（馨悦花店）,鲜花组,上海市,上海,否,20191205,在线,24.0,24.0,4554,39,3,2,0.86,7.69,3,2,661.0,255.0,479.0,0,0,0,0,0,0,0,0,0,2,0,0,3,3,100.0,2,0,0,0.0,0.0,0.0,0.0,,,2
275,20200101,20200131,7907144,花生活鲜花（千卉阁花艺）,鲜花组,贵州省,贵阳,否,20191205,在线,23.0,23.5,6022,129,2,0,2.14,1.55,1,0,0.0,0.0,0.0,1,1,0,0,0,0,0,0,0,1,0,0,2,1,50.0,0,0,0,0.0,0.0,0.0,0.0,,,0
276,20200101,20200131,7934066,花生活鲜花（艾米拉花店）,鲜花组,四川省,泸州,否,20191126,在线,24.0,24.0,2417,21,1,0,0.87,4.76,1,0,0.0,0.0,0.0,0,0,0,0,0,0,0,0,0,0,0,0,3,0,0.0,0,0,0,0.0,0.0,0.0,0.0,,,2
277,20200101,20200131,7934067,花生活鲜花（浪漫花都）,鲜花组,山西省,运城,否,20191123,在线,21.0,21.2,3818,115,1,0,3.01,0.87,1,0,0.0,0.0,0.0,1,1,0,0,0,0,0,0,0,0,0,0,3,1,33.33,0,0,0,0.0,0.0,0.0,0.0,,,2
278,20200101,20200131,7934071,花生活鲜花（花艺学院）,鲜花组,福建省,厦门,否,20191205,在线,9.0,9.1,1592,30,1,0,1.88,3.33,1,0,0.0,0.0,0.0,1,1,0,0,0,0,0,0,0,0,0,0,0,0,0.0,0,0,0,0.0,0.0,0.0,0.0,,,2
279,20200101,20200131,7934074,花生活鲜花（flowerart花心思）,鲜花组,贵州省,贵阳,否,20191123,下线,0.0,0.0,5,0,0,0,0.0,0.0,0,0,0.0,0.0,0.0,0,0,0,0,0,0,0,0,0,0,0,0,0,0,0.0,0,0,0,0.0,0.0,0.0,0.0,,,2
280,20200101,20200131,7934075,花生活鲜花（红玫瑰鲜花婚庆）,鲜花组,陕西省,榆林,否,20191210,在线,24.0,24.0,24951,244,8,3,0.98,3.28,8,3,713.0,446.0,384.0,3,3,0,0,0,0,0,0,0,6,0,0,4,2,50.0,0,0,0,0.0,0.0,0.0,0.0,,,1
283,20200101,20200131,7994663,花生活鲜花（爱轩花艺）,鲜花组,浙江省,温州,否,20191203,在线,24.0,24.0,11028,103,1,1,0.93,0.97,1,1,470.0,185.0,324.0,0,0,0,0,0,0,0,0,0,1,0,0,0,0,0.0,0,0,0,0.0,0.0,0.0,0.0,,,0
284,20200101,20200131,7994665,花生活鲜花（项诚花艺）,鲜花组,福建省,泉州,否,20191211,在线,24.0,24.0,460,8,0,0,1.74,0.0,0,0,0.0,0.0,0.0,0,0,0,0,0,0,0,0,0,0,0,0,0,0,0.0,0,0,0,0.0,0.0,0.0,0.0,,,2
285,20200101,20200131,7994666,花生活鲜花（遇见花艺鲜花店）,鲜花组,上海市,上海,否,20191206,在线,18.0,18.1,3017,51,3,0,1.69,5.88,4,0,0.0,0.0,0.0,3,2,1,0,0,0,0,0,0,1,0,0,1,1,100.0,0,0,0,0.0,0.0,0.0,0.0,,,2
286,20200101,20200131,7994668,花生活鲜花（彩雲·鲜花）,鲜花组,贵州省,贵阳,否,20191123,在线,24.0,24.0,9992,76,0,0,0.76,0.0,0,0,0.0,0.0,0.0,0,0,0,0,0,0,0,0,0,0,0,0,1,0,0.0,0,0,0,0.0,0.0,0.0,0.0,,,0
287,20200101,20200131,7994670,花生活鲜花（机缘花艺）,鲜花组,上海市,上海,否,20191209,在线,0.0,0.0,1623,17,0,0,1.05,0.0,0,0,0.0,0.0,0.0,0,0,0,0,0,0,0,0,0,0,0,0,0,0,0.0,0,0,0,0.0,0.0,0.0,0.0,,,2
288,20200101,20200131,7994671,花生活鲜花（爱花坊鲜花店）,鲜花组,浙江省,温州,否,20191208,在线,24.0,24.0,16232,195,7,5,1.2,3.59,6,5,1014.0,536.0,673.0,0,0,0,0,0,0,0,0,0,5,0,0,5,5,100.0,1,0,0,0.0,0.0,0.0,0.0,,,1
289,20200101,20200131,7994673,花生活鲜花（禾木鲜花店）,鲜花组,天津市,天津,否,20191205,在线,24.0,24.0,15243,220,4,3,1.44,1.82,5,4,221.0,121.0,139.0,1,0,0,0,1,0,0,0,0,5,0,0,3,3,100.0,1,0,0,2.3,2.3,2.3,0.0,,,1
290,20200101,20200131,7994675,花生活鲜花（爱花居鲜花店）,鲜花组,贵州省,贵阳,否,20191207,在线,22.0,22.3,12560,138,8,6,1.1,5.8,9,9,2368.0,1028.0,1652.0,0,0,0,0,0,0,0,0,0,9,0,0,4,1,25.0,1,0,0,0.0,0.0,0.0,0.0,,,0
291,20200101,20200131,8068587,花生活鲜花（花轩子鲜花店）,鲜花组,贵州省,毕节,否,20191205,在线,24.0,24.0,22105,441,8,6,2.0,1.81,9,6,2541.0,1178.0,1597.0,1,1,0,0,0,0,0,0,0,8,0,0,8,5,62.5,0,0,0,0.0,0.0,0.0,0.0,,,1
292,20200101,20200131,8070349,花生活鲜花（花瓣雨鲜花总汇）,鲜花组,湖北省,仙桃,否,20191126,在线,24.0,24.0,14595,117,0,0,0.8,0.0,0,0,0.0,0.0,0.0,0,0,0,0,0,0,0,0,0,0,0,0,0,0,0.0,0,0,0,0.0,0.0,0.0,0.0,,,1
293,20200101,20200131,8071980,花生活鲜花（云熙花卉鲜花店）,鲜花组,上海市,上海,否,20191208,下线,0.0,0.0,133,3,0,0,2.26,0.0,0,0,0.0,0.0,0.0,0,0,0,0,0,0,0,0,0,0,0,0,0,0,0.0,0,0,0,0.0,0.0,0.0,0.0,,,2
294,20200101,20200131,8071981,花生活鲜花（红豆情鲜花）,鲜花组,北京市,北京,否,20191224,在线,15.0,15.5,9499,178,7,3,1.87,3.93,6,3,1064.0,835.0,346.0,2,2,0,0,0,0,0,0,0,3,0,0,5,4,80.0,1,0,0,0.0,0.0,0.0,0.0,,,0
295,20200101,20200131,8089012,花生活鲜花（三爷花店）,鲜花组,内蒙古自治区,乌海,否,20191126,在线,14.0,14.5,5666,215,6,0,3.79,2.79,6,1,58.0,19.0,39.0,5,2,3,0,0,0,0,0,0,1,0,0,6,5,83.33,0,0,0,0.0,0.0,0.0,0.0,,,2
296,20200101,20200131,8094433,花生活鲜花（清湘花坊）,鲜花组,新疆维吾尔自治区,乌鲁木齐,否,20191204,在线,23.0,23.0,23357,591,23,14,2.53,3.89,22,15,3676.0,2218.0,2038.0,6,6,0,0,0,0,0,0,0,18,0,0,20,16,80.0,4,0,0,0.0,0.0,0.0,0.0,,,1
297,20200101,20200131,8094434,花生活鲜花（浩美鲜花礼品）,鲜花组,山西省,吕梁,否,20191123,在线,24.0,24.0,4533,61,0,0,1.35,0.0,0,0,0.0,0.0,0.0,0,0,0,0,0,0,0,0,0,0,0,0,0,0,0.0,0,0,0,0.0,0.0,0.0,0.0,,,2
299,20200101,20200131,8207107,花生活鲜花（花叙鲜花店）,鲜花组,江西省,宜春,否,20191219,在线,13.0,13.3,6102,123,8,4,2.02,6.5,8,4,1254.0,850.0,560.0,1,1,0,0,0,0,0,0,0,5,0,0,3,3,100.0,3,0,0,0.0,0.0,0.0,0.0,,,0
300,20200101,20200131,8207108,花生活鲜花（艺尚鲜花）,鲜花组,江苏省,无锡,否,20191126,在线,16.0,16.9,5364,87,1,0,1.62,1.15,1,1,2717.0,125.09,2591.91,0,0,0,0,0,0,0,0,0,1,0,0,1,0,0.0,0,0,0,1.3,1.3,1.6,0.0,,,2
301,20200101,20200131,8207110,花生活鲜花（花前悦夏鲜花店）,鲜花组,贵州省,毕节,否,20200109,在线,14.0,14.8,1501,14,1,1,0.93,7.14,1,1,504.0,113.01,429.99,0,0,0,0,0,0,0,0,0,1,0,0,2,1,50.0,0,0,0,0.0,0.0,0.0,0.0,,,2
302,20200101,20200131,8207111,花生活鲜花（有家花店）,鲜花组,贵州省,遵义,否,20191129,在线,11.0,11.2,1846,56,2,1,3.03,3.57,3,1,269.0,115.0,193.0,2,1,1,0,0,0,0,0,0,1,0,0,0,0,0.0,0,0,0,0.0,0.0,0.0,0.0,,,2
303,20200101,20200131,8207112,花生活鲜花（书悦花卉）,鲜花组,浙江省,宁波,否,20191220,在线,24.0,24.0,5638,77,2,2,1.37,2.6,2,2,492.02,206.02,364.0,0,0,0,0,0,0,0,0,0,2,0,0,1,0,0.0,0,0,0,0.0,0.0,0.0,0.0,,,2
304,20200101,20200131,8207114,花生活鲜花（初吻花坊）,鲜花组,贵州省,遵义,否,20200119,在线,15.0,15.0,12440,50,0,0,0.4,0.0,0,0,0.0,0.0,0.0,0,0,0,0,0,0,0,0,0,0,0,0,0,0,0.0,0,0,0,0.0,0.0,0.0,0.0,,,0
305,20200101,20200131,8207115,花生活鲜花（暖花艺鲜花店）,鲜花组,山东省,德州,否,20191219,在线,24.0,24.0,5354,48,0,0,0.9,0.0,0,0,0.0,0.0,0.0,0,0,0,0,0,0,0,0,0,0,0,0,0,0,0.0,0,0,0,0.0,0.0,0.0,0.0,,,2
306,20200101,20200131,8207118,花生活鲜花（花开半夏鲜花店）,鲜花组,陕西省,宝鸡,否,20191220,在线,24.0,24.0,6267,104,3,2,1.66,2.88,4,2,545.0,358.0,251.0,0,0,0,0,0,0,0,0,0,2,0,0,0,0,0.0,0,0,0,0.0,0.0,0.0,0.0,,,0
307,20200101,20200131,8207119,花生活鲜花（温馨花屋鲜花店）,鲜花组,江西省,新余,否,20191220,在线,24.0,24.0,7181,88,2,1,1.23,2.27,2,1,171.0,48.0,154.0,1,0,1,0,0,0,0,0,0,1,0,0,0,0,0.0,0,0,0,0.0,0.0,0.0,0.0,,,0
308,20200101,20200131,8207120,花生活鲜花（馨之园鲜花店）,鲜花组,云南省,昆明,否,20191126,在线,13.0,13.8,8809,124,6,4,1.41,4.84,6,5,868.0,703.0,204.0,0,0,0,0,0,0,0,0,0,6,0,0,1,1,100.0,0,0,0,3.3,3.3,3.4,0.0,,,0
309,20200101,20200131,8222414,花生活鲜花（如意花坊贵阳店）,鲜花组,贵州省,贵阳,否,20191129,在线,13.0,12.9,3019,34,1,0,1.13,2.94,1,0,0.0,0.0,0.0,0,0,0,0,0,0,0,0,0,0,0,0,0,0,0.0,0,0,0,0.0,0.0,0.0,0.0,,,2
310,20200101,20200131,8226888,花生活鲜花（锦绣花艺坊）,鲜花组,贵州省,毕节,否,20191220,在线,24.0,24.0,3330,26,0,0,0.78,0.0,0,0,0.0,0.0,0.0,0,0,0,0,0,0,0,0,0,0,0,0,0,0,0.0,0,0,0,0.0,0.0,0.0,0.0,,,2
311,20200101,20200131,8250903,花生活鲜花（花之韵鲜花店）,鲜花组,河南省,新乡,否,20191205,在线,18.0,18.4,23253,891,17,14,3.83,1.91,16,14,3751.0,2062.0,2196.0,1,0,1,0,0,0,0,0,0,14,0,0,11,6,54.55,2,0,0,2.3,2.3,2.3,0.0,,,1
312,20200101,20200131,8250905,花生活鲜花（FLOWER鲜花）,鲜花组,山东省,济宁,否,20191224,在线,24.0,24.0,3160,71,0,0,2.25,0.0,0,0,0.0,0.0,0.0,0,0,0,0,0,0,0,0,0,0,0,0,0,0,0.0,0,0,0,0.0,0.0,0.0,0.0,,,2
313,20200101,20200131,8250906,花生活鲜花（薇花坊鲜花店）,鲜花组,天津市,天津,否,20191205,在线,24.0,24.0,6276,41,0,0,0.65,0.0,0,0,0.0,0.0,0.0,0,0,0,0,0,0,0,0,0,0,0,0,0,0,0.0,0,0,0,0.0,0.0,0.0,0.0,,,0
314,20200101,20200131,8250907,花生活鲜花（恋恋繁花鲜花店）,鲜花组,天津市,天津,否,20191205,在线,24.0,24.0,7359,41,0,0,0.56,0.0,0,0,0.0,0.0,0.0,0,0,0,0,0,0,0,0,0,0,0,0,0,0,0.0,0,0,0,0.0,0.0,0.0,0.0,,,0
315,20200101,20200131,8253592,花生活鲜花（藝雅鲜花店）,鲜花组,上海市,上海,否,20191205,在线,17.0,16.9,2460,42,1,0,1.71,2.38,1,0,0.0,0.0,0.0,1,0,1,0,0,0,0,0,0,0,0,0,0,0,0.0,0,0,0,0.0,0.0,0.0,0.0,,,2
316,20200101,20200131,8253593,花生活鲜花（花语鲜花坊花店）,鲜花组,天津市,天津,否,20191205,在线,24.0,24.0,10553,185,2,1,1.75,1.08,1,1,245.0,125.0,159.0,0,0,0,0,0,0,0,0,0,1,0,0,4,3,75.0,1,0,0,0.0,0.0,0.0,0.0,,,0
317,20200101,20200131,8258610,花生活鲜花（尚艺空间花艺）,鲜花组,云南省,昆明,否,20191205,在线,19.0,19.2,4502,55,1,0,1.22,1.82,1,0,0.0,0.0,0.0,0,0,0,0,0,0,0,0,0,0,0,0,3,2,66.67,0,0,0,0.0,0.0,0.0,0.0,,,2
318,20200101,20200131,8258611,花生活鲜花（旺达鲜花店）,鲜花组,广东省,中山,否,20191224,在线,11.0,11.5,2002,39,0,0,1.95,0.0,0,0,0.0,0.0,0.0,0,0,0,0,0,0,0,0,0,0,0,0,0,0,0.0,0,0,0,0.0,0.0,0.0,0.0,,,2
319,20200101,20200131,8258612,花生活鲜花（初心花放鲜花店）,鲜花组,山东省,菏泽,否,20191206,在线,0.0,0.0,2733,13,0,0,0.48,0.0,0,0,0.0,0.0,0.0,0,0,0,0,0,0,0,0,0,0,0,0,0,0,0.0,0,0,0,0.0,0.0,0.0,0.0,,,2
320,20200101,20200131,8258613,花生活鲜花（花花世界太仓店）,鲜花组,江苏省,苏州,否,20191218,在线,0.0,0.0,136,5,0,0,3.68,0.0,0,0,0.0,0.0,0.0,0,0,0,0,0,0,0,0,0,0,0,0,0,0,0.0,0,0,0,0.0,0.0,0.0,0.0,,,2
321,20200101,20200131,8278261,花生活鲜花（一品花艺）,鲜花组,宁夏回族自治区,银川,否,20191205,在线,18.0,18.3,9971,228,18,13,2.29,7.89,17,14,5823.0,1644.1,4761.9,1,0,0,0,1,0,0,0,0,19,0,0,7,3,42.86,0,0,0,5.0,5.0,5.0,0.0,,,0
322,20200101,20200131,8278262,花生活鲜花（拾秋花店）,鲜花组,安徽省,合肥,否,20191205,在线,17.0,17.7,3629,90,16,10,2.48,17.78,16,16,7520.0,1440.18,6313.82,0,0,0,0,0,0,0,0,0,16,0,0,3,3,100.0,3,0,0,2.7,2.7,2.7,0.0,,,2
323,20200101,20200131,8278267,花生活鲜花（时光对白花店）,鲜花组,河南省,周口,否,20191207,在线,21.0,21.5,16743,585,11,6,3.49,1.88,11,6,1747.0,934.0,1047.0,1,0,1,0,0,0,0,0,0,6,0,0,5,1,20.0,1,0,0,0.0,0.0,0.0,0.0,,,1
324,20200101,20200131,8278268,花生活鲜花（慧宇花屋）,鲜花组,天津市,天津,否,20200120,在线,8.0,8.4,813,15,0,0,1.85,0.0,0,0,0.0,0.0,0.0,0,0,0,0,0,0,0,0,0,0,0,0,0,0,0.0,0,0,0,0.0,0.0,0.0,0.0,,,2
325,20200101,20200131,8278275,花生活鲜花（一间花店）,鲜花组,福建省,厦门,否,20191205,在线,7.0,6.8,1353,71,5,2,5.25,7.04,4,2,690.0,281.0,487.0,1,1,0,0,0,0,0,0,0,5,0,0,4,4,100.0,2,0,0,0.0,0.0,0.0,0.0,,,2
326,20200101,20200131,8278322,花生活鲜花（岭铖花坊）,鲜花组,吉林省,四平,否,20191206,在线,17.0,17.4,8057,244,8,0,3.03,3.28,6,0,0.0,0.0,0.0,6,3,3,0,0,0,0,0,0,0,0,0,1,0,0.0,0,0,0,0.0,0.0,0.0,0.0,,,0
327,20200101,20200131,8278323,花生活鲜花（莉莉鲜花店）,鲜花组,新疆维吾尔自治区,克孜勒苏柯尔克孜自治州,否,20191220,在线,17.0,17.1,9276,949,25,16,10.23,2.63,23,16,9273.0,2053.01,7804.99,6,2,1,1,2,0,0,0,0,21,0,0,18,13,72.22,2,0,1,0.0,0.0,0.0,0.0,,,0
328,20200101,20200131,8278324,花生活鲜花（翊渡花舍鲜花店）,鲜花组,湖北省,武汉,否,20191206,在线,24.0,24.0,11315,61,0,0,0.54,0.0,0,0,0.0,0.0,0.0,0,0,0,0,0,0,0,0,0,0,0,0,0,0,0.0,0,0,0,0.0,0.0,0.0,0.0,,,0
329,20200101,20200131,8278326,花生活鲜花（知心花卉）,鲜花组,安徽省,芜湖,否,20191220,在线,24.0,24.0,14597,152,2,1,1.04,1.32,1,1,170.0,65.0,144.0,0,0,0,0,0,0,0,0,0,1,0,0,3,1,33.33,0,0,0,0.0,0.0,0.0,0.0,,,1
330,20200101,20200131,8278376,花生活鲜花（冬平花屋）,鲜花组,浙江省,宁波,否,20191219,在线,24.0,24.0,2268,65,0,0,2.87,0.0,0,0,0.0,0.0,0.0,0,0,0,0,0,0,0,0,0,0,0,0,0,0,0.0,0,0,0,0.0,0.0,0.0,0.0,,,2
331,20200101,20200131,8278380,花生活鲜花（罗曼蒂克花艺婚庆）,鲜花组,山东省,烟台,否,20200114,在线,10.0,10.6,6892,86,1,1,1.25,1.16,1,1,293.0,85.0,208.0,0,0,0,0,0,0,0,0,0,1,0,0,3,3,100.0,1,0,0,0.0,0.0,0.0,0.0,,,0
332,20200101,20200131,8278384,花生活鲜花（美俪汇花艺）,鲜花组,重庆市,重庆,否,20191220,在线,24.0,24.0,490,61,1,0,12.45,1.64,0,0,0.0,0.0,0.0,0,0,0,0,0,0,0,0,0,0,0,0,0,0,0.0,0,0,0,0.0,0.0,0.0,0.0,,,2
333,20200101,20200131,8278455,花生活鲜花（启美花卉）,鲜花组,云南省,昆明,否,20191220,在线,9.0,9.4,1946,26,0,0,1.34,0.0,0,0,0.0,0.0,0.0,0,0,0,0,0,0,0,0,0,0,0,0,1,1,100.0,0,0,0,0.0,0.0,0.0,0.0,,,2
334,20200101,20200131,8278456,花生活鲜花（知忆花舍）,鲜花组,山东省,淄博,否,20191211,在线,24.0,24.0,3850,24,0,0,0.62,0.0,0,0,0.0,0.0,0.0,0,0,0,0,0,0,0,0,0,0,0,0,0,0,0.0,0,0,0,0.0,0.0,0.0,0.0,,,2
335,20200101,20200131,8278457,花生活鲜花（花痴花坊）,鲜花组,上海市,上海,否,20191209,在线,18.0,18.2,2918,62,3,1,2.12,4.84,3,1,419.0,316.0,142.0,1,0,1,0,0,0,0,0,0,1,0,0,2,2,100.0,0,0,0,0.0,0.0,0.0,0.0,,,2
336,20200101,20200131,8278459,花生活鲜花（蝶恋花花店）,鲜花组,江苏省,南通,否,20191206,在线,12.0,11.6,10604,259,7,6,2.44,2.7,7,7,2704.0,785.02,2147.98,0,0,0,0,0,0,0,0,0,7,0,0,7,4,57.14,1,0,0,0.0,0.0,0.0,0.0,,,0
337,20200101,20200131,8278460,花生活鲜花（乐陵鲜花店）,鲜花组,山东省,德州,否,20191206,在线,9.0,9.0,6915,461,21,19,6.67,4.56,21,18,6562.0,2604.09,4718.91,0,0,0,0,0,0,0,0,0,22,0,0,10,10,100.0,3,0,0,1.3,1.3,1.3,0.0,,,0
338,20200101,20200131,8280405,花生活鲜花（臻挚花艺馆）,鲜花组,河北省,廊坊,否,20191213,在线,20.0,20.7,6309,61,1,0,0.97,1.64,1,0,0.0,0.0,0.0,1,0,1,0,0,0,0,0,0,0,0,0,1,0,0.0,0,0,0,0.0,0.0,0.0,0.0,,,0
339,20200101,20200131,8280460,花生活鲜花（遇见花坊）,鲜花组,云南省,昆明,否,20191206,在线,6.0,6.1,3092,39,0,0,1.26,0.0,0,0,0.0,0.0,0.0,0,0,0,0,0,0,0,0,0,0,0,0,0,0,0.0,0,0,0,0.0,0.0,0.0,0.0,,,2
340,20200101,20200131,8284382,花生活鲜花（胡子花艺）,鲜花组,云南省,昆明,否,20191209,在线,9.0,9.9,20209,667,16,10,3.3,2.4,22,20,2410.0,1133.0,1589.0,1,0,1,0,0,0,0,0,0,21,0,0,7,6,85.71,0,0,0,0.3,0.3,0.3,0.0,,,1
341,20200101,20200131,8284386,花生活鲜花（花界花店）,鲜花组,广西壮族自治区,贺州,否,20191219,在线,9.0,9.4,9324,185,17,14,1.98,9.19,16,14,2484.0,1821.0,960.0,0,0,0,0,0,0,0,0,0,16,0,0,3,3,100.0,2,0,0,3.9,3.9,4.0,0.0,,,0
342,20200101,20200131,8357579,花生活鲜花（花心思鲜花店北海店）,鲜花组,广西壮族自治区,北海,否,20191220,在线,15.0,15.4,2061,57,9,7,2.77,15.79,10,8,10461.0,944.28,9703.72,1,0,0,0,0,0,1,0,0,10,0,0,0,0,0.0,0,0,0,0.0,0.0,0.0,0.0,,,2
343,20200101,20200131,8357582,花生活鲜花（遇见BEAUTY）,鲜花组,山东省,菏泽,否,20191219,在线,10.0,10.3,21110,536,30,26,2.54,5.6,33,31,17126.02,3321.39,14935.63,1,0,1,0,0,0,0,0,0,35,0,0,14,14,100.0,11,0,0,5.0,5.0,5.0,0.0,,,1
344,20200101,20200131,8357588,花生活鲜花（艺朵花艺）,鲜花组,浙江省,嘉兴,否,20191220,在线,24.0,24.0,2996,66,1,0,2.2,1.52,1,0,0.0,0.0,0.0,0,0,0,0,0,0,0,0,0,0,0,0,1,1,100.0,0,0,0,0.0,0.0,0.0,0.0,,,2
345,20200101,20200131,8357592,花生活鲜花（花心思花艺贵阳店）,鲜花组,贵州省,贵阳,否,20191220,在线,19.0,19.1,11838,157,18,9,1.33,11.46,18,14,2010.0,849.03,1264.97,1,0,1,0,0,0,0,0,0,15,0,0,9,5,55.56,2,0,0,4.7,4.7,4.7,2.0,,,0
346,20200101,20200131,8357593,花生活鲜花（花源花卉）,鲜花组,云南省,昆明,否,20191220,在线,18.0,18.1,2630,38,0,0,1.44,0.0,0,0,0.0,0.0,0.0,0,0,0,0,0,0,0,0,0,0,0,0,2,1,50.0,0,0,0,0.0,0.0,0.0,0.0,,,2
347,20200101,20200131,8358888,花生活鲜花（圣格花艺）,鲜花组,辽宁省,沈阳,否,20191220,在线,24.0,24.0,902,14,0,0,1.55,0.0,0,0,0.0,0.0,0.0,0,0,0,0,0,0,0,0,0,0,0,0,0,0,0.0,0,0,0,0.0,0.0,0.0,0.0,,,2
348,20200101,20200131,8364413,花生活鲜花（水仙百合居）,鲜花组,广西壮族自治区,柳州,否,20191227,在线,11.0,11.9,6103,95,3,2,1.56,3.16,3,2,867.0,161.01,744.99,1,0,1,0,0,0,0,0,0,2,0,0,1,1,100.0,0,0,0,0.0,0.0,0.0,0.0,,,0
349,20200101,20200131,8364414,花生活鲜花（花艺坊聊城店）,鲜花组,山东省,聊城,否,20191226,在线,12.0,12.0,4615,51,0,0,1.11,0.0,0,0,0.0,0.0,0.0,0,0,0,0,0,0,0,0,0,0,0,0,0,0,0.0,0,0,0,0.0,0.0,0.0,0.0,,,2
350,20200101,20200131,8364416,花生活鲜花（美之缘鲜花店）,鲜花组,山东省,临沂,否,20200115,在线,15.0,14.9,5321,57,1,1,1.07,1.75,1,1,88.0,85.0,42.0,0,0,0,0,0,0,0,0,0,1,0,0,0,0,0.0,0,0,0,0.0,0.0,0.0,0.0,,,2
351,20200101,20200131,8364417,花生活鲜花（花恋社花艺）,鲜花组,江苏省,南京,否,20191227,在线,15.0,15.0,4430,60,2,1,1.35,3.33,1,1,245.0,125.0,120.0,0,0,0,0,0,0,0,0,0,1,0,0,1,0,0.0,0,0,0,0.0,0.0,0.0,0.0,,,2
352,20200101,20200131,8435950,花生活鲜花（玫瑰之约）,鲜花组,江苏省,徐州,否,20200110,在线,14.0,14.5,1583,25,0,0,1.58,0.0,0,0,0.0,0.0,0.0,0,0,0,0,0,0,0,0,0,0,0,0,0,0,0.0,0,0,0,0.0,0.0,0.0,0.0,,,2
353,20200101,20200131,8435952,花生活鲜花（重庆四季花坊）,鲜花组,重庆市,重庆,否,20200110,在线,8.0,8.1,2213,50,11,10,2.26,22.0,14,13,15790.0,1090.46,14972.54,0,0,0,0,0,0,0,0,0,14,0,0,2,1,50.0,0,0,0,2.6,2.6,2.7,0.0,,,2
354,20200101,20200131,8435955,花生活鲜花（花之都鲜花批发行）,鲜花组,江苏省,徐州,否,20200109,在线,14.0,14.8,24362,305,1,0,1.25,0.33,1,0,0.0,0.0,0.0,0,0,0,0,0,0,0,0,0,0,0,0,0,0,0.0,0,0,0,0.0,0.0,0.0,0.0,,,1
355,20200101,20200131,8435957,花生活鲜花（花之恋鲜花店）,鲜花组,河北省,唐山,否,20200108,在线,13.0,13.8,15670,523,18,16,3.34,3.44,27,25,43668.0,2275.43,42094.57,1,1,0,0,0,0,0,0,0,28,0,0,5,5,100.0,2,0,0,4.4,4.4,4.4,0.0,,,1
356,20200101,20200131,8435958,花生活鲜花（浪漫花都）,鲜花组,贵州省,遵义,否,20200109,在线,15.0,15.3,10535,304,15,13,2.89,4.93,14,13,7847.0,1319.18,6948.82,1,1,0,0,0,0,0,0,0,13,0,0,4,4,100.0,2,0,0,0.0,0.0,0.0,0.0,,,0
357,20200101,20200131,8435959,花生活鲜花（玫瑰花坊）,鲜花组,山东省,菏泽,否,20200108,在线,13.0,13.3,12063,421,6,4,3.49,1.43,5,4,1236.0,672.0,720.0,1,1,0,0,0,0,0,0,0,4,0,0,6,6,100.0,2,0,0,0.0,0.0,0.0,0.0,,,0
358,20200101,20200131,8435960,花生活鲜花（米莱婚礼鲜花店）,鲜花组,四川省,广元,否,20200112,在线,9.0,9.2,4689,45,1,0,0.96,2.22,1,0,0.0,0.0,0.0,1,0,1,0,0,0,0,0,0,0,0,0,0,0,0.0,0,0,0,0.0,0.0,0.0,0.0,,,2
359,20200101,20200131,8435961,花生活鲜花（花非花艺鲜花店）,鲜花组,安徽省,六安,否,20200108,在线,10.0,10.0,3965,65,7,5,1.64,10.77,6,5,1376.0,412.0,1159.0,1,1,0,0,0,0,0,0,0,5,0,0,2,0,0.0,0,0,0,2.7,2.7,2.7,0.0,,,2
360,20200101,20200131,8435962,花生活鲜花（FlowerLife）,鲜花组,江苏省,南通,否,20200117,在线,14.0,14.1,6866,162,0,0,2.36,0.0,0,0,0.0,0.0,0.0,0,0,0,0,0,0,0,0,0,0,0,0,0,0,0.0,0,0,0,0.0,0.0,0.0,0.0,,,0
361,20200101,20200131,8437924,花生活鲜花（卡斯曼鲜花店）,鲜花组,湖南省,衡阳,否,20200110,在线,13.0,13.0,9407,93,3,3,0.99,3.23,3,3,642.0,381.0,378.0,0,0,0,0,0,0,0,0,0,3,0,0,1,1,100.0,0,0,0,0.0,0.0,0.0,0.0,,,0
362,20200101,20200131,8437925,花生活鲜花（花间密码鲜花店）,鲜花组,湖南省,张家界,否,20200109,在线,6.0,6.1,9801,231,0,0,2.36,0.0,0,0,0.0,0.0,0.0,0,0,0,0,0,0,0,0,0,0,0,0,2,2,100.0,0,0,0,0.0,0.0,0.0,0.0,,,0
363,20200101,20200131,8437926,花生活鲜花（金鳞花坊）,鲜花组,江苏省,苏州,否,20200109,在线,14.0,14.8,6342,45,0,0,0.71,0.0,0,0,0.0,0.0,0.0,0,0,0,0,0,0,0,0,0,0,0,0,0,0,0.0,0,0,0,0.0,0.0,0.0,0.0,,,0
364,20200101,20200131,8437927,花生活鲜花（倾城花坊）,鲜花组,湖北省,仙桃,否,20200109,在线,15.0,15.0,4684,33,0,0,0.7,0.0,0,0,0.0,0.0,0.0,0,0,0,0,0,0,0,0,0,0,0,0,0,0,0.0,0,0,0,0.0,0.0,0.0,0.0,,,2
365,20200101,20200131,8442887,花之缘鲜花屋,鲜花组,云南省,昆明,否,20200120,在线,15.0,14.9,2518,25,0,0,0.99,0.0,0,0,0.0,0.0,0.0,0,0,0,0,0,0,0,0,0,0,0,0,0,0,0.0,0,0,0,0.0,0.0,0.0,0.0,,,2
366,20200101,20200131,8471193,花生活鲜花（玫瑰小镇）,鲜花组,广西壮族自治区,桂林,否,20200120,在线,6.0,6.8,1885,13,0,0,0.69,0.0,0,0,0.0,0.0,0.0,0,0,0,0,0,0,0,0,0,0,0,0,0,0,0.0,0,0,0,0.0,0.0,0.0,0.0,,,2
367,20200101,20200131,8471409,花生活鲜花（香谷鲜花）,鲜花组,天津市,天津,否,20200121,在线,4.0,4.0,3542,35,0,0,0.99,0.0,0,0,0.0,0.0,0.0,0,0,0,0,0,0,0,0,0,0,0,0,0,0,0.0,0,0,0,0.0,0.0,0.0,0.0,,,2
368,20200101,20200131,8471425,花生活鲜花（浓淋香花艺）,鲜花组,广西壮族自治区,南宁,否,20200120,在线,14.0,14.8,2701,10,0,0,0.37,0.0,0,0,0.0,0.0,0.0,0,0,0,0,0,0,0,0,0,0,0,0,0,0,0.0,0,0,0,0.0,0.0,0.0,0.0,,,2
369,20200101,20200131,8471437,花生活鲜花（鑫怡花坊）,鲜花组,上海市,上海,否,20200120,在线,2.0,2.4,204,7,2,1,3.43,28.57,2,1,0.02,0.01,0.01,1,0,1,0,0,0,0,0,0,1,0,0,1,1,100.0,0,0,0,0.0,0.0,0.0,0.0,,,2
370,20200101,20200131,8472854,花生活鲜花（简爱花舍）,鲜花组,上海市,上海,否,20200121,在线,15.0,15.0,1342,24,1,1,1.79,4.17,1,1,245.0,120.0,159.0,0,0,0,0,0,0,0,0,0,1,0,0,0,0,0.0,0,0,0,0.0,0.0,0.0,0.0,,,2
371,20200101,20200131,8472855,花生活鲜花（花宴鲜花店）,鲜花组,广东省,茂名,否,20200121,在线,14.0,14.7,2732,207,1,0,7.58,0.48,3,0,0.0,0.0,0.0,3,2,1,0,0,0,0,0,0,0,0,0,2,1,50.0,0,0,0,0.0,0.0,0.0,0.0,,,2
