,门店ID,体检分,有效订单数,入店人数,平均商家评分,平均配送评分,平均配送评分
0,227035,77.0,1,22,4.4,5.0,5.0
1,255297,81.0,1,37,5.0,5.0,5.0
2,345331,84.0,2,39,5.0,5.0,5.0
3,403721,79.0,0,59,3.4,4.7,4.7
4,634577,73.0,1,19,5.0,5.0,5.0
5,652919,56.0,0,0,0.0,0.0,0.0
6,666460,72.0,0,15,2.0,3.5,3.5
7,722212,74.0,0,1,4.3,4.6,4.6
8,724418,75.0,0,20,4.8,5.0,5.0
9,767243,81.0,1,16,4.2,4.8,4.8
10,809558,70.0,0,4,0.0,0.0,0.0
11,829130,82.0,0,17,5.0,4.3,4.3
12,832314,71.0,1,15,4.6,5.0,5.0
13,911233,73.0,0,21,5.0,5.0,5.0
14,914805,86.0,1,43,4.8,4.5,4.5
15,978388,69.0,0,2,0.0,0.0,0.0
16,1024781,77.0,1,32,4.6,4.6,4.6
17,1025932,63.0,0,7,0.0,0.0,0.0
18,1056309,70.0,0,9,0.0,0.0,0.0
19,1065807,77.0,0,20,5.0,5.0,5.0
20,1115599,82.0,0,40,5.0,5.0,5.0
21,1306021,77.0,0,1,0.0,0.0,0.0
22,1317559,82.0,1,22,4.8,4.8,4.8
23,1357365,64.0,0,12,4.7,5.0,5.0
24,1410092,67.0,0,10,0.0,0.0,0.0
25,1445291,81.0,0,16,0.0,0.0,0.0
26,1537303,85.0,1,47,4.8,4.5,4.5
27,1682006,81.0,2,21,5.0,5.0,5.0
28,1786360,62.0,0,5,0.0,0.0,0.0
29,1806980,59.0,0,0,0.0,0.0,0.0
30,1959140,64.0,0,28,5.0,5.0,5.0
31,1993353,81.0,0,23,4.4,4.6,4.6
32,1996730,74.0,0,7,4.7,5.0,5.0
33,2002283,67.0,0,2,0.0,0.0,0.0
34,2148336,78.0,0,12,4.9,5.0,5.0
35,2149848,79.0,1,40,4.1,4.3,4.3
36,2290168,62.0,0,5,0.0,0.0,0.0
37,2372726,86.0,4,20,5.0,5.0,5.0
38,2387910,52.0,0,6,0.0,0.0,0.0
39,2396768,81.0,0,86,4.7,5.0,5.0
40,2414605,78.0,1,31,5.0,5.0,5.0
41,2499036,74.0,2,41,5.0,0.0,0.0
42,2526841,71.0,0,7,0.0,0.0,0.0
43,2531868,76.0,1,5,0.0,0.0,0.0
44,2568882,70.0,0,14,5.0,5.0,5.0
45,2613397,76.0,0,8,3.6,5.0,5.0
46,2633533,81.0,0,3,4.2,4.6,4.6
47,2681117,74.0,0,5,0.0,0.0,0.0
48,2692280,81.0,4,23,4.4,0.0,0.0
49,2721901,77.0,0,13,5.0,5.0,5.0
50,2758504,87.0,1,42,4.4,5.0,5.0
51,2758931,74.0,0,13,0.0,0.0,0.0
52,2782682,88.0,0,6,5.0,5.0,5.0
53,2903944,87.0,1,37,4.7,4.6,4.6
54,2951300,76.0,0,4,0.0,0.0,0.0
55,2954975,63.0,0,0,0.0,0.0,0.0
56,2992347,73.0,0,0,5.0,5.0,5.0
57,3032292,86.0,14,116,4.8,5.0,5.0
58,3069058,69.0,0,5,0.0,0.0,0.0
59,3074868,67.0,0,2,0.0,0.0,0.0
60,3100497,79.0,0,43,4.4,4.4,4.4
61,3114586,67.0,0,19,3.0,4.3,4.3
62,3115396,84.0,1,17,4.8,5.0,5.0
63,3134500,83.0,0,25,4.3,4.6,4.6
64,3140988,75.0,2,64,4.5,4.7,4.7
65,3153483,71.0,0,9,4.4,4.3,4.3
66,3174819,53.0,0,6,0.0,0.0,0.0
67,3230734,77.0,2,36,4.1,4.7,4.7
68,3251274,74.0,1,6,5.0,5.0,5.0
69,3372458,73.0,0,6,0.0,0.0,0.0
70,3420406,74.0,0,15,0.0,0.0,0.0
71,3423829,75.0,1,15,5.0,5.0,5.0
72,3453699,66.0,2,20,5.0,5.0,5.0
73,3522148,69.0,0,4,0.0,0.0,0.0
74,3534673,45.0,0,0,0.0,0.0,0.0
75,3566834,81.0,0,39,4.8,5.0,5.0
76,3590298,61.0,0,3,0.0,0.0,0.0
77,3593644,57.0,0,0,0.0,0.0,0.0
78,3695585,85.0,1,15,4.6,4.5,4.5
79,3738967,64.0,0,1,0.0,0.0,0.0
80,3782706,79.0,0,3,4.8,5.0,5.0
81,3825934,78.0,0,10,4.8,5.0,5.0
82,3859980,78.0,0,16,5.0,5.0,5.0
83,3878986,70.0,0,29,4.1,4.2,4.2
84,3899843,57.0,0,3,0.0,0.0,0.0
85,3915289,66.0,0,1,0.0,0.0,0.0
86,4108818,83.0,4,45,5.0,5.0,5.0
87,4129848,62.0,0,1,0.0,0.0,0.0
88,4133335,63.0,0,3,0.0,0.0,0.0
89,4182702,63.0,0,5,0.0,0.0,0.0
90,4184985,80.0,0,5,0.0,0.0,0.0
91,4249322,51.0,0,3,0.0,0.0,0.0
92,4277847,82.0,1,14,5.0,5.0,5.0
93,4278885,87.0,4,74,4.4,4.8,4.8
94,4320557,76.0,1,6,4.4,4.7,4.7
95,4362920,73.0,3,7,4.7,5.0,5.0
96,4371458,71.0,0,14,4.6,4.6,4.6
97,4384891,75.0,0,15,4.6,5.0,5.0
98,4404304,82.0,2,21,5.0,5.0,5.0
99,4496751,52.0,0,0,0.0,0.0,0.0
100,4530539,77.0,3,19,5.0,5.0,5.0
101,4564340,76.0,1,34,4.9,4.8,4.8
102,4568666,56.0,9,46,0.0,0.0,0.0
103,4597000,70.0,0,16,4.9,5.0,5.0
104,4641301,64.0,0,4,0.0,0.0,0.0
105,4644119,86.0,0,4,5.0,5.0,5.0
106,4648258,69.0,0,6,0.0,0.0,0.0
107,4653357,74.0,0,3,5.0,5.0,5.0
108,4653968,80.0,2,6,0.0,0.0,0.0
109,4666902,75.0,0,5,4.7,5.0,5.0
110,4695060,80.0,0,29,0.0,0.0,0.0
111,4722599,71.0,0,2,5.0,0.0,0.0
112,4733956,62.0,0,1,0.0,0.0,0.0
113,4772352,70.0,1,30,5.0,5.0,5.0
114,4789782,77.0,0,14,5.0,4.6,4.6
115,4789783,68.0,1,11,5.0,5.0,5.0
116,4789788,71.0,0,5,0.0,0.0,0.0
117,4789789,75.0,1,18,4.8,0.0,0.0
118,4810715,74.0,0,7,5.0,5.0,5.0
119,4849426,57.0,0,4,0.0,0.0,0.0
120,4849427,73.0,0,2,5.0,5.0,5.0
121,4849430,77.0,0,14,4.2,5.0,5.0
122,4849433,75.0,1,14,5.0,5.0,5.0
123,4849495,64.0,0,2,0.0,0.0,0.0
124,4849496,83.0,2,36,4.3,4.2,4.2
125,4849498,79.0,0,14,3.8,0.0,0.0
126,4881711,79.0,0,31,4.8,5.0,5.0
127,4893963,78.0,0,14,5.0,5.0,5.0
128,4895530,78.0,0,8,5.0,5.0,5.0
129,4895531,72.0,0,21,5.0,5.0,5.0
130,4895532,60.0,0,1,0.0,0.0,0.0
131,4895533,61.0,0,4,0.0,0.0,0.0
132,4895535,60.0,0,4,0.0,0.0,0.0
133,4895537,74.0,0,3,0.0,0.0,0.0
134,4895681,48.0,0,3,0.0,0.0,0.0
135,4895684,67.0,0,19,0.0,0.0,0.0
136,4895685,78.0,2,28,5.0,5.0,5.0
137,4918754,75.0,0,13,4.3,5.0,5.0
138,4918755,78.0,0,13,4.3,4.3,4.3
139,4918756,75.0,3,30,4.1,3.9,3.9
140,4918759,82.0,0,6,5.0,5.0,5.0
141,4918763,63.0,0,10,0.0,0.0,0.0
142,4918765,50.0,0,1,0.0,0.0,0.0
143,4918766,61.0,0,1,5.0,5.0,5.0
144,4918769,77.0,1,29,4.6,4.7,4.7
145,4918770,82.0,3,34,3.5,4.0,4.0
146,4986602,85.0,2,25,4.4,5.0,5.0
147,5020140,64.0,0,5,0.0,0.0,0.0
148,5021738,82.0,3,53,5.0,5.0,5.0
149,5030693,83.0,3,51,4.7,5.0,5.0
150,5054486,83.0,2,26,0.0,0.0,0.0
151,5071962,80.0,0,12,4.3,5.0,5.0
152,5101794,69.0,0,4,3.9,4.4,4.4
153,5108779,46.0,0,0,0.0,0.0,0.0
154,5108780,80.0,1,5,0.0,0.0,0.0
155,5108781,73.0,0,14,2.4,2.7,2.7
156,5108785,72.0,0,6,0.0,0.0,0.0
157,5108786,81.0,0,5,0.0,0.0,0.0
158,5108787,61.0,0,3,0.0,0.0,0.0
159,5108788,70.0,0,5,0.0,0.0,0.0
160,5108789,69.0,2,12,4.6,5.0,5.0
161,5108790,64.0,0,6,0.0,0.0,0.0
162,5108791,89.0,2,18,4.7,4.8,4.8
163,5108794,77.0,1,17,0.0,0.0,0.0
164,5108795,80.0,0,9,0.0,0.0,0.0
165,5108798,63.0,1,14,0.0,0.0,0.0
166,5108990,79.0,0,2,0.0,0.0,0.0
167,5109129,65.0,0,3,0.0,0.0,0.0
168,5109131,75.0,0,5,0.0,0.0,0.0
169,5109859,70.0,2,9,0.0,0.0,0.0
170,5109986,76.0,0,6,4.6,5.0,5.0
171,5188784,74.0,0,7,4.2,4.3,4.3
172,5252927,86.0,1,17,4.5,5.0,5.0
173,5252928,72.0,0,13,4.8,5.0,5.0
174,5252930,71.0,0,13,4.2,0.0,0.0
175,5252931,68.0,0,2,0.0,0.0,0.0
176,5252933,77.0,1,33,4.6,4.3,4.3
177,5252935,82.0,0,27,0.0,0.0,0.0
178,5252939,81.0,0,38,4.3,4.7,4.7
179,5252942,82.0,0,13,5.0,5.0,5.0
180,5252943,71.0,0,4,0.0,0.0,0.0
181,5253002,61.0,0,5,0.0,0.0,0.0
182,5253068,82.0,0,21,4.3,4.4,4.4
183,5253069,63.0,0,1,0.0,0.0,0.0
184,5253070,76.0,8,82,4.8,5.0,5.0
185,5253072,83.0,2,18,4.3,4.5,4.5
186,5253141,76.0,0,8,0.0,0.0,0.0
187,5260014,87.0,3,45,5.0,5.0,5.0
188,5260338,77.0,1,7,0.0,0.0,0.0
189,5277233,80.0,0,7,0.0,0.0,0.0
190,5277235,79.0,3,26,5.0,5.0,5.0
191,5277237,81.0,0,13,5.0,5.0,5.0
192,5277238,80.0,0,6,0.0,0.0,0.0
193,5277240,82.0,0,46,4.7,5.0,5.0
194,5277243,80.0,0,13,4.2,4.2,4.2
195,5277244,85.0,1,64,4.9,4.6,4.6
196,5277245,47.0,0,1,0.0,0.0,0.0
197,5277247,73.0,0,6,0.0,0.0,0.0
198,5277250,67.0,2,10,0.0,0.0,0.0
199,5277252,85.0,0,15,4.8,5.0,5.0
200,5277255,81.0,0,13,4.0,5.0,5.0
201,5277256,79.0,1,37,3.6,3.3,3.3
202,5277257,81.0,0,13,5.0,5.0,5.0
203,5277258,82.0,2,28,4.5,4.3,4.3
204,5277259,78.0,0,4,0.0,0.0,0.0
205,5277260,80.0,1,17,4.7,4.7,4.7
206,5277262,71.0,0,9,4.9,0.0,0.0
207,5277265,62.0,0,7,0.0,0.0,0.0
208,5277270,60.0,0,0,0.0,0.0,0.0
209,5277273,53.0,0,8,0.0,0.0,0.0
210,5277274,74.0,2,39,4.8,5.0,5.0
211,5277275,85.0,4,37,5.0,5.0,5.0
212,5277276,80.0,3,24,4.7,4.7,4.7
213,5277277,71.0,0,5,0.0,0.0,0.0
214,5277464,77.0,3,29,5.0,5.0,5.0
215,5277544,87.0,0,37,3.9,4.6,4.6
216,5277545,78.0,0,14,4.8,5.0,5.0
217,5277547,87.0,1,38,4.7,4.9,4.9
218,5277548,78.0,0,6,0.0,0.0,0.0
219,5277550,69.0,0,2,0.0,0.0,0.0
220,5277551,80.0,0,8,4.5,5.0,5.0
221,5277552,75.0,0,3,0.0,0.0,0.0
222,5277554,72.0,2,32,3.7,3.4,3.4
223,5277556,78.0,0,9,4.5,5.0,5.0
224,5277557,71.0,0,6,0.0,0.0,0.0
225,5277558,84.0,0,7,0.0,0.0,0.0
226,5277559,77.0,2,12,4.8,5.0,5.0
227,5277562,85.0,1,29,4.7,4.7,4.7
228,5277564,55.0,0,0,0.0,0.0,0.0
229,5277565,68.0,0,7,0.0,0.0,0.0
230,5277566,82.0,0,7,0.0,0.0,0.0
231,5277569,65.0,0,1,0.0,0.0,0.0
232,5278606,63.0,0,11,0.0,0.0,0.0
233,5279665,64.0,0,5,0.0,0.0,0.0
234,5279666,82.0,1,23,5.0,5.0,5.0
235,5279667,80.0,1,54,4.8,5.0,5.0
236,5279668,80.0,4,42,5.0,5.0,5.0
237,5279672,71.0,0,4,0.0,0.0,0.0
238,5279673,72.0,0,3,3.6,4.0,4.0
239,5279756,67.0,0,0,0.0,0.0,0.0
240,5279757,80.0,1,13,4.4,4.4,4.4
241,5279758,82.0,2,46,4.4,4.2,4.2
242,5279760,72.0,0,11,4.6,5.0,5.0
243,5279761,62.0,0,3,0.0,0.0,0.0
244,5279763,82.0,0,9,0.0,0.0,0.0
245,5279839,70.0,0,4,0.0,0.0,0.0
246,5280466,80.0,2,47,5.0,5.0,5.0
247,5300045,87.0,1,46,4.9,5.0,5.0
248,5300233,78.0,0,19,4.1,5.0,5.0
249,5300238,75.0,1,11,4.2,4.2,4.2
250,5311642,77.0,1,44,5.0,5.0,5.0
251,5311643,72.0,0,3,4.6,5.0,5.0
252,5311644,83.0,2,37,4.8,5.0,5.0
253,5311648,88.0,0,19,5.0,5.0,5.0
254,5311649,86.0,2,30,4.6,4.8,4.8
255,5311651,73.0,1,14,4.4,5.0,5.0
256,5311652,88.0,1,17,4.8,4.6,4.6
257,5311653,87.0,2,34,4.6,4.8,4.8
258,5311654,50.0,0,0,0.0,0.0,0.0
259,5311656,74.0,0,6,4.6,0.0,0.0
260,5311657,68.0,2,32,4.8,5.0,5.0
261,5312166,65.0,0,5,0.0,0.0,0.0
262,5312249,84.0,1,16,5.0,5.0,5.0
263,5312252,90.0,4,55,4.8,5.0,5.0
264,5312253,46.0,0,0,0.0,0.0,0.0
265,5332324,72.0,0,8,0.0,0.0,0.0
266,5332325,77.0,0,3,5.0,5.0,5.0
267,5332326,70.0,2,8,4.6,4.4,4.4
268,5332327,71.0,0,7,0.0,0.0,0.0
269,5332331,81.0,2,14,0.0,0.0,0.0
270,5332334,84.0,3,69,4.5,4.8,4.8
271,5332335,62.0,0,0,0.0,0.0,0.0
272,5332336,57.0,0,9,0.0,0.0,0.0
273,5332338,74.0,1,9,4.1,5.0,5.0
274,5332339,82.0,0,8,0.0,0.0,0.0
275,5332340,78.0,0,12,5.0,4.4,4.4
276,5332341,79.0,2,16,4.9,5.0,5.0
277,5332342,83.0,0,18,4.8,5.0,5.0
278,5332343,53.0,0,0,0.0,0.0,0.0
279,5332344,80.0,1,19,5.0,5.0,5.0
280,5332345,84.0,0,14,4.4,5.0,5.0
281,5332348,82.0,1,26,5.0,5.0,5.0
282,5332349,77.0,0,14,0.0,0.0,0.0
283,5334439,52.0,0,0,0.0,0.0,0.0
284,5334527,81.0,0,33,4.6,5.0,5.0
285,5334907,84.0,1,17,0.0,0.0,0.0
286,5336276,85.0,4,93,4.5,4.9,4.9
287,5336278,73.0,0,15,4.8,0.0,0.0
288,5336280,62.0,0,1,0.0,0.0,0.0
289,5336874,78.0,3,17,4.0,4.2,4.2
290,5356259,79.0,0,15,5.0,5.0,5.0
291,5365465,69.0,0,14,5.0,5.0,5.0
292,5365466,78.0,0,8,4.1,4.3,4.3
293,5365707,86.0,0,11,5.0,5.0,5.0
294,5365708,87.0,3,58,5.0,4.8,4.8
295,5377618,68.0,0,3,0.0,0.0,0.0
296,5386046,82.0,1,21,4.5,5.0,5.0
297,5386047,62.0,0,0,0.0,0.0,0.0
298,5386048,86.0,1,16,5.0,5.0,5.0
299,5386053,62.0,0,0,0.0,0.0,0.0
300,5386054,86.0,0,25,4.9,5.0,5.0
301,5386056,72.0,0,11,5.0,0.0,0.0
302,5386057,62.0,0,6,0.0,0.0,0.0
303,5386058,72.0,0,4,0.0,0.0,0.0
304,5386060,79.0,0,12,4.5,4.5,4.5
305,5386154,78.0,0,6,5.0,5.0,5.0
306,5386205,48.0,0,6,0.0,0.0,0.0
307,5386282,80.0,0,17,5.0,5.0,5.0
308,5386285,86.0,0,66,4.4,4.3,4.3
309,5400453,62.0,0,2,0.0,0.0,0.0
310,5411146,84.0,0,11,4.3,0.0,0.0
311,5411212,67.0,0,8,0.0,0.0,0.0
312,5411213,77.0,0,18,5.0,5.0,5.0
313,5411214,87.0,0,36,5.0,5.0,5.0
314,5411219,79.0,1,24,4.3,4.6,4.6
315,5411222,71.0,0,3,0.0,0.0,0.0
316,5411223,62.0,0,3,0.0,0.0,0.0
317,5411224,76.0,0,10,0.0,0.0,0.0
318,5411225,72.0,0,8,0.0,0.0,0.0
319,5411226,73.0,0,9,0.0,0.0,0.0
320,5411227,63.0,0,0,0.0,0.0,0.0
321,5411228,85.0,2,24,4.2,4.5,4.5
322,5411229,72.0,1,10,0.0,0.0,0.0
323,5411231,87.0,10,128,4.5,4.7,4.7
324,5411233,89.0,0,58,4.6,5.0,5.0
325,5411235,53.0,0,1,0.0,0.0,0.0
326,5411238,78.0,1,17,0.0,0.0,0.0
327,5411239,66.0,1,6,0.0,0.0,0.0
328,5411242,70.0,0,4,0.0,0.0,0.0
329,5411243,84.0,0,22,4.7,5.0,5.0
330,5417948,47.0,0,0,0.0,0.0,0.0
331,5417952,62.0,0,4,0.0,0.0,0.0
332,5417953,56.0,0,1,0.0,0.0,0.0
333,5417954,89.0,4,58,4.8,5.0,5.0
334,5417956,77.0,0,12,0.0,0.0,0.0
335,5417958,81.0,0,5,0.0,0.0,0.0
336,5418046,78.0,0,7,5.0,5.0,5.0
337,5419784,64.0,0,15,5.0,5.0,5.0
338,5419786,88.0,0,46,5.0,0.0,0.0
339,5419787,85.0,3,48,4.7,5.0,5.0
340,5419788,52.0,0,9,0.0,0.0,0.0
341,5419789,77.0,0,10,4.4,5.0,5.0
342,5420106,81.0,0,9,5.0,5.0,5.0
343,5420108,81.0,1,8,0.0,0.0,0.0
344,5420109,75.0,0,12,5.0,5.0,5.0
345,5420111,77.0,0,3,0.0,0.0,0.0
346,5420112,76.0,0,8,0.0,0.0,0.0
347,5429580,78.0,0,8,5.0,5.0,5.0
348,5429581,67.0,0,7,5.0,5.0,5.0
349,5429583,83.0,2,12,4.5,5.0,5.0
350,5429584,80.0,0,13,5.0,5.0,5.0
351,5429586,72.0,0,6,4.9,4.8,4.8
352,5429587,84.0,1,51,4.1,4.7,4.7
353,5429589,71.0,0,16,3.8,4.5,4.5
354,5429591,85.0,0,16,4.9,5.0,5.0
355,5429592,66.0,0,4,0.0,0.0,0.0
356,5429594,83.0,2,29,4.9,5.0,5.0
357,5429595,85.0,2,25,4.9,5.0,5.0
358,5429596,80.0,0,12,4.9,5.0,5.0
359,5429597,86.0,0,47,5.0,5.0,5.0
360,5429598,77.0,0,8,5.0,5.0,5.0
361,5438729,68.0,0,3,4.6,4.6,4.6
362,5444841,61.0,0,1,0.0,0.0,0.0
363,5444842,56.0,0,8,0.0,0.0,0.0
364,5444843,67.0,0,0,0.0,0.0,0.0
365,5444844,72.0,0,6,0.0,0.0,0.0
366,5444845,62.0,0,7,0.0,0.0,0.0
367,5444846,72.0,0,2,0.0,0.0,0.0
368,5444848,84.0,1,37,4.7,4.6,4.6
369,5444849,69.0,0,8,4.6,0.0,0.0
370,5444851,86.0,1,14,4.7,5.0,5.0
371,5444852,46.0,0,0,0.0,0.0,0.0
372,5444853,76.0,0,11,5.0,0.0,0.0
373,5444854,58.0,0,2,0.0,0.0,0.0
374,5444855,84.0,0,8,3.6,4.4,4.4
375,5444856,66.0,0,6,4.4,4.4,4.4
376,5444857,84.0,1,25,5.0,5.0,5.0
377,5444858,66.0,0,7,0.0,0.0,0.0
378,5444860,77.0,0,20,0.0,0.0,0.0
379,5444861,54.0,0,3,0.0,0.0,0.0
380,5444862,86.0,1,48,4.7,5.0,5.0
381,5444863,85.0,0,4,5.0,5.0,5.0
382,5444864,65.0,0,1,0.0,0.0,0.0
383,5444869,71.0,1,7,0.0,0.0,0.0
384,5444870,71.0,0,3,0.0,0.0,0.0
385,5444872,66.0,0,3,0.0,0.0,0.0
386,5444873,75.0,1,31,4.7,5.0,5.0
387,5444875,82.0,0,8,4.9,5.0,5.0
388,5444876,80.0,0,11,4.7,5.0,5.0
389,5444877,76.0,4,58,5.0,5.0,5.0
390,5444880,81.0,0,6,4.5,5.0,5.0
391,5444881,75.0,0,6,5.0,5.0,5.0
392,5444883,80.0,2,22,4.6,4.3,4.3
393,5444884,85.0,6,91,4.2,4.4,4.4
394,5444885,83.0,1,30,4.8,4.8,4.8
395,5444887,83.0,1,49,5.0,5.0,5.0
396,5444888,73.0,0,10,0.0,0.0,0.0
397,5445633,84.0,0,10,5.0,5.0,5.0
398,5445634,86.0,0,21,4.9,5.0,5.0
399,5445635,68.0,0,7,0.0,0.0,0.0
400,5445636,65.0,0,3,0.0,0.0,0.0
401,5445639,68.0,0,3,0.0,0.0,0.0
402,5445640,84.0,0,42,4.7,4.4,4.4
403,5445642,75.0,0,3,5.0,5.0,5.0
404,5445643,63.0,0,6,0.0,0.0,0.0
405,5445645,77.0,0,4,4.9,5.0,5.0
406,5460661,86.0,1,54,4.4,4.5,4.5
407,5511309,82.0,1,29,4.5,4.7,4.7
408,5531651,86.0,1,13,4.3,4.3,4.3
409,5531652,71.0,0,5,5.0,5.0,5.0
410,5531654,76.0,3,16,5.0,5.0,5.0
411,5531655,76.0,0,8,4.2,5.0,5.0
412,5531656,78.0,0,11,5.0,5.0,5.0
413,5531658,46.0,0,0,0.0,0.0,0.0
414,5531659,82.0,0,36,4.5,4.8,4.8
415,5531660,56.0,0,9,0.0,0.0,0.0
416,5531661,64.0,0,5,0.0,0.0,0.0
417,5531662,81.0,0,20,4.6,5.0,5.0
418,5531663,84.0,0,15,5.0,5.0,5.0
419,5531665,76.0,0,13,5.0,5.0,5.0
420,5531670,77.0,2,27,4.3,5.0,5.0
421,5531671,74.0,0,9,5.0,5.0,5.0
422,5531672,83.0,0,6,5.0,5.0,5.0
423,5531673,74.0,0,7,5.0,5.0,5.0
424,5531675,86.0,0,11,5.0,5.0,5.0
425,5531677,62.0,0,1,5.0,5.0,5.0
426,5531679,76.0,0,1,5.0,5.0,5.0
427,5531680,70.0,0,6,0.0,0.0,0.0
428,5531681,61.0,0,2,0.0,0.0,0.0
429,5531682,72.0,0,1,0.0,0.0,0.0
430,5531683,85.0,1,7,5.0,5.0,5.0
431,5531687,90.0,10,191,4.9,5.0,5.0
432,5531688,71.0,0,9,0.0,0.0,0.0
433,5531689,54.0,0,1,0.0,0.0,0.0
434,5531690,76.0,0,10,0.0,0.0,0.0
435,5531692,83.0,2,17,0.0,0.0,0.0
436,5531693,87.0,0,9,4.5,0.0,0.0
437,5531695,56.0,0,4,0.0,0.0,0.0
438,5531696,61.0,0,1,0.0,0.0,0.0
439,5531699,77.0,0,5,0.0,0.0,0.0
440,5531701,86.0,0,23,4.3,5.0,5.0
441,5531702,77.0,1,13,0.0,0.0,0.0
442,5531703,78.0,0,34,4.8,5.0,5.0
443,5531888,87.0,0,35,4.8,4.3,4.3
444,5531889,86.0,1,71,4.4,4.5,4.5
445,5531891,76.0,0,9,5.0,5.0,5.0
446,5531892,81.0,0,5,5.0,5.0,5.0
447,5531893,78.0,0,9,4.9,5.0,5.0
448,5531956,86.0,0,36,4.8,5.0,5.0
449,5531957,81.0,2,56,4.8,4.7,4.7
450,5531958,82.0,0,14,4.2,5.0,5.0
451,5531959,77.0,0,19,4.8,5.0,5.0
452,5531960,75.0,0,10,0.0,0.0,0.0
453,5531961,79.0,0,6,0.0,0.0,0.0
454,5531963,76.0,9,74,4.6,4.6,4.6
455,5531964,87.0,2,43,4.8,4.8,4.8
456,5531966,85.0,1,58,4.8,4.8,4.8
457,5539294,84.0,0,12,5.0,5.0,5.0
458,5539295,82.0,0,11,4.4,4.2,4.2
459,5539296,88.0,2,33,5.0,4.9,4.9
460,5539297,75.0,0,9,4.3,3.7,3.7
461,5539299,83.0,2,21,4.8,4.6,4.6
462,5539300,68.0,0,9,0.0,0.0,0.0
463,5539301,81.0,2,35,4.3,4.5,4.5
464,5539303,84.0,0,24,4.9,5.0,5.0
465,5539304,83.0,0,19,4.8,5.0,5.0
466,5539305,85.0,5,28,4.0,4.1,4.1
467,5539306,80.0,0,9,4.4,0.0,0.0
468,5539307,81.0,1,59,4.3,3.8,3.8
469,5539308,73.0,2,3,0.0,0.0,0.0
470,5539309,81.0,0,35,4.9,0.0,0.0
471,5539310,53.0,0,4,0.0,0.0,0.0
472,5539312,82.0,0,37,4.9,5.0,5.0
473,5539313,77.0,0,14,4.4,5.0,5.0
474,5539315,88.0,0,37,5.0,5.0,5.0
475,5539317,61.0,0,2,5.0,5.0,5.0
476,5539318,81.0,0,29,0.0,0.0,0.0
477,5539319,82.0,1,23,0.0,0.0,0.0
478,5539320,81.0,2,18,4.4,4.7,4.7
479,5539323,60.0,0,6,0.0,0.0,0.0
480,5539326,87.0,1,10,5.0,5.0,5.0
481,5539328,86.0,0,7,4.9,5.0,5.0
482,5539329,66.0,0,2,0.0,0.0,0.0
483,5539331,63.0,0,7,0.0,0.0,0.0
484,5539332,76.0,1,20,5.0,5.0,5.0
485,5539334,84.0,0,20,5.0,5.0,5.0
486,5539335,75.0,0,5,5.0,5.0,5.0
487,5539336,81.0,0,8,4.8,4.6,4.6
488,5539337,72.0,0,19,5.0,5.0,5.0
489,5539341,73.0,0,6,5.0,0.0,0.0
490,5539342,57.0,0,8,0.0,0.0,0.0
491,5539343,65.0,2,4,0.0,0.0,0.0
492,5539344,84.0,8,100,4.9,5.0,5.0
493,5539345,71.0,0,14,5.0,5.0,5.0
494,5539346,76.0,0,7,5.0,5.0,5.0
495,5539347,63.0,1,10,0.0,0.0,0.0
496,5539349,66.0,1,5,0.0,0.0,0.0
497,5539351,81.0,0,26,5.0,5.0,5.0
498,5539353,78.0,0,9,4.3,0.0,0.0
499,5539354,76.0,1,13,4.3,4.6,4.6
500,5539355,57.0,0,4,0.0,0.0,0.0
501,5539356,63.0,0,2,0.0,0.0,0.0
502,5539357,73.0,0,5,0.0,0.0,0.0
503,5539358,86.0,2,33,4.5,4.5,4.5
504,5539359,77.0,0,21,4.8,5.0,5.0
505,5539360,82.0,2,88,4.7,4.8,4.8
506,5539362,85.0,2,28,5.0,5.0,5.0
507,5539364,78.0,0,21,5.0,5.0,5.0
508,5539369,70.0,0,8,5.0,5.0,5.0
509,5539467,83.0,0,7,5.0,5.0,5.0
510,5539469,56.0,0,0,0.0,0.0,0.0
511,5539471,81.0,1,9,5.0,5.0,5.0
512,5539472,58.0,0,1,0.0,0.0,0.0
513,5539473,77.0,0,3,4.6,5.0,5.0
514,5539479,75.0,0,3,0.0,0.0,0.0
515,5539480,71.0,0,14,0.0,0.0,0.0
516,5539481,51.0,0,0,0.0,0.0,0.0
517,5539482,74.0,0,22,5.0,5.0,5.0
518,5539548,77.0,0,10,5.0,5.0,5.0
519,5539549,61.0,0,4,0.0,0.0,0.0
520,5539550,85.0,0,20,5.0,5.0,5.0
521,5539552,84.0,1,27,5.0,5.0,5.0
522,5539553,72.0,0,19,0.0,0.0,0.0
523,5539554,86.0,4,57,4.2,4.5,4.5
524,5539619,63.0,0,6,0.0,0.0,0.0
525,5539620,78.0,0,7,0.0,0.0,0.0
526,5539622,80.0,3,33,4.1,4.4,4.4
527,5539623,82.0,0,7,0.0,0.0,0.0
528,5550378,89.0,6,92,4.9,4.9,4.9
529,5550656,66.0,0,1,0.0,0.0,0.0
530,5552240,69.0,0,4,0.0,0.0,0.0
531,5562075,84.0,0,37,5.0,5.0,5.0
532,5568376,56.0,0,3,0.0,0.0,0.0
533,5568377,58.0,0,0,0.0,0.0,0.0
534,5568379,74.0,0,4,0.0,0.0,0.0
535,5568380,80.0,0,7,0.0,0.0,0.0
536,5568381,81.0,0,12,5.0,5.0,5.0
537,5568382,85.0,2,42,4.4,4.0,4.0
538,5568383,88.0,1,23,4.6,5.0,5.0
539,5568384,88.0,3,38,5.0,5.0,5.0
540,5568385,69.0,0,3,0.0,0.0,0.0
541,5568387,68.0,0,6,0.0,0.0,0.0
542,5568388,79.0,1,30,5.0,5.0,5.0
543,5568389,88.0,4,44,5.0,5.0,5.0
544,5568390,68.0,0,0,0.0,0.0,0.0
545,5568391,78.0,3,43,5.0,5.0,5.0
546,5568393,83.0,1,26,5.0,5.0,5.0
547,5568394,81.0,0,16,4.2,5.0,5.0
548,5568395,85.0,1,83,5.0,5.0,5.0
549,5568397,59.0,0,3,0.0,0.0,0.0
550,5568398,90.0,6,67,4.8,5.0,5.0
551,5568399,82.0,1,18,5.0,5.0,5.0
552,5568400,62.0,0,4,0.0,0.0,0.0
553,5568402,82.0,2,46,4.6,4.5,4.5
554,5568403,83.0,1,22,5.0,5.0,5.0
555,5568404,80.0,0,6,4.3,4.5,4.5
556,5568406,65.0,0,4,0.0,0.0,0.0
557,5568407,61.0,0,7,5.0,5.0,5.0
558,5568408,76.0,0,16,5.0,0.0,0.0
559,5568409,54.0,0,1,0.0,0.0,0.0
560,5568410,78.0,1,7,4.8,4.8,4.8
561,5568412,87.0,1,38,5.0,5.0,5.0
562,5568413,73.0,0,11,3.6,4.6,4.6
563,5568414,75.0,0,10,0.0,0.0,0.0
564,5568416,65.0,0,2,0.0,0.0,0.0
565,5568417,76.0,0,17,5.0,5.0,5.0
566,5568418,86.0,0,14,4.8,5.0,5.0
567,5568420,75.0,0,10,5.0,5.0,5.0
568,5569963,71.0,0,8,0.0,0.0,0.0
569,5569964,74.0,0,6,5.0,5.0,5.0
570,5569966,74.0,0,10,4.4,4.4,4.4
571,5569967,80.0,0,8,5.0,5.0,5.0
572,5575850,80.0,4,36,4.7,4.7,4.7
573,5575851,71.0,0,13,0.0,0.0,0.0
574,5575852,67.0,0,7,0.0,0.0,0.0
575,5575853,58.0,0,0,0.0,0.0,0.0
576,5575854,75.0,0,17,5.0,5.0,5.0
577,5575855,69.0,1,13,0.0,0.0,0.0
578,5575858,82.0,0,23,3.9,3.8,3.8
579,5575859,63.0,0,3,0.0,0.0,0.0
580,5575860,85.0,1,13,5.0,5.0,5.0
581,5575861,83.0,0,30,4.6,5.0,5.0
582,5575862,76.0,0,3,5.0,5.0,5.0
583,5575864,84.0,1,10,4.6,4.6,4.6
584,5575866,49.0,0,1,0.0,0.0,0.0
585,5575867,76.0,0,8,0.0,0.0,0.0
586,5575868,85.0,0,14,5.0,5.0,5.0
587,5575869,87.0,0,10,4.8,4.8,4.8
588,5575870,62.0,0,1,0.0,0.0,0.0
589,5575871,45.0,0,0,0.0,0.0,0.0
590,5575872,80.0,0,17,5.0,5.0,5.0
591,5575873,72.0,0,6,5.0,5.0,5.0
592,5575875,77.0,1,25,5.0,5.0,5.0
593,5575877,47.0,0,2,0.0,0.0,0.0
594,5575878,78.0,0,23,5.0,5.0,5.0
595,5575879,60.0,0,0,0.0,0.0,0.0
596,5575881,75.0,0,6,5.0,5.0,5.0
597,5575882,60.0,1,8,3.7,4.1,4.1
598,5575884,77.0,0,11,0.0,0.0,0.0
599,5575885,58.0,0,5,0.0,0.0,0.0
600,5576142,63.0,0,3,0.0,0.0,0.0
601,5576144,70.0,0,7,0.0,0.0,0.0
602,5576145,85.0,1,84,4.8,5.0,5.0
603,5576269,63.0,0,1,0.0,0.0,0.0
604,5576270,86.0,2,27,0.0,0.0,0.0
605,5576271,67.0,0,2,0.0,0.0,0.0
606,5576272,70.0,0,4,0.0,0.0,0.0
607,5576331,72.0,1,9,5.0,5.0,5.0
608,5576860,79.0,1,16,5.0,5.0,5.0
609,5578661,82.0,1,17,4.9,5.0,5.0
610,5578663,89.0,2,27,4.7,4.7,4.7
611,5578664,75.0,1,8,4.7,5.0,5.0
612,5578665,80.0,0,10,5.0,5.0,5.0
613,5578667,73.0,0,6,5.0,5.0,5.0
614,5578668,84.0,2,9,5.0,5.0,5.0
615,5578669,78.0,1,21,5.0,5.0,5.0
616,5578670,87.0,2,26,5.0,5.0,5.0
617,5578673,61.0,0,1,0.0,0.0,0.0
618,5578674,83.0,0,17,5.0,5.0,5.0
619,5578677,84.0,1,13,4.3,4.3,4.3
620,5578678,85.0,1,31,4.4,3.9,3.9
621,5578679,85.0,2,32,4.6,4.6,4.6
622,5578680,78.0,1,9,4.2,3.3,3.3
623,5578681,82.0,2,14,5.0,5.0,5.0
624,5578683,56.0,0,5,0.0,0.0,0.0
625,5578687,76.0,0,9,5.0,5.0,5.0
626,5578689,69.0,0,8,0.0,0.0,0.0
627,5578690,82.0,2,39,5.0,5.0,5.0
628,5578691,73.0,0,23,5.0,5.0,5.0
629,5578693,79.0,0,14,0.0,0.0,0.0
630,5578694,76.0,0,25,5.0,5.0,5.0
631,5578696,58.0,0,6,0.0,0.0,0.0
632,5578697,64.0,0,1,0.0,0.0,0.0
633,5578698,64.0,0,3,0.0,0.0,0.0
634,5578699,84.0,2,35,4.9,5.0,5.0
635,5578701,80.0,5,61,4.3,4.8,4.8
636,5578702,84.0,0,26,5.0,5.0,5.0
637,5578704,76.0,0,5,5.0,0.0,0.0
638,5578707,86.0,0,15,5.0,5.0,5.0
639,5578710,63.0,0,5,0.0,0.0,0.0
640,5578711,77.0,1,16,4.6,5.0,5.0
641,5578712,86.0,2,67,5.0,5.0,5.0
642,5578713,85.0,1,46,5.0,5.0,5.0
643,5578714,75.0,1,9,4.6,5.0,5.0
644,5578715,83.0,3,38,3.5,4.6,4.6
645,5578716,59.0,0,3,0.0,0.0,0.0
646,5578718,60.0,0,3,0.0,0.0,0.0
647,5578720,79.0,0,8,5.0,5.0,5.0
648,5578721,77.0,1,12,0.0,0.0,0.0
649,5578722,87.0,2,11,5.0,5.0,5.0
650,5578723,83.0,1,24,4.9,4.6,4.6
651,5606334,67.0,0,11,0.0,0.0,0.0
652,5610086,83.0,1,13,4.1,4.4,4.4
653,5610091,61.0,0,6,0.0,0.0,0.0
654,5627566,77.0,0,12,5.0,5.0,5.0
655,5631574,73.0,0,9,4.3,5.0,5.0
656,5631576,76.0,0,15,5.0,5.0,5.0
657,5631577,84.0,0,6,5.0,5.0,5.0
658,5631578,81.0,1,32,4.3,5.0,5.0
659,5631579,77.0,0,13,5.0,5.0,5.0
660,5631581,49.0,0,2,0.0,0.0,0.0
661,5631582,91.0,6,79,5.0,5.0,5.0
662,5631587,74.0,1,19,5.0,5.0,5.0
663,5631588,84.0,2,15,4.3,5.0,5.0
664,5631589,45.0,0,0,0.0,0.0,0.0
665,5631590,58.0,0,5,0.0,0.0,0.0
666,5631591,87.0,0,23,4.8,5.0,5.0
667,5631593,78.0,0,9,5.0,5.0,5.0
668,5631596,86.0,2,52,4.4,4.0,4.0
669,5631597,68.0,0,0,0.0,0.0,0.0
670,5631599,73.0,0,18,0.0,0.0,0.0
671,5631600,72.0,0,7,0.0,0.0,0.0
672,5631601,81.0,1,49,4.1,4.6,4.6
673,5631603,77.0,0,10,5.0,5.0,5.0
674,5632573,87.0,1,14,5.0,5.0,5.0
675,5632575,72.0,0,13,0.0,0.0,0.0
676,5632576,81.0,2,37,3.7,3.7,3.7
677,5636067,58.0,0,0,0.0,0.0,0.0
678,5636068,83.0,0,20,5.0,5.0,5.0
679,5636072,62.0,0,0,0.0,0.0,0.0
680,5636073,84.0,0,21,4.4,5.0,5.0
681,5636075,49.0,0,0,0.0,0.0,0.0
682,5636078,55.0,0,4,0.0,0.0,0.0
683,5636079,64.0,0,3,0.0,0.0,0.0
684,5636080,71.0,0,11,4.8,5.0,5.0
685,5636082,81.0,1,17,0.0,0.0,0.0
686,5636083,69.0,0,3,0.0,0.0,0.0
687,5636085,65.0,1,1,0.0,0.0,0.0
688,5636086,85.0,0,29,5.0,0.0,0.0
689,5636087,59.0,0,5,0.0,0.0,0.0
690,5636088,79.0,0,28,4.7,4.4,4.4
691,5636089,85.0,0,19,5.0,5.0,5.0
692,5636093,74.0,0,12,0.0,0.0,0.0
693,5637825,83.0,1,7,4.3,0.0,0.0
694,5637913,87.0,1,21,5.0,5.0,5.0
695,5637915,88.0,5,24,5.0,5.0,5.0
696,5637916,60.0,0,2,0.0,0.0,0.0
697,5637917,75.0,0,6,0.0,0.0,0.0
698,5637918,79.0,3,16,4.5,4.5,4.5
699,5637919,68.0,0,13,4.8,0.0,0.0
700,5689950,82.0,3,27,5.0,0.0,0.0
701,5700303,79.0,0,32,4.9,5.0,5.0
702,5718168,88.0,0,31,5.0,5.0,5.0
703,5718170,85.0,1,26,5.0,5.0,5.0
704,5718173,58.0,0,0,0.0,0.0,0.0
705,5718174,62.0,0,5,0.0,0.0,0.0
706,5718175,80.0,1,29,4.2,5.0,5.0
707,5718176,82.0,3,93,4.8,4.8,4.8
708,5718177,81.0,0,13,4.3,4.3,4.3
709,5718179,84.0,1,35,5.0,5.0,5.0
710,5718180,69.0,0,3,0.0,0.0,0.0
711,5718182,74.0,0,7,5.0,5.0,5.0
712,5718183,79.0,0,9,3.9,4.4,4.4
713,5718263,78.0,0,10,5.0,5.0,5.0
714,5718264,67.0,0,28,0.0,0.0,0.0
715,5718265,76.0,1,20,0.0,0.0,0.0
716,5718267,80.0,0,2,0.0,0.0,0.0
717,5736361,57.0,0,2,0.0,0.0,0.0
718,5736362,87.0,0,16,4.9,5.0,5.0
719,5736363,82.0,1,28,5.0,5.0,5.0
720,5736366,86.0,3,41,4.1,4.8,4.8
721,5736368,81.0,0,13,0.0,0.0,0.0
722,5736370,77.0,0,11,0.0,0.0,0.0
723,5736371,85.0,2,29,5.0,5.0,5.0
724,5736375,59.0,0,0,0.0,0.0,0.0
725,5736479,78.0,0,1,0.0,0.0,0.0
726,5755144,83.0,0,58,4.9,5.0,5.0
727,5813332,85.0,0,11,4.7,5.0,5.0
728,5813334,68.0,0,8,0.0,0.0,0.0
729,5813415,83.0,0,10,0.0,0.0,0.0
730,5813420,72.0,0,14,3.0,3.7,3.7
731,5813421,83.0,0,15,5.0,5.0,5.0
732,5813424,61.0,0,7,0.0,0.0,0.0
733,5813426,85.0,0,9,4.7,5.0,5.0
734,5813427,60.0,0,10,0.0,0.0,0.0
735,5813428,83.0,1,10,0.0,0.0,0.0
736,5813429,75.0,1,5,0.0,0.0,0.0
737,5813430,61.0,0,5,0.0,0.0,0.0
738,5814217,48.0,0,1,0.0,0.0,0.0
739,5814379,70.0,0,6,0.0,0.0,0.0
740,5825139,50.0,0,8,0.0,0.0,0.0
741,5825140,84.0,1,44,5.0,5.0,5.0
742,5825142,87.0,0,23,4.8,4.7,4.7
743,5825143,84.0,1,31,3.7,4.3,4.3
744,5825144,88.0,0,6,5.0,5.0,5.0
745,5825146,76.0,2,15,4.9,5.0,5.0
746,5825147,84.0,1,24,4.9,5.0,5.0
747,5825210,85.0,5,39,4.5,5.0,5.0
748,5825211,82.0,0,16,5.0,5.0,5.0
749,5825266,74.0,0,20,5.0,5.0,5.0
750,5825267,82.0,0,7,4.5,5.0,5.0
751,5825268,87.0,0,14,5.0,5.0,5.0
752,5826518,83.0,0,26,0.0,0.0,0.0
753,5826883,70.0,0,5,0.0,0.0,0.0
754,5826884,47.0,0,0,0.0,0.0,0.0
755,5826885,72.0,0,6,0.0,0.0,0.0
756,5826886,81.0,0,14,5.0,5.0,5.0
757,5826887,59.0,0,5,0.0,0.0,0.0
758,5826888,80.0,0,10,0.0,0.0,0.0
759,5826889,69.0,1,16,4.7,4.5,4.5
760,5826890,83.0,1,42,5.0,5.0,5.0
761,5826892,65.0,0,3,0.0,0.0,0.0
762,5828620,88.0,2,10,5.0,5.0,5.0
763,5828622,85.0,1,17,4.3,4.2,4.2
764,5828623,69.0,0,9,0.0,0.0,0.0
765,5828624,72.0,0,3,5.0,5.0,5.0
766,5828625,74.0,0,24,2.4,3.5,3.5
767,5828626,69.0,0,13,4.4,4.4,4.4
768,5828731,78.0,1,63,3.9,4.8,4.8
769,5838494,74.0,0,9,5.0,5.0,5.0
770,5879540,72.0,0,9,0.0,0.0,0.0
771,5879542,87.0,0,21,5.0,5.0,5.0
772,5879543,75.0,1,7,5.0,5.0,5.0
773,5879544,85.0,0,23,5.0,5.0,5.0
774,5879549,81.0,0,21,4.3,4.4,4.4
775,5879550,77.0,0,11,5.0,0.0,0.0
776,5879551,55.0,0,0,0.0,0.0,0.0
777,5879553,85.0,1,31,4.9,5.0,5.0
778,5879554,76.0,0,17,4.2,4.2,4.2
779,5879571,71.0,1,9,0.0,0.0,0.0
780,5879572,89.0,8,33,4.8,5.0,5.0
781,5879576,70.0,0,3,0.0,0.0,0.0
782,5879578,74.0,0,11,5.0,5.0,5.0
783,5879579,83.0,1,22,4.4,3.7,3.7
784,5879580,61.0,0,0,0.0,0.0,0.0
785,5879581,74.0,1,16,5.0,5.0,5.0
786,5879582,53.0,0,9,0.0,0.0,0.0
787,5879583,75.0,0,21,0.0,0.0,0.0
788,5879584,80.0,2,35,3.4,3.6,3.6
789,5879587,81.0,1,13,0.0,0.0,0.0
790,5879588,77.0,0,13,5.0,5.0,5.0
791,5879589,68.0,1,10,0.0,0.0,0.0
792,5879591,45.0,0,0,0.0,0.0,0.0
793,5880507,74.0,0,12,3.7,4.7,4.7
794,5880509,83.0,0,11,5.0,5.0,5.0
795,5880510,74.0,0,9,5.0,5.0,5.0
796,5880589,61.0,0,0,0.0,0.0,0.0
797,5880680,77.0,1,24,5.0,5.0,5.0
798,5880681,72.0,0,7,3.8,3.7,3.7
799,5880682,45.0,0,0,0.0,0.0,0.0
800,5883751,76.0,0,11,0.0,0.0,0.0
801,5883753,63.0,0,1,0.0,0.0,0.0
802,5883754,84.0,1,29,4.5,4.6,4.6
803,5883758,78.0,0,23,0.0,0.0,0.0
804,5883759,74.0,1,18,4.4,5.0,5.0
805,5883760,66.0,0,12,0.0,0.0,0.0
806,5883761,81.0,1,17,4.2,4.2,4.2
807,5883763,83.0,0,16,4.9,5.0,5.0
808,5883764,86.0,1,30,4.6,5.0,5.0
809,5883765,73.0,0,17,4.7,5.0,5.0
810,5883768,71.0,0,3,0.0,0.0,0.0
811,5883769,77.0,0,4,5.0,5.0,5.0
812,5883770,84.0,0,12,5.0,5.0,5.0
813,5883771,83.0,1,16,5.0,5.0,5.0
814,5883772,82.0,0,15,5.0,5.0,5.0
815,5883773,76.0,0,24,4.6,5.0,5.0
816,5909991,65.0,0,7,0.0,0.0,0.0
817,5920995,74.0,0,3,4.3,4.6,4.6
818,5920996,62.0,0,0,0.0,0.0,0.0
819,5921000,86.0,1,14,4.9,5.0,5.0
820,5921001,84.0,0,20,4.9,5.0,5.0
821,5921003,79.0,0,17,4.7,5.0,5.0
822,5921004,76.0,0,21,4.8,5.0,5.0
823,5921005,87.0,1,28,5.0,5.0,5.0
824,5921006,72.0,0,21,0.0,0.0,0.0
825,5921007,83.0,1,30,5.0,5.0,5.0
826,5921008,86.0,1,20,5.0,5.0,5.0
827,5921009,74.0,0,3,0.0,0.0,0.0
828,5921010,61.0,0,0,0.0,0.0,0.0
829,5921011,49.0,0,3,0.0,0.0,0.0
830,5921012,74.0,0,2,0.0,0.0,0.0
831,5921757,83.0,1,28,5.0,5.0,5.0
832,5921759,76.0,0,15,0.0,0.0,0.0
833,5921762,85.0,1,16,4.4,4.4,4.4
834,5921763,78.0,0,10,5.0,5.0,5.0
835,5921766,76.0,0,10,5.0,5.0,5.0
836,5921767,81.0,1,19,5.0,5.0,5.0
837,5921771,62.0,0,0,0.0,0.0,0.0
838,5921774,84.0,0,21,5.0,5.0,5.0
839,5921802,84.0,2,49,4.9,5.0,5.0
840,5921803,75.0,0,3,4.7,5.0,5.0
841,5921835,81.0,0,0,0.0,0.0,0.0
842,5921836,79.0,0,34,4.8,5.0,5.0
843,5921837,59.0,0,3,0.0,0.0,0.0
844,5923059,81.0,0,20,4.6,4.8,4.8
845,5923111,68.0,0,3,0.0,0.0,0.0
846,5923114,47.0,0,0,0.0,0.0,0.0
847,5931688,65.0,0,10,0.0,0.0,0.0
848,5969249,85.0,2,32,4.3,4.1,4.1
849,5969255,49.0,0,1,0.0,0.0,0.0
850,5969256,72.0,1,10,4.3,4.3,4.3
851,5969257,83.0,0,5,0.0,0.0,0.0
852,5969259,68.0,0,3,0.0,0.0,0.0
853,5969262,83.0,0,40,4.7,5.0,5.0
854,5969263,66.0,0,5,0.0,0.0,0.0
855,5969308,83.0,1,6,0.0,0.0,0.0
856,5969311,70.0,1,10,0.0,0.0,0.0
857,5969313,89.0,1,38,4.6,4.6,4.6
858,5969315,79.0,1,24,0.0,0.0,0.0
859,5969316,79.0,0,8,0.0,0.0,0.0
860,5972053,76.0,1,17,4.1,4.3,4.3
861,5972055,72.0,0,15,5.0,5.0,5.0
862,5972056,80.0,0,22,4.8,4.3,4.3
863,5972058,70.0,0,7,0.0,0.0,0.0
864,5972059,61.0,0,2,0.0,0.0,0.0
865,5972060,77.0,2,25,4.7,5.0,5.0
866,5972064,45.0,0,0,0.0,0.0,0.0
867,5972065,79.0,0,23,5.0,5.0,5.0
868,5972068,82.0,2,68,4.8,4.2,4.2
869,5972202,85.0,3,30,4.8,4.6,4.6
870,5972203,66.0,0,5,0.0,0.0,0.0
871,5972204,81.0,0,8,0.0,0.0,0.0
872,5972205,87.0,3,135,4.8,4.8,4.8
873,5972207,64.0,0,8,0.0,0.0,0.0
874,5972210,69.0,0,3,0.0,0.0,0.0
875,5972211,69.0,0,5,0.0,0.0,0.0
876,6005764,75.0,0,33,4.6,5.0,5.0
877,6016675,64.0,0,6,0.0,0.0,0.0
878,6016677,61.0,1,9,0.0,0.0,0.0
879,6016679,74.0,0,26,4.7,5.0,5.0
880,6016680,73.0,0,19,5.0,5.0,5.0
881,6016890,54.0,2,14,0.0,0.0,0.0
882,6023801,72.0,0,8,0.0,0.0,0.0
883,6023802,86.0,1,60,4.3,5.0,5.0
884,6023806,89.0,4,73,4.5,4.9,4.9
885,6023807,53.0,0,2,0.0,0.0,0.0
886,6023873,73.0,1,15,4.2,4.2,4.2
887,6023875,76.0,0,16,5.0,5.0,5.0
888,6023876,75.0,0,9,5.0,5.0,5.0
889,6023877,75.0,0,8,3.7,0.0,0.0
890,6023935,89.0,6,96,4.8,4.8,4.8
891,6028984,74.0,0,2,5.0,5.0,5.0
892,6047889,89.0,0,15,5.0,5.0,5.0
893,6047890,60.0,0,12,4.3,4.3,4.3
894,6047891,70.0,1,28,4.6,4.8,4.8
895,6047892,75.0,0,17,4.7,4.4,4.4
896,6048745,77.0,0,5,5.0,5.0,5.0
897,6048748,87.0,1,38,5.0,5.0,5.0
898,6061538,80.0,0,27,4.6,4.3,4.3
899,6061539,76.0,1,6,5.0,5.0,5.0
900,6061540,76.0,1,11,0.0,0.0,0.0
901,6062062,80.0,1,28,4.7,5.0,5.0
902,6062087,71.0,0,11,0.0,0.0,0.0
903,6062088,67.0,0,16,4.4,4.4,4.4
904,6062089,83.0,0,17,4.7,4.8,4.8
905,6070597,77.0,0,6,0.0,0.0,0.0
906,6072915,77.0,0,40,4.5,5.0,5.0
907,6136658,80.0,0,12,4.7,5.0,5.0
908,6136659,71.0,0,3,0.0,0.0,0.0
909,6136660,72.0,0,14,5.0,5.0,5.0
910,6136661,78.0,0,27,5.0,5.0,5.0
911,6136663,81.0,1,110,4.6,4.4,4.4
912,6136664,79.0,0,25,4.0,4.2,4.2
913,6136665,67.0,0,11,5.0,5.0,5.0
914,6136666,69.0,0,9,4.6,5.0,5.0
915,6136667,79.0,0,17,4.5,4.8,4.8
916,6136668,81.0,0,12,5.0,5.0,5.0
917,6136669,87.0,0,9,5.0,5.0,5.0
918,6136670,77.0,0,18,4.6,4.6,4.6
919,6136671,47.0,0,0,0.0,0.0,0.0
920,6136672,60.0,0,0,0.0,0.0,0.0
921,6136673,63.0,0,4,5.0,5.0,5.0
922,6136674,77.0,0,0,0.0,0.0,0.0
923,6136675,68.0,0,1,0.0,0.0,0.0
924,6136677,64.0,0,5,0.0,0.0,0.0
925,6136680,68.0,1,17,0.0,0.0,0.0
926,6136681,63.0,0,0,0.0,0.0,0.0
927,6137199,86.0,4,85,4.8,5.0,5.0
928,6147687,70.0,0,4,4.6,4.6,4.6
929,6188474,75.0,2,15,4.5,5.0,5.0
930,6224948,81.0,0,13,0.0,0.0,0.0
931,6224949,71.0,0,15,4.7,4.7,4.7
932,6224950,78.0,1,12,4.7,5.0,5.0
933,6224954,83.0,1,5,4.9,5.0,5.0
934,6224955,74.0,1,10,5.0,5.0,5.0
935,6224956,86.0,1,40,3.9,4.3,4.3
936,6224958,65.0,0,1,5.0,5.0,5.0
937,6224961,88.0,4,63,4.9,5.0,5.0
938,6224962,78.0,0,11,3.8,5.0,5.0
939,6224963,86.0,3,71,4.9,5.0,5.0
940,6224965,80.0,0,24,0.0,0.0,0.0
941,6224967,75.0,0,12,4.4,5.0,5.0
942,6224968,64.0,0,5,0.0,0.0,0.0
943,6224969,87.0,0,34,4.9,5.0,5.0
944,6224970,81.0,0,8,4.4,5.0,5.0
945,6224973,65.0,1,20,4.7,5.0,5.0
946,6224974,62.0,1,18,0.0,0.0,0.0
947,6224975,67.0,0,4,0.0,0.0,0.0
948,6224976,73.0,0,27,4.4,4.6,4.6
949,6224977,66.0,0,0,3.7,3.7,3.7
950,6251950,58.0,0,6,0.0,0.0,0.0
951,6261914,82.0,1,21,4.6,4.4,4.4
952,6261915,83.0,0,9,5.0,5.0,5.0
953,6262156,91.0,4,40,4.8,4.8,4.8
954,6262157,54.0,0,1,0.0,0.0,0.0
955,6268264,69.0,0,9,5.0,5.0,5.0
956,6327693,83.0,1,20,0.0,0.0,0.0
957,6327694,75.0,0,10,0.0,0.0,0.0
958,6327696,77.0,2,23,4.6,5.0,5.0
959,6327697,82.0,1,16,5.0,0.0,0.0
960,6327698,86.0,2,27,4.9,5.0,5.0
961,6327701,77.0,1,13,0.0,0.0,0.0
962,6328746,77.0,0,13,4.9,5.0,5.0
963,6328748,75.0,0,4,0.0,0.0,0.0
964,6328749,71.0,0,6,0.0,0.0,0.0
965,6345085,84.0,3,21,5.0,0.0,0.0
966,6345087,83.0,4,18,5.0,0.0,0.0
967,6345088,86.0,1,8,4.5,4.4,4.4
968,6345089,62.0,0,1,0.0,0.0,0.0
969,6345091,80.0,0,12,0.0,0.0,0.0
970,6345093,65.0,0,2,0.0,0.0,0.0
971,6345094,84.0,1,28,4.6,4.7,4.7
972,6345097,62.0,0,1,0.0,0.0,0.0
973,6345098,67.0,0,0,0.0,0.0,0.0
974,6345180,82.0,0,16,5.0,5.0,5.0
975,6345183,82.0,0,11,4.3,4.6,4.6
976,6353266,51.0,0,1,0.0,0.0,0.0
977,6354863,82.0,0,23,4.8,5.0,5.0
978,6365765,69.0,0,3,5.0,5.0,5.0
979,6379421,64.0,0,5,0.0,0.0,0.0
980,6379425,63.0,1,8,0.0,0.0,0.0
981,6379426,59.0,0,4,0.0,0.0,0.0
982,6379427,64.0,0,0,2.7,2.8,2.8
983,6379430,82.0,1,47,4.1,4.8,4.8
984,6379432,47.0,0,1,0.0,0.0,0.0
985,6379433,85.0,2,26,4.9,5.0,5.0
986,6379499,85.0,3,42,4.6,5.0,5.0
987,6379502,79.0,0,5,4.2,4.2,4.2
988,6419047,77.0,0,31,4.2,4.7,4.7
989,6420808,64.0,1,8,5.0,5.0,5.0
990,6426557,73.0,0,7,0.0,0.0,0.0
991,6429396,75.0,0,4,4.3,5.0,5.0
992,6450937,78.0,0,8,5.0,5.0,5.0
993,6469481,79.0,3,23,4.5,5.0,5.0
994,6470046,85.0,5,76,5.0,5.0,5.0
995,6501244,82.0,0,20,0.0,0.0,0.0
996,6501245,82.0,0,42,4.8,0.0,0.0
997,6501246,51.0,0,2,0.0,0.0,0.0
998,6501248,82.0,0,27,4.0,3.8,3.8
999,6501249,81.0,1,25,0.0,0.0,0.0
1000,6501251,55.0,0,1,0.0,0.0,0.0
1001,6501252,50.0,0,0,0.0,0.0,0.0
1002,6501253,79.0,0,16,0.0,0.0,0.0
1003,6501254,74.0,0,55,5.0,5.0,5.0
1004,6501255,79.0,0,3,0.0,0.0,0.0
1005,6501257,73.0,0,5,0.0,0.0,0.0
1006,6501260,59.0,0,4,0.0,0.0,0.0
1007,6501261,60.0,0,0,0.0,0.0,0.0
1008,6501263,83.0,1,17,5.0,5.0,5.0
1009,6501265,86.0,2,41,4.7,5.0,5.0
1010,6501404,73.0,0,5,0.0,0.0,0.0
1011,6501405,74.0,0,6,5.0,5.0,5.0
1012,6501406,73.0,0,7,0.0,0.0,0.0
1013,6501956,63.0,0,1,0.0,0.0,0.0
1014,6512600,75.0,0,9,4.9,4.6,4.6
1015,6512602,75.0,1,25,4.9,5.0,5.0
1016,6512603,70.0,0,3,0.0,0.0,0.0
1017,6512606,67.0,1,9,0.0,0.0,0.0
1018,6512607,83.0,0,20,5.0,5.0,5.0
1019,6512609,78.0,1,44,4.8,5.0,5.0
1020,6512610,69.0,0,5,0.0,0.0,0.0
1021,6512611,80.0,0,17,5.0,5.0,5.0
1022,6512613,62.0,0,3,0.0,0.0,0.0
1023,6512614,60.0,0,12,0.0,0.0,0.0
1024,6512618,67.0,1,4,5.0,5.0,5.0
1025,6512619,59.0,1,2,0.0,0.0,0.0
1026,6512670,69.0,0,3,0.0,0.0,0.0
1027,6524733,78.0,1,10,4.6,4.7,4.7
1028,6531541,65.0,0,11,0.0,0.0,0.0
1029,6531600,70.0,0,4,0.0,0.0,0.0
1030,6531602,80.0,1,26,5.0,5.0,5.0
1031,6531634,74.0,0,10,5.0,5.0,5.0
1032,6531635,82.0,1,43,4.7,5.0,5.0
1033,6532390,73.0,1,14,3.8,4.6,4.6
1034,6533139,80.0,0,36,4.9,5.0,5.0
1035,6537144,71.0,0,16,4.8,5.0,5.0
1036,6539131,48.0,0,1,0.0,0.0,0.0
1037,6541134,63.0,0,5,0.0,0.0,0.0
1038,6541894,65.0,0,4,0.0,0.0,0.0
1039,6543410,73.0,1,14,5.0,0.0,0.0
1040,6543411,81.0,0,28,5.0,5.0,5.0
1041,6543434,81.0,0,2,5.0,5.0,5.0
1042,6543435,74.0,1,17,5.0,5.0,5.0
1043,6543437,77.0,0,31,4.0,4.1,4.1
1044,6543438,75.0,0,9,0.0,0.0,0.0
1045,6543440,73.0,1,18,4.3,5.0,5.0
1046,6543441,56.0,0,0,0.0,0.0,0.0
1047,6543517,70.0,0,4,5.0,5.0,5.0
1048,6545868,80.0,0,8,0.0,0.0,0.0
1049,6547381,46.0,0,4,0.0,0.0,0.0
1050,6551959,83.0,1,20,0.0,0.0,0.0
1051,6552049,53.0,0,2,0.0,0.0,0.0
1052,6577684,80.0,2,14,0.0,0.0,0.0
1053,6582814,83.0,0,39,4.5,0.0,0.0
1054,6605154,70.0,0,2,0.0,0.0,0.0
1055,6605157,62.0,0,2,0.0,0.0,0.0
1056,6605163,85.0,0,11,5.0,0.0,0.0
1057,6605166,72.0,0,12,0.0,0.0,0.0
1058,6605168,67.0,0,14,4.8,5.0,5.0
1059,6605231,76.0,0,2,3.9,5.0,5.0
1060,6615272,62.0,0,2,0.0,0.0,0.0
1061,6615275,79.0,1,20,4.6,5.0,5.0
1062,6615276,65.0,0,8,0.0,0.0,0.0
1063,6615278,85.0,1,8,5.0,5.0,5.0
1064,6615282,73.0,0,7,0.0,0.0,0.0
1065,6615283,81.0,0,11,5.0,5.0,5.0
1066,6615284,78.0,1,16,4.5,5.0,5.0
1067,6615285,80.0,0,4,0.0,0.0,0.0
1068,6615286,78.0,2,29,5.0,5.0,5.0
1069,6621635,47.0,0,0,0.0,0.0,0.0
1070,6641492,75.0,1,29,5.0,5.0,5.0
1071,6671661,70.0,0,3,0.0,0.0,0.0
1072,6718413,69.0,0,15,0.0,0.0,0.0
1073,6728338,74.0,1,4,0.0,0.0,0.0
1074,6731251,72.0,0,3,0.0,0.0,0.0
1075,6743830,46.0,0,0,0.0,0.0,0.0
1076,6755455,70.0,0,5,0.0,0.0,0.0
1077,6755457,79.0,0,8,4.2,5.0,5.0
1078,6755458,62.0,0,1,0.0,0.0,0.0
1079,6755460,66.0,0,4,0.0,0.0,0.0
1080,6755465,68.0,0,11,4.5,4.5,4.5
1081,6755469,80.0,1,19,3.8,4.6,4.6
1082,6755470,73.0,1,12,4.4,5.0,5.0
1083,6755471,82.0,2,24,5.0,5.0,5.0
1084,6755472,82.0,8,99,4.5,5.0,5.0
1085,6755473,73.0,1,10,5.0,5.0,5.0
1086,6755474,52.0,0,0,0.0,0.0,0.0
1087,6756230,83.0,2,24,4.7,4.7,4.7
1088,6756528,79.0,0,31,4.5,4.5,4.5
1089,6756529,82.0,0,24,4.5,4.6,4.6
1090,6756530,51.0,0,3,0.0,0.0,0.0
1091,6756532,64.0,0,5,0.0,0.0,0.0
1092,6756533,71.0,1,22,4.3,5.0,5.0
1093,6756614,86.0,0,16,4.6,5.0,5.0
1094,6756615,86.0,1,33,4.5,5.0,5.0
1095,6758117,86.0,1,30,4.6,4.8,4.8
1096,6797475,76.0,0,3,4.3,5.0,5.0
1097,6797478,63.0,0,1,3.7,4.3,4.3
1098,6797479,72.0,0,8,5.0,5.0,5.0
1099,6797481,58.0,0,0,0.0,0.0,0.0
1100,6797705,73.0,0,4,0.0,0.0,0.0
1101,6797975,81.0,0,14,4.7,5.0,5.0
1102,6865860,76.0,0,8,4.6,5.0,5.0
1103,6865864,65.0,1,7,0.0,0.0,0.0
1104,6865865,83.0,1,21,0.0,0.0,0.0
1105,6865866,81.0,2,10,5.0,5.0,5.0
1106,6865869,84.0,1,22,4.1,4.3,4.3
1107,6865871,46.0,0,0,0.0,0.0,0.0
1108,6865873,60.0,0,7,0.0,0.0,0.0
1109,6865874,81.0,0,15,4.9,5.0,5.0
1110,6865878,62.0,0,1,0.0,0.0,0.0
1111,6865879,75.0,0,19,5.0,5.0,5.0
1112,6865881,46.0,0,1,0.0,0.0,0.0
1113,6865883,67.0,0,14,0.0,0.0,0.0
1114,6865884,83.0,2,36,4.5,4.7,4.7
1115,6867393,76.0,1,9,5.0,5.0,5.0
1116,6867394,83.0,0,7,5.0,5.0,5.0
1117,6867395,84.0,0,24,4.5,5.0,5.0
1118,6867462,62.0,0,10,0.0,0.0,0.0
1119,6882063,84.0,1,22,4.8,4.7,4.7
1120,6882066,84.0,1,10,5.0,5.0,5.0
1121,6882067,71.0,0,10,5.0,5.0,5.0
1122,6882068,83.0,0,15,0.0,0.0,0.0
1123,6882070,79.0,0,9,3.8,4.0,4.0
1124,6882071,78.0,0,10,5.0,5.0,5.0
1125,6882072,75.0,2,84,4.6,4.7,4.7
1126,6882073,65.0,0,6,0.0,0.0,0.0
1127,6882336,81.0,0,20,3.1,5.0,5.0
1128,6956260,78.0,1,20,0.0,0.0,0.0
1129,6956263,79.0,0,7,4.5,5.0,5.0
1130,6956265,84.0,3,57,4.6,4.7,4.7
1131,6956268,69.0,0,8,0.0,0.0,0.0
1132,6956269,67.0,0,0,0.0,0.0,0.0
1133,6956437,66.0,0,0,0.0,0.0,0.0
1134,6967133,86.0,0,14,5.0,5.0,5.0
1135,6968113,70.0,1,25,3.9,4.0,4.0
1136,6968114,80.0,1,20,0.0,0.0,0.0
1137,6968117,79.0,0,27,4.4,5.0,5.0
1138,6968120,76.0,2,23,4.2,4.4,4.4
1139,6968206,53.0,0,0,0.0,0.0,0.0
1140,6993223,75.0,0,7,0.0,0.0,0.0
1141,6993224,78.0,0,9,4.8,5.0,5.0
1142,6993226,53.0,0,0,0.0,0.0,0.0
1143,7028639,85.0,0,10,5.0,5.0,5.0
1144,7028641,76.0,0,10,5.0,5.0,5.0
1145,7028642,85.0,0,35,4.7,4.8,4.8
1146,7030190,64.0,0,10,0.0,0.0,0.0
1147,7044092,67.0,0,4,0.0,0.0,0.0
1148,7112547,77.0,0,10,5.0,5.0,5.0
1149,7149063,81.0,2,20,4.7,5.0,5.0
1150,7165942,84.0,1,10,5.0,5.0,5.0
1151,7165943,85.0,0,4,5.0,5.0,5.0
1152,7165944,89.0,2,65,4.2,4.9,4.9
1153,7165945,86.0,3,23,5.0,0.0,0.0
1154,7166020,78.0,0,14,4.3,5.0,5.0
1155,7166021,84.0,1,22,4.6,4.6,4.6
1156,7166192,76.0,1,16,0.0,0.0,0.0
1157,7207712,84.0,2,15,5.0,5.0,5.0
1158,7207713,81.0,0,13,5.0,5.0,5.0
1159,7207714,84.0,0,4,4.4,5.0,5.0
1160,7207715,88.0,3,74,5.0,5.0,5.0
1161,7207716,82.0,0,24,5.0,0.0,0.0
1162,7207717,61.0,0,1,0.0,0.0,0.0
1163,7207718,74.0,0,9,5.0,5.0,5.0
1164,7207719,77.0,0,5,5.0,5.0,5.0
1165,7207721,82.0,1,9,0.0,0.0,0.0
1166,7207725,69.0,0,5,0.0,0.0,0.0
1167,7207727,82.0,2,40,4.3,4.7,4.7
1168,7207840,61.0,0,5,0.0,0.0,0.0
1169,7207853,84.0,0,14,4.4,0.0,0.0
1170,7207855,68.0,1,20,4.2,4.4,4.4
1171,7232791,81.0,1,13,4.0,4.7,4.7
1172,7264545,69.0,0,13,4.4,4.4,4.4
1173,7264546,74.0,2,25,4.9,5.0,5.0
1174,7264547,78.0,3,26,5.0,5.0,5.0
1175,7264549,60.0,0,4,0.0,0.0,0.0
1176,7264550,78.0,2,21,0.0,0.0,0.0
1177,7264551,76.0,0,18,4.5,4.6,4.6
1178,7264553,81.0,0,13,4.7,4.3,4.3
1179,7266641,86.0,1,32,4.9,4.7,4.7
1180,7301999,85.0,1,45,5.0,5.0,5.0
1181,7310183,84.0,0,19,5.0,5.0,5.0
1182,7310184,77.0,1,14,4.4,4.6,4.6
1183,7310185,78.0,0,15,5.0,5.0,5.0
1184,7310186,57.0,0,2,0.0,0.0,0.0
1185,7310189,78.0,1,9,5.0,5.0,5.0
1186,7310192,68.0,0,0,0.0,0.0,0.0
1187,7310750,89.0,0,8,5.0,5.0,5.0
1188,7350578,78.0,0,10,5.0,5.0,5.0
1189,7350579,77.0,1,19,5.0,5.0,5.0
1190,7350580,80.0,1,8,5.0,5.0,5.0
1191,7350581,46.0,0,0,0.0,0.0,0.0
1192,7350582,63.0,0,5,0.0,0.0,0.0
1193,7350583,78.0,0,23,4.9,5.0,5.0
1194,7350584,79.0,1,17,4.8,5.0,5.0
1195,7350585,85.0,2,22,4.4,5.0,5.0
1196,7350586,80.0,1,17,5.0,0.0,0.0
1197,7350589,76.0,0,16,5.0,5.0,5.0
1198,7350590,79.0,0,16,4.6,5.0,5.0
1199,7351197,82.0,1,12,4.1,3.5,3.5
1200,7351198,87.0,0,12,4.2,0.0,0.0
1201,7351199,88.0,2,35,5.0,5.0,5.0
1202,7354111,83.0,1,13,0.0,0.0,0.0
1203,7361756,84.0,1,12,5.0,5.0,5.0
1204,7362721,72.0,0,5,0.0,0.0,0.0
1205,7392785,86.0,1,22,5.0,5.0,5.0
1206,7392789,74.0,0,11,3.4,4.2,4.2
1207,7392793,79.0,0,6,0.0,0.0,0.0
1208,7392794,82.0,0,1,5.0,5.0,5.0
1209,7392797,64.0,0,4,5.0,5.0,5.0
1210,7392798,66.0,0,11,3.7,4.1,4.1
1211,7392908,68.0,0,3,0.0,0.0,0.0
1212,7392911,79.0,1,11,4.6,4.6,4.6
1213,7392912,88.0,1,47,5.0,5.0,5.0
1214,7427918,62.0,0,0,0.0,0.0,0.0
1215,7427920,70.0,0,0,0.0,0.0,0.0
1216,7427921,86.0,0,36,4.1,5.0,5.0
1217,7427922,79.0,0,22,4.6,5.0,5.0
1218,7427923,51.0,0,0,0.0,0.0,0.0
1219,7427924,82.0,0,12,0.0,0.0,0.0
1220,7427925,81.0,1,29,4.8,4.7,4.7
1221,7427928,82.0,1,14,5.0,5.0,5.0
1222,7427929,87.0,2,54,4.6,5.0,5.0
1223,7429069,63.0,1,16,0.0,0.0,0.0
1224,7429071,70.0,1,14,3.6,3.8,3.8
1225,7429072,64.0,0,2,0.0,0.0,0.0
1226,7429073,81.0,0,4,0.0,0.0,0.0
1227,7429074,65.0,0,3,0.0,0.0,0.0
1228,7429075,62.0,0,5,0.0,0.0,0.0
1229,7467778,73.0,3,9,0.0,0.0,0.0
1230,7475302,82.0,2,22,4.2,4.6,4.6
1231,7475305,87.0,1,24,5.0,5.0,5.0
1232,7475306,89.0,3,37,5.0,5.0,5.0
1233,7475308,53.0,0,2,0.0,0.0,0.0
1234,7475309,85.0,0,16,5.0,5.0,5.0
1235,7475310,82.0,0,12,5.0,5.0,5.0
1236,7475313,57.0,0,2,0.0,0.0,0.0
1237,7514953,67.0,0,10,5.0,0.0,0.0
1238,7514955,68.0,0,15,5.0,0.0,0.0
1239,7514956,66.0,0,6,5.0,5.0,5.0
1240,7514957,65.0,0,3,0.0,0.0,0.0
1241,7514958,75.0,1,5,0.0,0.0,0.0
1242,7514959,68.0,0,3,0.0,0.0,0.0
1243,7514960,59.0,0,0,0.0,0.0,0.0
1244,7514961,81.0,0,14,5.0,5.0,5.0
1245,7514962,86.0,2,31,4.7,5.0,5.0
1246,7515552,67.0,0,4,0.0,0.0,0.0
1247,7515554,84.0,3,40,4.8,4.6,4.6
1248,7515555,79.0,0,4,0.0,0.0,0.0
1249,7515596,59.0,0,0,0.0,0.0,0.0
1250,7530797,61.0,0,0,0.0,0.0,0.0
1251,7545301,75.0,0,6,0.0,0.0,0.0
1252,7545303,79.0,0,9,4.4,4.6,4.6
1253,7545308,86.0,1,58,4.7,4.5,4.5
1254,7545312,76.0,0,4,4.3,5.0,5.0
1255,7545314,86.0,0,20,4.2,4.6,4.6
1256,7545315,82.0,3,47,4.6,4.4,4.4
1257,7545316,47.0,0,1,0.0,0.0,0.0
1258,7546836,79.0,0,26,4.8,4.7,4.7
1259,7556958,74.0,3,20,5.0,5.0,5.0
1260,7565279,83.0,3,28,4.6,4.8,4.8
1261,7641907,82.0,0,22,5.0,5.0,5.0
1262,7641908,82.0,0,13,4.2,5.0,5.0
1263,7641912,77.0,1,5,4.1,5.0,5.0
1264,7641914,61.0,0,8,0.0,0.0,0.0
1265,7641915,85.0,0,18,5.0,5.0,5.0
1266,7641916,73.0,0,2,0.0,0.0,0.0
1267,7641920,84.0,1,9,4.7,5.0,5.0
1268,7641921,81.0,3,19,4.0,4.2,4.2
1269,7641922,49.0,0,1,0.0,0.0,0.0
1270,7642942,83.0,5,160,4.9,5.0,5.0
1271,7707656,85.0,0,22,4.8,5.0,5.0
1272,7707657,79.0,0,13,4.6,4.2,4.2
1273,7707658,82.0,0,10,4.8,5.0,5.0
1274,7707659,85.0,0,11,0.0,0.0,0.0
1275,7707660,72.0,0,1,0.0,0.0,0.0
1276,7725181,51.0,0,4,0.0,0.0,0.0
1277,7743110,76.0,0,3,0.0,0.0,0.0
1278,7743114,54.0,0,0,0.0,0.0,0.0
1279,7743116,61.0,0,1,0.0,0.0,0.0
1280,7743117,74.0,0,2,4.4,5.0,5.0
1281,7743118,83.0,1,16,5.0,0.0,0.0
1282,7743120,68.0,0,1,0.0,0.0,0.0
1283,7743121,77.0,0,2,0.0,0.0,0.0
1284,7785794,72.0,0,6,0.0,0.0,0.0
1285,7785795,86.0,6,68,4.2,5.0,5.0
1286,7785797,70.0,0,0,5.0,5.0,5.0
1287,7785799,87.0,4,60,4.7,5.0,5.0
1288,7859985,88.0,2,19,5.0,5.0,5.0
1289,7859990,79.0,0,13,3.9,5.0,5.0
1290,7859992,76.0,2,22,5.0,5.0,5.0
1291,7859993,83.0,0,11,0.0,0.0,0.0
1292,7859994,65.0,0,2,0.0,0.0,0.0
1293,7859995,71.0,2,38,0.0,0.0,0.0
1294,7859997,83.0,0,13,0.0,0.0,0.0
1295,7859999,79.0,0,3,0.0,0.0,0.0
1296,7907149,80.0,0,2,0.0,0.0,0.0
1297,7926786,61.0,0,3,0.0,0.0,0.0
1298,7926787,83.0,0,14,5.0,5.0,5.0
1299,7926790,83.0,1,7,4.8,5.0,5.0
1300,7926791,77.0,1,26,4.9,5.0,5.0
1301,7926795,76.0,1,18,5.0,5.0,5.0
1302,7926796,76.0,0,17,4.7,5.0,5.0
1303,7978208,75.0,0,13,5.0,5.0,5.0
1304,7990449,65.0,0,2,0.0,0.0,0.0
1305,7990450,70.0,0,3,0.0,0.0,0.0
1306,7990451,78.0,3,44,4.5,5.0,5.0
1307,7990452,80.0,0,12,0.0,0.0,0.0
1308,7990453,88.0,0,17,4.4,4.6,4.6
1309,7990454,83.0,2,24,4.7,4.6,4.6
1310,8054666,86.0,7,75,5.0,5.0,5.0
1311,8054673,77.0,2,13,5.0,5.0,5.0
1312,8054677,84.0,0,53,4.2,4.4,4.4
1313,8069019,47.0,0,0,0.0,0.0,0.0
1314,8069022,77.0,0,2,4.4,5.0,5.0
1315,8089533,50.0,0,8,0.0,0.0,0.0
1316,8095148,81.0,0,28,4.3,4.3,4.3
1317,8137051,68.0,0,4,0.0,0.0,0.0
1318,8147167,88.0,1,32,4.9,5.0,5.0
1319,8147168,84.0,3,59,5.0,5.0,5.0
1320,8147170,53.0,0,0,0.0,0.0,0.0
1321,8147172,54.0,0,0,0.0,0.0,0.0
1322,8147173,78.0,0,22,0.0,0.0,0.0
1323,8147175,69.0,1,26,0.0,0.0,0.0
1324,8147176,66.0,0,6,0.0,0.0,0.0
1325,8147177,82.0,1,14,4.8,4.2,4.2
1326,8147180,86.0,1,16,5.0,5.0,5.0
1327,8147181,74.0,0,2,0.0,0.0,0.0
1328,8147182,72.0,0,20,0.0,0.0,0.0
1329,8147183,68.0,0,4,0.0,0.0,0.0
1330,8147185,83.0,1,15,4.7,5.0,5.0
1331,8147186,71.0,0,3,0.0,0.0,0.0
1332,8147187,80.0,0,4,4.6,4.6,4.6
1333,8147303,86.0,1,28,4.4,4.2,4.2
1334,8147305,72.0,1,21,4.2,4.6,4.6
1335,8147306,74.0,0,4,0.0,0.0,0.0
1336,8147310,81.0,4,36,4.8,5.0,5.0
1337,8147311,73.0,0,8,4.6,4.4,4.4
1338,8147314,77.0,0,10,5.0,5.0,5.0
1339,8207298,86.0,0,13,4.9,4.8,4.8
1340,8207299,81.0,0,7,0.0,0.0,0.0
1341,8207303,63.0,0,4,0.0,0.0,0.0
1342,8207305,79.0,1,30,4.6,5.0,5.0
1343,8207306,85.0,3,32,5.0,5.0,5.0
1344,8207310,74.0,1,39,4.3,5.0,5.0
1345,8207311,82.0,0,20,5.0,5.0,5.0
1346,8207312,81.0,0,4,4.4,5.0,5.0
1347,8207313,66.0,1,4,0.0,0.0,0.0
1348,8207314,84.0,0,27,4.9,5.0,5.0
1349,8221491,79.0,0,5,4.5,5.0,5.0
1350,8221494,58.0,1,4,0.0,0.0,0.0
1351,8226880,87.0,2,23,4.7,4.8,4.8
1352,8226881,77.0,1,40,4.3,5.0,5.0
1353,8226884,82.0,1,19,4.8,4.7,4.7
1354,8255269,76.0,2,11,4.6,5.0,5.0
1355,8255270,74.0,0,8,4.7,5.0,5.0
1356,8255271,52.0,0,4,0.0,0.0,0.0
1357,8255275,71.0,0,7,0.0,0.0,0.0
1358,8255277,75.0,0,7,0.0,0.0,0.0
1359,8255278,68.0,0,5,5.0,5.0,5.0
1360,8255280,84.0,0,17,4.9,5.0,5.0
1361,8255286,82.0,0,16,0.0,0.0,0.0
1362,8255997,85.0,1,24,5.0,0.0,0.0
1363,8255998,89.0,0,17,5.0,5.0,5.0
1364,8256000,83.0,0,6,4.8,4.5,4.5
1365,8256052,76.0,1,21,5.0,5.0,5.0
1366,8256054,83.0,0,7,0.0,0.0,0.0
1367,8258618,61.0,0,4,0.0,0.0,0.0
1368,8258619,77.0,0,4,0.0,0.0,0.0
1369,8283865,74.0,0,12,0.0,0.0,0.0
1370,8283866,78.0,0,13,0.0,0.0,0.0
1371,8283867,72.0,0,5,0.0,0.0,0.0
1372,8283868,70.0,0,3,0.0,0.0,0.0
1373,8283869,73.0,0,10,5.0,5.0,5.0
1374,8283870,69.0,0,6,4.1,4.5,4.5
1375,8283871,81.0,0,20,4.3,4.8,4.8
1376,8283872,82.0,0,18,4.8,5.0,5.0
1377,8283873,69.0,0,1,0.0,0.0,0.0
1378,8283874,85.0,6,44,5.0,5.0,5.0
1379,8283875,67.0,0,31,0.0,0.0,0.0
1380,8283876,73.0,0,3,0.0,0.0,0.0
1381,8285236,65.0,0,7,5.0,5.0,5.0
1382,8285240,85.0,1,23,5.0,5.0,5.0
1383,8285241,79.0,1,11,4.8,5.0,5.0
1384,8285243,83.0,0,13,4.8,5.0,5.0
1385,8285245,60.0,0,2,0.0,0.0,0.0
1386,8292160,68.0,1,7,0.0,0.0,0.0
1387,8331685,80.0,4,22,4.4,4.6,4.6
1388,8331691,81.0,0,10,0.0,0.0,0.0
1389,8331694,80.0,0,22,5.0,5.0,5.0
1390,8331697,79.0,1,5,4.6,4.6,4.6
1391,8331699,83.0,1,11,5.0,5.0,5.0
1392,8331701,78.0,0,40,4.7,5.0,5.0
1393,8331702,80.0,1,40,4.3,4.7,4.7
1394,8331705,46.0,0,0,0.0,0.0,0.0
1395,8331706,66.0,0,1,0.0,0.0,0.0
1396,8331707,65.0,0,11,0.0,0.0,0.0
1397,8334639,76.0,0,6,4.2,5.0,5.0
1398,8334641,60.0,0,0,5.0,5.0,5.0
1399,8344291,76.0,0,11,4.8,5.0,5.0
1400,8344293,68.0,0,6,0.0,0.0,0.0
1401,8408766,67.0,0,4,0.0,0.0,0.0
1402,8408767,84.0,0,18,4.9,5.0,5.0
1403,8408768,80.0,0,16,5.0,5.0,5.0
1404,8408770,75.0,0,20,4.0,4.5,4.5
1405,8408771,67.0,0,3,4.6,4.2,4.2
1406,8408772,78.0,0,7,4.2,4.3,4.3
1407,8408773,82.0,0,9,5.0,5.0,5.0
1408,8408774,70.0,0,8,4.4,5.0,5.0
1409,8408775,69.0,0,12,0.0,0.0,0.0
1410,8408776,71.0,1,25,0.0,0.0,0.0
1411,8408777,67.0,0,7,0.0,0.0,0.0
1412,8408780,46.0,0,0,0.0,0.0,0.0
1413,8409086,70.0,0,3,0.0,0.0,0.0
1414,8409087,75.0,0,9,4.4,4.4,4.4
1415,8409088,66.0,0,3,0.0,0.0,0.0
1416,8409430,59.0,0,7,0.0,0.0,0.0
1417,8409431,63.0,0,7,0.0,0.0,0.0
1418,8409432,84.0,0,16,4.9,5.0,5.0
1419,8409433,57.0,0,1,0.0,0.0,0.0
1420,8425703,82.0,0,26,4.1,5.0,5.0
1421,8457223,56.0,0,2,0.0,0.0,0.0
1422,8457224,81.0,0,24,4.2,4.6,4.6
1423,8457225,62.0,0,23,4.3,4.3,4.3
1424,8457226,71.0,0,3,0.0,0.0,0.0
1425,8457228,80.0,0,18,4.3,0.0,0.0
1426,8457230,85.0,1,23,5.0,5.0,5.0
1427,8457231,84.0,0,11,5.0,5.0,5.0
1428,8457232,77.0,0,21,5.0,5.0,5.0
1429,8457233,80.0,1,20,4.8,4.3,4.3
1430,8457234,73.0,0,18,0.0,0.0,0.0
1431,8457235,75.0,0,10,4.4,4.6,4.6
1432,8457236,74.0,1,2,0.0,0.0,0.0
1433,8457237,84.0,1,28,4.3,5.0,5.0
1434,8457238,68.0,1,3,0.0,0.0,0.0
1435,8457239,80.0,0,17,4.3,5.0,5.0
1436,8457240,83.0,0,15,0.0,0.0,0.0
1437,8457241,66.0,0,10,2.6,4.2,4.2
1438,8457242,75.0,0,9,4.7,5.0,5.0
1439,8457673,49.0,0,1,0.0,0.0,0.0
1440,8458249,72.0,0,1,0.0,0.0,0.0
1441,8458250,56.0,0,5,0.0,0.0,0.0
1442,8458253,69.0,0,10,0.0,0.0,0.0
1443,8462142,56.0,0,2,0.0,0.0,0.0
1444,8462143,71.0,0,3,0.0,0.0,0.0
1445,8462144,67.0,0,2,0.0,0.0,0.0
1446,8472336,70.0,3,23,0.0,0.0,0.0
1447,8472337,78.0,0,17,4.5,5.0,5.0
1448,8472338,83.0,0,34,4.9,5.0,5.0
1449,8472339,79.0,0,8,4.2,4.2,4.2
1450,8472340,60.0,0,6,0.0,0.0,0.0
1451,8472341,78.0,0,11,5.0,5.0,5.0
1452,8472342,50.0,0,0,0.0,0.0,0.0
1453,8472644,79.0,0,11,5.0,5.0,5.0
1454,8472646,83.0,1,18,3.3,4.4,4.4
1455,8472660,65.0,0,0,0.0,0.0,0.0
1456,8472706,68.0,0,6,0.0,0.0,0.0
1457,8472707,79.0,1,17,4.4,5.0,5.0
1458,8472858,75.0,0,4,0.0,0.0,0.0
1459,8475938,65.0,0,4,0.0,0.0,0.0
1460,8488443,85.0,1,19,5.0,5.0,5.0
1461,8488444,81.0,0,23,5.0,5.0,5.0
1462,8488445,79.0,0,13,4.1,4.7,4.7
1463,8488446,82.0,1,45,4.7,4.7,4.7
1464,8495346,81.0,1,11,4.1,4.7,4.7
1465,8496752,73.0,0,3,0.0,0.0,0.0
1466,8588037,73.0,0,2,0.0,0.0,0.0
1467,8588038,83.0,1,9,5.0,5.0,5.0
1468,8588040,73.0,0,10,0.0,0.0,0.0
1469,8588041,80.0,0,0,4.7,5.0,5.0
1470,8588166,76.0,0,8,0.0,0.0,0.0
1471,8588167,50.0,0,2,0.0,0.0,0.0
1472,8597721,80.0,0,9,4.3,5.0,5.0
1473,8601041,71.0,0,7,0.0,0.0,0.0
1474,8690558,69.0,0,11,4.0,4.7,4.7
1475,8709462,65.0,0,8,0.0,0.0,0.0
1476,8709463,52.0,1,10,0.0,0.0,0.0
1477,8709464,68.0,0,6,0.0,0.0,0.0
1478,8709465,82.0,0,6,0.0,0.0,0.0
1479,8709466,53.0,0,11,0.0,0.0,0.0
1480,8709468,74.0,0,12,2.9,4.6,4.6
1481,8710726,77.0,0,19,0.0,0.0,0.0
1482,8723453,73.0,0,10,0.0,0.0,0.0
1483,8727584,89.0,1,24,5.0,5.0,5.0
1484,8743602,76.0,0,25,4.7,4.7,4.7
1485,8757366,52.0,0,4,0.0,0.0,0.0
1486,8757367,56.0,0,0,0.0,0.0,0.0
1487,8757368,87.0,3,50,4.9,4.7,4.7
1488,8757370,82.0,0,23,4.4,5.0,5.0
1489,8757371,83.0,0,15,5.0,5.0,5.0
1490,8757374,74.0,0,7,0.0,0.0,0.0
1491,8757952,61.0,0,0,4.5,5.0,5.0
1492,8764355,87.0,0,18,4.9,5.0,5.0
1493,8795372,61.0,0,6,5.0,5.0,5.0
1494,8795373,70.0,0,0,0.0,0.0,0.0
1495,8795375,71.0,0,0,0.0,0.0,0.0
1496,8795376,82.0,2,45,5.0,5.0,5.0
1497,8795377,73.0,0,7,3.4,3.9,3.9
1498,8795845,73.0,0,12,4.5,4.5,4.5
1499,8795887,87.0,1,77,4.9,5.0,5.0
1500,8798962,84.0,1,21,5.0,5.0,5.0
1501,8813569,57.0,0,4,0.0,0.0,0.0
1502,8818378,81.0,0,3,5.0,5.0,5.0
1503,8818380,69.0,0,7,0.0,0.0,0.0
1504,8818534,59.0,0,9,0.0,0.0,0.0
1505,8850900,82.0,0,17,4.9,5.0,5.0
1506,8850904,69.0,0,1,0.0,0.0,0.0
1507,8850906,61.0,0,5,0.0,0.0,0.0
1508,8850907,81.0,0,18,0.0,0.0,0.0
1509,8850908,52.0,0,0,0.0,0.0,0.0
1510,8850911,78.0,0,3,0.0,0.0,0.0
1511,8851238,69.0,0,5,0.0,0.0,0.0
1512,8851239,85.0,0,20,5.0,5.0,5.0
1513,8853484,84.0,0,28,4.6,4.6,4.6
1514,8880389,64.0,0,2,0.0,0.0,0.0
1515,8881859,77.0,0,13,5.0,5.0,5.0
1516,8899705,57.0,0,2,0.0,0.0,0.0
1517,8899707,73.0,0,6,5.0,5.0,5.0
1518,8899709,83.0,0,7,4.7,4.4,4.4
1519,8899710,70.0,0,2,0.0,0.0,0.0
1520,8899711,81.0,0,12,0.0,0.0,0.0
1521,8899713,71.0,0,5,0.0,0.0,0.0
1522,8899714,88.0,2,29,5.0,5.0,5.0
1523,8899715,77.0,0,6,5.0,5.0,5.0
1524,8908436,88.0,4,44,4.5,5.0,5.0
1525,8941196,87.0,3,53,4.3,4.7,4.7
1526,8950692,86.0,2,23,5.0,5.0,5.0
1527,8950693,75.0,0,5,0.0,0.0,0.0
1528,8950694,62.0,0,4,0.0,0.0,0.0
1529,8950695,49.0,0,0,0.0,0.0,0.0
1530,8950696,80.0,0,4,0.0,0.0,0.0
1531,8950699,62.0,0,4,0.0,0.0,0.0
1532,8950700,56.0,0,0,0.0,0.0,0.0
1533,8950727,77.0,1,15,5.0,5.0,5.0
1534,8950729,75.0,0,28,2.1,3.5,3.5
1535,8950730,67.0,0,8,5.0,5.0,5.0
1536,8950817,65.0,0,10,0.0,0.0,0.0
1537,8950818,53.0,0,4,0.0,0.0,0.0
1538,8950819,80.0,1,20,0.0,0.0,0.0
1539,8950896,63.0,0,3,0.0,0.0,0.0
1540,8950897,66.0,0,1,0.0,0.0,0.0
1541,8950898,67.0,0,8,4.4,4.4,4.4
1542,8950973,78.0,1,6,0.0,0.0,0.0
1543,8955325,79.0,0,21,4.7,4.5,4.5
1544,8963561,51.0,0,1,0.0,0.0,0.0
1545,8978683,79.0,0,17,5.0,5.0,5.0
1546,8980725,76.0,0,10,5.0,5.0,5.0
1547,8980726,69.0,0,5,0.0,0.0,0.0
1548,8980727,84.0,2,70,4.5,4.7,4.7
1549,8980728,62.0,0,2,0.0,0.0,0.0
1550,8981641,80.0,0,14,4.6,5.0,5.0
1551,8981642,58.0,0,6,0.0,0.0,0.0
1552,8981643,87.0,2,38,4.5,4.7,4.7
1553,8981698,75.0,0,6,4.6,5.0,5.0
1554,8981700,62.0,0,3,0.0,0.0,0.0
1555,8989638,72.0,0,3,5.0,5.0,5.0
1556,8989639,49.0,0,0,0.0,0.0,0.0
1557,8989641,76.0,0,16,5.0,5.0,5.0
1558,8989748,70.0,0,8,0.0,0.0,0.0
1559,8989749,74.0,0,5,0.0,0.0,0.0
1560,8989871,82.0,1,33,5.0,5.0,5.0
1561,9010309,65.0,0,8,0.0,0.0,0.0
1562,9010311,74.0,1,12,5.0,5.0,5.0
1563,9010313,70.0,0,8,5.0,5.0,5.0
1564,9010315,69.0,1,11,4.1,4.6,4.6
1565,9010316,87.0,2,30,5.0,5.0,5.0
1566,9010317,77.0,0,5,0.0,0.0,0.0
1567,9010318,68.0,1,7,4.3,4.3,4.3
1568,9010319,88.0,2,54,4.8,4.8,4.8
1569,9010320,76.0,0,0,4.4,5.0,5.0
1570,9010321,77.0,1,21,4.9,5.0,5.0
1571,9011848,52.0,0,1,0.0,0.0,0.0
1572,9014081,83.0,0,19,4.1,5.0,5.0
1573,9014084,84.0,1,21,5.0,5.0,5.0
1574,9014257,62.0,0,1,0.0,0.0,0.0
1575,9014302,62.0,0,4,0.0,0.0,0.0
1576,9014305,82.0,0,19,4.9,5.0,5.0
1577,9014306,80.0,0,27,4.6,4.6,4.6
1578,9043804,78.0,1,62,0.0,0.0,0.0
1579,9044058,76.0,0,29,0.0,0.0,0.0
1580,9044116,83.0,1,20,5.0,5.0,5.0
1581,9047473,71.0,0,1,0.0,0.0,0.0
1582,9047474,65.0,0,3,0.0,0.0,0.0
1583,9047475,85.0,0,5,4.6,4.6,4.6
1584,9054991,88.0,5,57,4.9,5.0,5.0
1585,9054992,66.0,0,7,0.0,0.0,0.0
1586,9054994,62.0,0,7,0.0,0.0,0.0
1587,9054997,69.0,0,14,4.4,4.6,4.6
1588,9054998,63.0,0,30,0.0,0.0,0.0
1589,9055000,77.0,0,29,5.0,5.0,5.0
1590,9055002,74.0,0,12,5.0,5.0,5.0
1591,9055003,73.0,0,10,0.0,0.0,0.0
1592,9058195,60.0,0,5,0.0,0.0,0.0
1593,9059341,80.0,2,61,4.8,4.8,4.8
1594,9074901,81.0,0,26,0.0,0.0,0.0
1595,9074903,79.0,1,10,4.2,5.0,5.0
1596,9074907,59.0,0,2,0.0,0.0,0.0
1597,9074908,69.0,0,8,0.0,0.0,0.0
1598,9074909,78.0,5,27,4.1,5.0,5.0
1599,9075016,65.0,0,6,0.0,0.0,0.0
1600,9075371,73.0,0,8,3.5,3.9,3.9
1601,9075372,78.0,0,12,5.0,5.0,5.0
1602,9075373,85.0,0,24,4.8,4.6,4.6
1603,9113625,77.0,0,38,4.2,4.5,4.5
1604,9113627,64.0,0,13,0.0,0.0,0.0
1605,9114530,69.0,0,14,0.0,0.0,0.0
1606,9114532,68.0,0,1,0.0,0.0,0.0
1607,9114533,64.0,0,7,0.0,0.0,0.0
1608,9118738,66.0,0,6,0.0,0.0,0.0
1609,9120770,82.0,0,21,4.8,5.0,5.0
1610,9127042,79.0,0,12,5.0,5.0,5.0
1611,9129742,61.0,0,12,0.0,0.0,0.0
1612,9129743,85.0,0,12,5.0,5.0,5.0
1613,9129744,85.0,4,34,5.0,5.0,5.0
1614,9129745,83.0,0,15,0.0,0.0,0.0
1615,9129747,75.0,0,4,5.0,5.0,5.0
1616,9129748,68.0,0,14,0.0,0.0,0.0
1617,9129922,72.0,0,10,0.0,0.0,0.0
1618,9129943,72.0,1,7,3.9,4.5,4.5
1619,9137215,74.0,1,13,0.0,0.0,0.0
1620,9137216,52.0,0,0,0.0,0.0,0.0
1621,9138753,77.0,0,7,4.6,4.8,4.8
1622,9142872,85.0,0,33,4.6,4.6,4.6
1623,9142877,77.0,0,20,0.0,0.0,0.0
1624,9142887,60.0,0,1,0.0,0.0,0.0
1625,9162361,75.0,0,5,0.0,0.0,0.0
1626,9201935,86.0,1,9,5.0,5.0,5.0
1627,9201936,77.0,0,9,4.7,4.7,4.7
1628,9201937,83.0,0,21,4.8,5.0,5.0
1629,9201938,86.0,0,8,4.7,4.4,4.4
1630,9201939,69.0,0,16,5.0,5.0,5.0
1631,9201940,70.0,0,6,4.8,5.0,5.0
1632,9201941,65.0,0,4,0.0,0.0,0.0
1633,9202224,83.0,0,17,5.0,5.0,5.0
1634,9202226,73.0,0,3,0.0,0.0,0.0
1635,9202227,80.0,1,9,4.6,4.6,4.6
1636,9202228,85.0,1,30,5.0,5.0,5.0
1637,9203525,68.0,0,4,0.0,0.0,0.0
1638,9203566,79.0,0,8,0.0,0.0,0.0
1639,9203640,60.0,1,6,0.0,0.0,0.0
1640,9203687,82.0,0,12,5.0,5.0,5.0
1641,9210824,66.0,0,4,0.0,0.0,0.0
1642,9219747,69.0,0,0,0.0,0.0,0.0
1643,9219752,70.0,1,14,0.0,0.0,0.0
1644,9219753,79.0,0,16,4.9,5.0,5.0
1645,9219754,78.0,0,9,4.4,4.8,4.8
1646,9221368,62.0,0,10,0.0,0.0,0.0
1647,9221369,77.0,0,17,5.0,5.0,5.0
1648,9221371,80.0,0,4,0.0,0.0,0.0
1649,9221373,66.0,0,9,0.0,0.0,0.0
1650,9221375,69.0,0,22,5.0,5.0,5.0
1651,9223745,70.0,2,24,0.0,0.0,0.0
1652,9224121,79.0,0,19,4.8,5.0,5.0
1653,9229212,83.0,1,9,4.8,5.0,5.0
1654,9229216,75.0,0,11,5.0,5.0,5.0
1655,9230193,84.0,0,26,5.0,5.0,5.0
1656,9230199,82.0,0,10,5.0,5.0,5.0
1657,9230200,65.0,0,16,0.0,0.0,0.0
1658,9259175,69.0,0,6,0.0,0.0,0.0
1659,9282840,55.0,0,5,0.0,0.0,0.0
1660,9284382,49.0,0,0,0.0,0.0,0.0
1661,9284388,83.0,2,18,4.7,4.6,4.6
1662,9284390,75.0,0,5,4.3,4.3,4.3
1663,9284392,79.0,0,14,4.1,4.6,4.6
1664,9284396,77.0,0,3,0.0,0.0,0.0
1665,9284403,83.0,0,17,4.8,4.7,4.7
1666,9284451,62.0,0,0,0.0,0.0,0.0
1667,9284826,83.0,1,34,5.0,4.7,4.7
1668,9285319,66.0,0,1,0.0,0.0,0.0
1669,9285321,65.0,0,3,0.0,0.0,0.0
1670,9285906,79.0,0,10,3.3,3.9,3.9
1671,9286093,87.0,0,10,5.0,5.0,5.0
1672,9286357,54.0,0,1,0.0,0.0,0.0
1673,9288096,83.0,1,19,4.7,5.0,5.0
1674,9288147,68.0,0,9,4.9,5.0,5.0
1675,9288150,83.0,0,13,0.0,0.0,0.0
1676,9292219,68.0,0,0,0.0,0.0,0.0
1677,9294903,59.0,0,6,0.0,0.0,0.0
1678,9297377,77.0,0,4,0.0,0.0,0.0
1679,9297383,78.0,2,17,4.0,5.0,5.0
1680,9298540,57.0,1,1,0.0,0.0,0.0
1681,9314385,77.0,1,16,5.0,5.0,5.0
1682,9315067,76.0,0,13,0.0,0.0,0.0
1683,9316361,55.0,0,0,0.0,0.0,0.0
1684,9320215,80.0,2,21,4.6,5.0,5.0
1685,9323665,76.0,1,14,0.0,0.0,0.0
1686,9324131,78.0,2,21,4.7,4.8,4.8
1687,9325879,74.0,0,12,4.0,4.6,4.6
1688,9328828,69.0,0,8,3.4,3.5,3.5
1689,9328829,74.0,0,9,4.8,5.0,5.0
1690,9329070,64.0,0,9,0.0,0.0,0.0
1691,9336885,83.0,0,14,4.5,4.3,4.3
1692,9336886,82.0,0,6,0.0,0.0,0.0
1693,9336887,72.0,0,6,0.0,0.0,0.0
1694,9340396,77.0,0,8,5.0,5.0,5.0
1695,9340452,65.0,0,7,0.0,0.0,0.0
1696,9343668,71.0,0,8,5.0,5.0,5.0
1697,9343726,68.0,0,15,2.7,4.4,4.4
1698,9348471,84.0,0,22,5.0,5.0,5.0
1699,9349353,73.0,0,10,4.9,4.9,4.9
1700,9349857,77.0,0,7,5.0,5.0,5.0
1701,9354897,58.0,0,13,0.0,0.0,0.0
1702,9355371,76.0,0,27,4.8,5.0,5.0
1703,9355374,77.0,0,18,5.0,5.0,5.0
1704,9355375,76.0,0,4,5.0,5.0,5.0
1705,9355438,70.0,1,16,4.4,4.4,4.4
1706,9355441,73.0,1,15,4.6,5.0,5.0
1707,9355442,64.0,0,8,4.4,5.0,5.0
1708,9355764,84.0,2,29,4.4,4.3,4.3
1709,9357166,63.0,0,10,0.0,0.0,0.0
1710,9357168,78.0,0,9,4.6,5.0,5.0
1711,9358016,77.0,0,19,5.0,5.0,5.0
1712,9363283,79.0,0,11,3.6,4.2,4.2
1713,9378982,51.0,0,0,0.0,0.0,0.0
1714,9388477,54.0,0,1,0.0,0.0,0.0
1715,9388482,66.0,0,12,5.0,5.0,5.0
1716,9388483,78.0,0,3,5.0,5.0,5.0
1717,9388484,69.0,0,2,0.0,0.0,0.0
1718,9388486,56.0,0,10,0.0,0.0,0.0
1719,9388823,80.0,0,11,0.0,0.0,0.0
1720,9388825,62.0,0,4,0.0,0.0,0.0
1721,9390019,79.0,0,8,0.0,0.0,0.0
1722,9390085,61.0,0,3,0.0,0.0,0.0
1723,9390134,80.0,1,24,4.6,4.3,4.3
1724,9390282,87.0,1,12,5.0,5.0,5.0
1725,9395672,78.0,0,10,0.0,0.0,0.0
1726,9410216,54.0,0,0,0.0,0.0,0.0
1727,9410217,62.0,0,22,0.0,0.0,0.0
1728,9410218,75.0,0,3,0.0,0.0,0.0
1729,9411593,80.0,0,20,4.3,4.5,4.5
1730,9411595,78.0,0,3,0.0,0.0,0.0
1731,9411599,65.0,0,8,0.0,0.0,0.0
1732,9411778,70.0,0,19,4.4,5.0,5.0
1733,9411779,67.0,0,12,0.0,0.0,0.0
1734,9412652,83.0,0,3,5.0,5.0,5.0
1735,9412653,51.0,0,2,0.0,0.0,0.0
1736,9412793,78.0,0,70,3.7,3.9,3.9
1737,9414076,70.0,0,12,4.4,3.9,3.9
1738,9414837,70.0,1,7,4.9,5.0,5.0
1739,9415744,77.0,7,7,4.7,4.5,4.5
1740,9416209,81.0,1,30,4.1,3.7,3.7
1741,9416251,61.0,0,4,0.0,0.0,0.0
1742,9416252,70.0,0,6,5.0,5.0,5.0
1743,9416421,65.0,1,5,0.0,0.0,0.0
1744,9417561,68.0,0,7,0.0,0.0,0.0
1745,9417680,77.0,1,14,0.0,0.0,0.0
1746,9418545,62.0,0,15,0.0,0.0,0.0
1747,9418547,59.0,1,8,0.0,0.0,0.0
1748,9418820,76.0,0,12,5.0,5.0,5.0
1749,9418822,58.0,0,4,0.0,0.0,0.0
1750,9419485,80.0,2,25,5.0,5.0,5.0
1751,9419578,73.0,0,7,0.0,0.0,0.0
1752,9420507,78.0,0,29,4.8,5.0,5.0
1753,9420704,65.0,0,1,0.0,0.0,0.0
1754,9421504,78.0,0,6,0.0,0.0,0.0
1755,9427071,79.0,0,17,0.0,0.0,0.0
1756,9427074,66.0,0,5,0.0,0.0,0.0
1757,9427075,81.0,1,18,4.5,4.4,4.4
1758,9429613,73.0,0,8,3.3,4.1,4.1
1759,9436120,71.0,0,11,0.0,0.0,0.0
1760,9436123,84.0,1,28,4.4,4.8,4.8
1761,9436124,78.0,0,19,0.0,0.0,0.0
1762,9436125,73.0,0,6,0.0,0.0,0.0
1763,9448532,52.0,0,0,0.0,0.0,0.0
1764,9467301,85.0,1,5,5.0,5.0,5.0
1765,9467302,85.0,0,14,5.0,5.0,5.0
1766,9467303,79.0,0,24,5.0,5.0,5.0
1767,9467304,67.0,0,5,0.0,0.0,0.0
1768,9467305,74.0,1,16,4.3,4.3,4.3
1769,9467593,76.0,1,7,5.0,5.0,5.0
1770,9467594,57.0,1,13,0.0,0.0,0.0
1771,9469123,74.0,0,9,0.0,0.0,0.0
1772,9469128,68.0,0,10,0.0,0.0,0.0
1773,9469716,49.0,0,0,0.0,0.0,0.0
1774,9473944,64.0,0,6,2.8,3.2,3.2
1775,9474754,83.0,0,46,5.0,5.0,5.0
1776,9475023,76.0,0,5,5.0,5.0,5.0
1777,9475024,55.0,0,9,0.0,0.0,0.0
1778,9475026,67.0,0,2,0.0,0.0,0.0
1779,9475516,70.0,1,17,0.0,0.0,0.0
1780,9475518,76.0,0,7,4.8,5.0,5.0
1781,9475519,83.0,0,20,5.0,5.0,5.0
1782,9476890,59.0,0,0,0.0,0.0,0.0
1783,9483373,68.0,1,8,4.2,5.0,5.0
1784,9483775,67.0,0,6,5.0,5.0,5.0
1785,9483947,46.0,0,0,0.0,0.0,0.0
1786,9484681,75.0,1,11,5.0,5.0,5.0
1787,9489595,75.0,0,10,4.6,5.0,5.0
1788,9490375,81.0,1,22,4.1,3.9,3.9
1789,9495877,79.0,0,20,3.7,4.7,4.7
1790,9500084,85.0,1,15,5.0,5.0,5.0
1791,9504657,80.0,2,8,0.0,0.0,0.0
1792,9508736,64.0,0,6,0.0,0.0,0.0
1793,9513042,66.0,0,2,0.0,0.0,0.0
1794,9513158,83.0,0,30,5.0,5.0,5.0
1795,9515547,54.0,0,3,0.0,0.0,0.0
1796,9515548,72.0,0,8,3.7,3.7,3.7
1797,9515549,75.0,0,15,4.6,4.6,4.6
1798,9515550,74.0,1,9,5.0,5.0,5.0
1799,9522071,79.0,0,9,5.0,5.0,5.0
1800,9523421,66.0,0,1,0.0,0.0,0.0
1801,9523429,82.0,0,25,4.0,4.5,4.5
1802,9523431,62.0,0,8,0.0,0.0,0.0
1803,9523432,84.0,1,14,0.0,0.0,0.0
1804,9524857,52.0,0,3,0.0,0.0,0.0
1805,9527588,63.0,0,6,0.0,0.0,0.0
1806,9530293,64.0,0,2,0.0,0.0,0.0
1807,9539841,77.0,0,12,5.0,5.0,5.0
1808,9541013,83.0,2,31,4.7,4.7,4.7
1809,9542451,85.0,0,34,4.9,4.8,4.8
1810,9542453,72.0,0,22,5.0,5.0,5.0
1811,9544484,81.0,2,24,5.0,5.0,5.0
1812,9544486,76.0,0,26,4.9,5.0,5.0
1813,9544487,70.0,0,1,0.0,0.0,0.0
1814,9544548,85.0,0,26,4.6,4.9,4.9
1815,9544549,79.0,0,14,5.0,5.0,5.0
1816,9544551,84.0,1,18,4.6,4.6,4.6
1817,9544553,73.0,0,22,0.0,0.0,0.0
1818,9546843,64.0,0,3,0.0,0.0,0.0
1819,9553654,69.0,0,3,0.0,0.0,0.0
1820,9563568,79.0,0,11,3.2,3.7,3.7
1821,9566238,81.0,0,50,4.6,4.8,4.8
1822,9566240,69.0,0,9,3.3,3.9,3.9
1823,9566241,83.0,1,18,5.0,5.0,5.0
1824,9567665,58.0,0,3,0.0,0.0,0.0
1825,9567795,71.0,0,2,0.0,0.0,0.0
1826,9573708,74.0,0,12,0.0,0.0,0.0
1827,9577800,71.0,0,7,0.0,0.0,0.0
1828,9577803,80.0,0,17,5.0,5.0,5.0
1829,9580605,79.0,0,52,5.0,5.0,5.0
1830,9580607,83.0,0,8,4.3,4.5,4.5
1831,9580609,70.0,0,3,0.0,0.0,0.0
1832,9580610,59.0,0,2,0.0,0.0,0.0
1833,9582113,76.0,1,7,2.6,3.5,3.5
1834,9582182,71.0,1,12,4.7,4.6,4.6
1835,9584489,71.0,0,37,3.8,4.1,4.1
1836,9584490,85.0,6,102,5.0,5.0,5.0
1837,9586113,76.0,0,4,4.7,5.0,5.0
1838,9586920,58.0,0,7,0.0,0.0,0.0
1839,9597087,79.0,0,26,4.7,4.4,4.4
1840,9597089,68.0,2,33,4.5,5.0,5.0
1841,9598011,80.0,0,5,5.0,5.0,5.0
1842,9598012,85.0,0,18,4.7,4.7,4.7
1843,9598321,74.0,0,9,0.0,0.0,0.0
1844,9598551,78.0,0,3,4.5,4.3,4.3
1845,9598552,79.0,2,21,4.9,5.0,5.0
1846,9599550,80.0,0,6,4.6,5.0,5.0
1847,9601162,82.0,4,36,4.6,4.5,4.5
1848,9609628,81.0,2,18,0.0,0.0,0.0
1849,9611954,80.0,0,12,4.2,4.3,4.3
1850,9611956,70.0,0,6,4.9,5.0,5.0
1851,9611957,84.0,0,7,5.0,5.0,5.0
1852,9611958,63.0,0,10,0.0,0.0,0.0
1853,9614620,73.0,0,17,5.0,5.0,5.0
1854,9614621,68.0,0,24,4.4,4.7,4.7
1855,9615334,73.0,0,5,0.0,0.0,0.0
1856,9616658,67.0,0,6,0.0,0.0,0.0
1857,9616659,90.0,0,10,4.8,5.0,5.0
1858,9616660,71.0,2,17,0.0,0.0,0.0
1859,9616662,60.0,0,6,0.0,0.0,0.0
1860,9616663,81.0,0,20,5.0,5.0,5.0
1861,9616664,68.0,0,9,4.2,4.6,4.6
1862,9616665,70.0,0,6,0.0,0.0,0.0
1863,9616977,73.0,0,7,5.0,5.0,5.0
1864,9617034,73.0,0,7,0.0,0.0,0.0
1865,9618221,77.0,0,2,5.0,5.0,5.0
1866,9619512,77.0,0,4,0.0,0.0,0.0
1867,9619513,64.0,0,8,0.0,0.0,0.0
1868,9619649,52.0,0,10,0.0,0.0,0.0
1869,9619651,86.0,1,9,5.0,5.0,5.0
1870,9619716,83.0,0,14,5.0,5.0,5.0
1871,9620649,65.0,0,5,4.7,5.0,5.0
1872,9621163,78.0,0,18,5.0,5.0,5.0
1873,9626982,69.0,0,10,0.0,0.0,0.0
1874,9628201,77.0,3,20,5.0,5.0,5.0
1875,9628315,61.0,0,0,5.0,5.0,5.0
1876,9629549,69.0,0,8,5.0,5.0,5.0
1877,9629551,79.0,0,10,0.0,0.0,0.0
1878,9629552,76.0,2,22,4.8,4.6,4.6
1879,9629623,51.0,0,2,0.0,0.0,0.0
1880,9629681,82.0,0,19,4.8,4.6,4.6
1881,9629786,59.0,0,0,0.0,0.0,0.0
1882,9629956,75.0,0,14,4.5,4.7,4.7
1883,9630771,77.0,0,9,5.0,5.0,5.0
1884,9632771,77.0,1,7,3.8,3.9,3.9
1885,9634335,80.0,3,53,5.0,5.0,5.0
1886,9634642,76.0,1,23,0.0,0.0,0.0
1887,9635446,83.0,0,14,3.8,5.0,5.0
1888,9639063,79.0,1,20,0.0,0.0,0.0
1889,9641802,80.0,0,6,5.0,5.0,5.0
1890,9643510,62.0,0,5,0.0,0.0,0.0
1891,9646173,75.0,0,13,4.7,4.3,4.3
1892,9646174,48.0,0,2,0.0,0.0,0.0
1893,9646175,83.0,0,13,5.0,5.0,5.0
1894,9646177,74.0,0,6,0.0,0.0,0.0
1895,9646180,84.0,1,12,5.0,5.0,5.0
1896,9646181,69.0,0,5,4.2,4.2,4.2
1897,9646182,58.0,0,5,0.0,0.0,0.0
1898,9647453,80.0,0,3,0.0,0.0,0.0
1899,9647455,77.0,1,12,4.4,5.0,5.0
1900,9647456,69.0,0,9,0.0,0.0,0.0
1901,9647457,44.0,0,0,0.0,0.0,0.0
1902,9648321,60.0,0,0,0.0,0.0,0.0
1903,9650453,66.0,0,8,0.0,0.0,0.0
1904,9652608,82.0,0,10,4.7,5.0,5.0
1905,9652610,81.0,0,45,5.0,5.0,5.0
1906,9652613,71.0,0,2,4.7,5.0,5.0
1907,9652614,76.0,0,9,5.0,5.0,5.0
1908,9652615,84.0,0,6,4.9,5.0,5.0
1909,9652616,60.0,0,7,0.0,0.0,0.0
1910,9652617,63.0,0,6,0.0,0.0,0.0
1911,9652973,79.0,0,16,4.6,5.0,5.0
1912,9652974,83.0,1,37,4.9,5.0,5.0
1913,9653436,58.0,0,4,0.0,0.0,0.0
1914,9653738,85.0,0,30,4.9,5.0,5.0
1915,9665021,69.0,0,15,0.0,0.0,0.0
1916,9672252,52.0,0,2,0.0,0.0,0.0
1917,9672254,87.0,1,20,5.0,5.0,5.0
1918,9672255,57.0,0,3,0.0,0.0,0.0
1919,9672257,67.0,0,25,4.2,4.2,4.2
1920,9673877,67.0,0,19,0.0,0.0,0.0
1921,9674128,78.0,0,4,5.0,5.0,5.0
1922,9674131,71.0,0,6,0.0,0.0,0.0
1923,9674136,54.0,0,9,0.0,0.0,0.0
1924,9678576,52.0,0,0,0.0,0.0,0.0
1925,9681719,64.0,0,21,0.0,0.0,0.0
1926,9681720,78.0,2,16,5.0,5.0,5.0
1927,9681940,60.0,0,5,0.0,0.0,0.0
1928,9686405,55.0,0,1,0.0,0.0,0.0
1929,9687672,73.0,0,11,0.0,0.0,0.0
1930,9689337,71.0,0,13,5.0,5.0,5.0
1931,9691291,69.0,6,34,0.0,0.0,0.0
1932,9695706,74.0,0,20,5.0,5.0,5.0
1933,9695817,73.0,0,1,0.0,0.0,0.0
1934,9697412,86.0,1,9,4.9,5.0,5.0
1935,9697512,57.0,0,2,0.0,0.0,0.0
1936,9697733,80.0,0,15,4.3,4.6,4.6
1937,9699951,77.0,0,0,0.0,0.0,0.0
1938,9699952,64.0,10,19,0.0,0.0,0.0
1939,9699954,73.0,3,12,5.0,5.0,5.0
1940,9700587,86.0,0,9,4.7,4.7,4.7
1941,9700589,84.0,0,11,0.0,0.0,0.0
1942,9703255,72.0,2,16,4.4,4.4,4.4
1943,9706522,81.0,1,21,4.7,4.4,4.4
1944,9707541,75.0,1,8,4.1,4.3,4.3
1945,9707543,61.0,0,4,0.0,0.0,0.0
1946,9707544,82.0,4,94,5.0,5.0,5.0
1947,9708318,65.0,0,12,0.0,0.0,0.0
1948,9708795,68.0,0,6,0.0,0.0,0.0
1949,9709099,81.0,0,13,4.7,5.0,5.0
1950,9709729,79.0,1,20,4.6,5.0,5.0
1951,9709741,56.0,0,0,4.8,5.0,5.0
1952,9714251,84.0,0,5,5.0,5.0,5.0
1953,9714252,75.0,0,13,4.9,5.0,5.0
1954,9714253,76.0,0,22,0.0,0.0,0.0
1955,9714255,63.0,0,11,0.0,0.0,0.0
1956,9715496,63.0,0,10,0.0,0.0,0.0
1957,9715497,76.0,0,8,5.0,5.0,5.0
1958,9718763,74.0,0,7,0.0,0.0,0.0
1959,9720007,74.0,0,3,0.0,0.0,0.0
1960,9723320,48.0,0,0,0.0,0.0,0.0
1961,9723453,64.0,0,5,0.0,0.0,0.0
1962,9723455,70.0,0,12,0.0,0.0,0.0
1963,9723522,79.0,0,8,0.0,0.0,0.0
1964,9723528,71.0,0,3,3.0,3.5,3.5
1965,9723920,82.0,1,42,4.3,4.3,4.3
1966,9732149,78.0,0,11,5.0,5.0,5.0
1967,9732150,78.0,1,31,4.3,4.5,4.5
1968,9732151,62.0,0,4,0.0,0.0,0.0
1969,9732152,81.0,0,1,5.0,5.0,5.0
1970,9732245,52.0,0,0,0.0,0.0,0.0
1971,9732246,68.0,0,15,0.0,0.0,0.0
1972,9732247,82.0,3,16,0.0,0.0,0.0
1973,9732289,76.0,1,15,4.5,4.3,4.3
1974,9732516,69.0,0,2,4.9,5.0,5.0
1975,9743200,53.0,0,3,0.0,0.0,0.0
1976,9743203,67.0,0,4,0.0,0.0,0.0
1977,9747659,85.0,0,7,5.0,5.0,5.0
1978,9750591,70.0,0,6,0.0,0.0,0.0
1979,9750593,74.0,1,44,5.0,5.0,5.0
1980,9750594,68.0,0,2,0.0,0.0,0.0
1981,9750596,76.0,0,14,4.9,4.8,4.8
1982,9750598,60.0,0,12,0.0,0.0,0.0
1983,9750600,50.0,0,2,0.0,0.0,0.0
1984,9756647,73.0,0,6,0.0,0.0,0.0
1985,9759673,60.0,0,7,0.0,0.0,0.0
1986,9759675,61.0,0,9,0.0,0.0,0.0
1987,9763623,68.0,0,4,0.0,0.0,0.0
1988,9763625,72.0,0,11,0.0,0.0,0.0
1989,9763626,72.0,0,10,0.0,0.0,0.0
1990,9763627,68.0,0,14,0.0,0.0,0.0
1991,9763629,80.0,1,26,4.8,5.0,5.0
1992,9763630,74.0,0,8,5.0,5.0,5.0
1993,9765167,80.0,0,5,0.0,0.0,0.0
1994,9767596,81.0,1,22,4.5,4.7,4.7
1995,9768669,71.0,1,8,0.0,0.0,0.0
1996,9768670,78.0,1,11,0.0,0.0,0.0
1997,9768671,84.0,1,39,5.0,5.0,5.0
1998,9768801,62.0,0,13,0.0,0.0,0.0
1999,9768802,59.0,0,6,0.0,0.0,0.0
2000,9768803,77.0,0,12,5.0,5.0,5.0
2001,9771119,57.0,0,4,0.0,0.0,0.0
2002,9771199,60.0,0,4,0.0,0.0,0.0
2003,9771412,67.0,0,2,0.0,0.0,0.0
2004,9771551,64.0,0,10,0.0,0.0,0.0
2005,9771816,47.0,0,0,0.0,0.0,0.0
2006,9774784,59.0,1,12,0.0,0.0,0.0
2007,9777780,52.0,0,0,0.0,0.0,0.0
2008,9778179,77.0,0,6,0.0,0.0,0.0
2009,9778638,55.0,0,6,0.0,0.0,0.0
2010,9780082,80.0,0,13,4.9,5.0,5.0
2011,9780359,75.0,0,9,4.3,5.0,5.0
2012,9784036,75.0,0,7,0.0,0.0,0.0
2013,9784038,74.0,1,27,5.0,5.0,5.0
2014,9784041,88.0,0,13,5.0,5.0,5.0
2015,9784043,77.0,0,3,0.0,0.0,0.0
2016,9784044,71.0,0,28,4.5,4.6,4.6
2017,9784130,69.0,0,5,0.0,0.0,0.0
2018,9784430,60.0,0,1,0.0,0.0,0.0
2019,9784433,76.0,0,9,5.0,5.0,5.0
2020,9785910,62.0,0,22,0.0,0.0,0.0
2021,9790041,83.0,0,7,0.0,0.0,0.0
2022,9793022,76.0,0,3,0.0,0.0,0.0
2023,9793832,80.0,2,10,0.0,0.0,0.0
2024,9793833,64.0,0,8,0.0,0.0,0.0
2025,9793956,68.0,0,8,0.0,0.0,0.0
2026,9793957,72.0,0,10,0.0,0.0,0.0
2027,9794522,75.0,1,15,3.0,3.7,3.7
2028,9795241,64.0,0,5,0.0,0.0,0.0
2029,9797188,79.0,1,20,5.0,5.0,5.0
2030,9797978,79.0,0,8,0.0,0.0,0.0
2031,9801846,72.0,0,6,0.0,0.0,0.0
2032,9801849,61.0,0,2,0.0,0.0,0.0
2033,9801851,58.0,1,4,0.0,0.0,0.0
2034,9801855,55.0,0,0,0.0,0.0,0.0
2035,9801856,58.0,1,11,0.0,0.0,0.0
2036,9801858,73.0,0,2,5.0,4.5,4.5
2037,9801860,74.0,1,7,0.0,0.0,0.0
2038,9801862,61.0,0,3,0.0,0.0,0.0
2039,9801863,56.0,0,1,0.0,0.0,0.0
2040,9801865,55.0,0,7,0.0,0.0,0.0
2041,9801912,60.0,0,8,0.0,0.0,0.0
2042,9801913,85.0,0,19,5.0,5.0,5.0
2043,9802475,82.0,1,11,0.0,0.0,0.0
2044,9802477,59.0,0,3,0.0,0.0,0.0
2045,9802923,79.0,0,20,5.0,4.2,4.2
2046,9802925,67.0,0,18,0.0,0.0,0.0
2047,9805563,53.0,0,1,0.0,0.0,0.0
2048,9807348,66.0,0,4,0.0,0.0,0.0
2049,9807546,63.0,0,0,0.0,0.0,0.0
2050,9808274,54.0,3,16,0.0,0.0,0.0
2051,9809594,65.0,0,9,0.0,0.0,0.0
2052,9809595,74.0,0,3,0.0,0.0,0.0
2053,9809596,49.0,0,1,0.0,0.0,0.0
2054,9809597,68.0,0,3,0.0,0.0,0.0
2055,9809600,79.0,1,11,0.0,0.0,0.0
2056,9809601,71.0,0,3,0.0,0.0,0.0
2057,9809840,60.0,0,1,0.0,0.0,0.0
2058,9824302,65.0,0,3,0.0,0.0,0.0
2059,9840551,61.0,0,9,0.0,0.0,0.0
2060,9841348,61.0,1,14,0.0,0.0,0.0
2061,9844188,63.0,0,13,0.0,0.0,0.0
2062,9851173,74.0,1,9,0.0,0.0,0.0
2063,9857474,65.0,0,8,0.0,0.0,0.0
2064,9857475,66.0,0,1,0.0,0.0,0.0
2065,9857476,75.0,1,17,0.0,0.0,0.0
2066,9857477,64.0,0,9,0.0,0.0,0.0
2067,9860425,71.0,0,9,0.0,0.0,0.0
2068,9863455,63.0,0,5,0.0,0.0,0.0
2069,9863456,62.0,0,4,0.0,0.0,0.0
2070,9863458,62.0,0,3,0.0,0.0,0.0
2071,9873435,65.0,0,0,0.0,0.0,0.0
2072,9873654,64.0,0,3,0.0,0.0,0.0
2073,9873955,74.0,0,5,0.0,0.0,0.0
2074,9873959,81.0,0,12,5.0,5.0,5.0
2075,9875397,64.0,0,4,0.0,0.0,0.0
2076,9879597,63.0,0,19,0.0,0.0,0.0
2077,9879599,64.0,0,10,0.0,0.0,0.0
2078,9882814,65.0,0,10,0.0,0.0,0.0
2079,9890080,64.0,1,5,0.0,0.0,0.0
2080,9892661,74.0,1,5,0.0,0.0,0.0
2081,9898112,75.0,2,6,0.0,0.0,0.0
2082,9904027,59.0,0,0,0.0,0.0,0.0
2083,9904072,59.0,0,4,0.0,0.0,0.0
2084,9904517,60.0,0,3,0.0,0.0,0.0
