,供应商ID,供应商名,城市名,门店ID,门店名称,总成交额(元),预计收入(元),有效订单,笔单价(元),顾客实付金额(元),顾客实付笔单价(元),总支出(元),商家补贴(元),商家补贴力度,流失订单,流失订单预计损失(元),用户原因流失订单,配送原因流失订单数,商家原因流失订单数,其他原因流失订单数,商品金额,包装费,配送费,开始日,结束日
0,42267060178,河北雄安隆顺（原壹号花坊）,锦州,2058671122,花生活（花阁北镇市店）,0.0,0.0,0,0.0,0.0,0.0,0.0,0.0,0.0,0,0.0,0,0,0,0,0.0,0,0.0,20201001,20201031
1,42267060178,河北雄安隆顺（原壹号花坊）,台州,501175708,壹号花坊（圆梦花行复兴路店）,0.0,0.0,0,0.0,0.0,0.0,0.0,0.0,0.0,0,0.0,0,0,0,0,0.0,0,0.0,20201001,20201031
18,42267060178,河北雄安隆顺（原壹号花坊）,酒泉,2043137391,唯e爱花坊（华盛商场店）,0.0,0.0,0,0.0,0.0,0.0,0.0,0.0,0.0,0,0.0,0,0,0,0,0.0,0,0.0,20201001,20201031
20,42267060178,河北雄安隆顺（原壹号花坊）,南京,2034979659,壹号花坊（温情花艺工作室大桥北路店）,0.0,0.0,0,0.0,0.0,0.0,0.0,0.0,0.0,0,0.0,0,0,0,0,0.0,0,0.0,20201001,20201031
21,42267060178,河北雄安隆顺（原壹号花坊）,佛山,2036262852,壹号花坊（小姐姐的花店广佛一路店）,0.0,0.0,0,0.0,0.0,0.0,0.0,0.0,0.0,0,0.0,0,0,0,0,0.0,0,0.0,20201001,20201031
22,42267060178,河北雄安隆顺（原壹号花坊）,恩施土家族苗族自治州,2042539718,皇的花园（凤翔大道店）,0.0,0.0,0,0.0,0.0,0.0,0.0,0.0,0.0,0,0.0,0,0,0,0,0.0,0,0.0,20201001,20201031
23,42267060178,河北雄安隆顺（原壹号花坊）,长春,2043167134,唯美花艺（长山路店）,0.0,0.0,0,0.0,0.0,0.0,0.0,0.0,0.0,0,0.0,0,0,0,0,0.0,0,0.0,20201001,20201031
28,42267060178,河北雄安隆顺（原壹号花坊）,廊坊,300018944,壹号花坊（流星花园王佃庄村店）,0.0,0.0,0,0.0,0.0,0.0,0.0,0.0,0.0,0,0.0,0,0,0,0,0.0,0,0.0,20201001,20201031
29,42267060178,河北雄安隆顺（原壹号花坊）,遵义,304892578,壹号花坊（香阁丽娜鹿鸣西路店）,0.0,0.0,0,0.0,0.0,0.0,0.0,0.0,0.0,1,98.0,0,0,1,0,0.0,0,0.0,20201001,20201031
30,42267060178,河北雄安隆顺（原壹号花坊）,南宁,304952535,壹号花坊（南宁唯爱花店民主路店）,0.0,0.0,0,0.0,0.0,0.0,0.0,0.0,0.0,0,0.0,0,0,0,0,0.0,0,0.0,20201001,20201031
31,42267060178,河北雄安隆顺（原壹号花坊）,昆明,336819801,壹号花坊（鹤望兰婚庆小板桥街道店）,0.0,0.0,0,0.0,0.0,0.0,0.0,0.0,0.0,0,0.0,0,0,0,0,0.0,0,0.0,20201001,20201031
33,42267060178,河北雄安隆顺（原壹号花坊）,合肥,2043493005,手拉手鲜花婚庆,0.0,0.0,0,0.0,0.0,0.0,0.0,0.0,0.0,0,0.0,0,0,0,0,0.0,0,0.0,20201001,20201031
36,42267060178,河北雄安隆顺（原壹号花坊）,荆州,2042529609,红玫花坊（园林路店）,0.0,0.0,0,0.0,0.0,0.0,0.0,0.0,0.0,0,0.0,0,0,0,0,0.0,0,0.0,20201001,20201031
37,42267060178,河北雄安隆顺（原壹号花坊）,合肥,2042529585,邂逅花坊寻花集花艺（临泉路店）,0.0,0.0,0,0.0,0.0,0.0,0.0,0.0,0.0,0,0.0,0,0,0,0,0.0,0,0.0,20201001,20201031
38,42267060178,河北雄安隆顺（原壹号花坊）,娄底,2036842673,壹号花坊（花样屋新星南路店）,0.0,0.0,0,0.0,0.0,0.0,0.0,0.0,0.0,0,0.0,0,0,0,0,0.0,0,0.0,20201001,20201031
39,42267060178,河北雄安隆顺（原壹号花坊）,牡丹江,2036081113,壹号花坊（辉辉鲜花向阳街店）,0.0,0.0,0,0.0,0.0,0.0,0.0,0.0,0.0,0,0.0,0,0,0,0,0.0,0,0.0,20201001,20201031
40,42267060178,河北雄安隆顺（原壹号花坊）,南宁,2034959850,壹号花坊（卓伊鲜花青秀区店）,0.0,0.0,0,0.0,0.0,0.0,0.0,0.0,0.0,0,0.0,0,0,0,0,0.0,0,0.0,20201001,20201031
41,42267060178,河北雄安隆顺（原壹号花坊）,银川,304912611,壹号花坊（有间鲜花店庆丰街店）,0.0,0.0,0,0.0,0.0,0.0,0.0,0.0,0.0,0,0.0,0,0,0,0,0.0,0,0.0,20201001,20201031
43,42267060178,河北雄安隆顺（原壹号花坊）,张家界,335784800,壹号花坊（花间密码永定区店）,0.0,0.0,0,0.0,0.0,0.0,0.0,0.0,0.0,0,0.0,0,0,0,0,0.0,0,0.0,20201001,20201031
46,42267060178,河北雄安隆顺（原壹号花坊）,武汉,304912613,壹号花坊（当奶茶遇上鲜花兴业路店）,0.0,0.0,0,0.0,0.0,0.0,0.0,0.0,0.0,0,0.0,0,0,0,0,0.0,0,0.0,20201001,20201031
47,42267060178,河北雄安隆顺（原壹号花坊）,长春,2036892633,壹号花坊（满园春色花行九台区店）,0.0,0.0,0,0.0,0.0,0.0,0.0,0.0,0.0,0,0.0,0,0,0,0,0.0,0,0.0,20201001,20201031
48,42267060178,河北雄安隆顺（原壹号花坊）,遵义,300169069,壹号花坊（同心花艺丽都酒店一层店）,0.0,0.0,0,0.0,0.0,0.0,0.0,0.0,0.0,0,0.0,0,0,0,0,0.0,0,0.0,20201001,20201031
50,42267060178,河北雄安隆顺（原壹号花坊）,庆阳,2042449624,花田舍（秦直路店）,0.0,0.0,0,0.0,0.0,0.0,0.0,0.0,0.0,0,0.0,0,0,0,0,0.0,0,0.0,20201001,20201031
51,42267060178,河北雄安隆顺（原壹号花坊）,丹东,2036895310,壹号花坊（伊甸园花店江城大街店）,0.0,0.0,0,0.0,0.0,0.0,0.0,0.0,0.0,0,0.0,0,0,0,0,0.0,0,0.0,20201001,20201031
52,42267060178,河北雄安隆顺（原壹号花坊）,曲靖,300038919,壹号花坊（欣怡花坊西华路店）,0.0,0.0,0,0.0,0.0,0.0,0.0,0.0,0.0,0,0.0,0,0,0,0,0.0,0,0.0,20201001,20201031
53,42267060178,河北雄安隆顺（原壹号花坊）,烟台,2042459713,BLOSSOM花宿（长江路店）,0.0,0.0,0,0.0,0.0,0.0,0.0,0.0,0.0,0,0.0,0,0,0,0,0.0,0,0.0,20201001,20201031
55,42267060178,河北雄安隆顺（原壹号花坊）,银川,300028997,壹号花坊（花草堂鲜花店清和北街店）,0.0,0.0,0,0.0,0.0,0.0,0.0,0.0,0.0,0,0.0,0,0,0,0,0.0,0,0.0,20201001,20201031
57,42267060178,河北雄安隆顺（原壹号花坊）,长沙,2043512852,花缘花艺（雨花区店）,0.0,0.0,0,0.0,0.0,0.0,0.0,0.0,0.0,0,0.0,0,0,0,0,0.0,0,0.0,20201001,20201031
58,42267060178,河北雄安隆顺（原壹号花坊）,仙桃,336636681,壹号花坊（花缘花艺坊仙桃地区店）,0.0,0.0,0,0.0,0.0,0.0,0.0,0.0,0.0,0,0.0,0,0,0,0,0.0,0,0.0,20201001,20201031
60,42267060178,河北雄安隆顺（原壹号花坊）,东莞,2042529593,悦尚鲜花（霄边大街店）,0.0,0.0,0,0.0,0.0,0.0,0.0,0.0,0.0,0,0.0,0,0,0,0,0.0,0,0.0,20201001,20201031
61,42267060178,河北雄安隆顺（原壹号花坊）,哈尔滨,2043157317,兰馨花艺（宾州镇店）,0.0,0.0,0,0.0,0.0,0.0,0.0,0.0,0.0,0,0.0,0,0,0,0,0.0,0,0.0,20201001,20201031
62,42267060178,河北雄安隆顺（原壹号花坊）,南充,2043368142,四叶草,0.0,0.0,0,0.0,0.0,0.0,0.0,0.0,0.0,0,0.0,0,0,0,0,0.0,0,0.0,20201001,20201031
65,42267060178,河北雄安隆顺（原壹号花坊）,湖州,2036252939,壹号花坊（20时光昌硕街道店）,0.0,0.0,0,0.0,0.0,0.0,0.0,0.0,0.0,0,0.0,0,0,0,0,0.0,0,0.0,20201001,20201031
66,42267060178,河北雄安隆顺（原壹号花坊）,长春,335774935,壹号花坊（鲜花宽城区店）,0.0,0.0,0,0.0,0.0,0.0,0.0,0.0,0.0,0,0.0,0,0,0,0,0.0,0,0.0,20201001,20201031
67,42267060178,河北雄安隆顺（原壹号花坊）,洛阳,2043372422,花好月圆（丽春路店）,0.0,0.0,0,0.0,0.0,0.0,0.0,0.0,0.0,0,0.0,0,0,0,0,0.0,0,0.0,20201001,20201031
69,42267060178,河北雄安隆顺（原壹号花坊）,乌鲁木齐,335724862,壹号花坊（新新花卉南昌路店）,0.0,0.0,0,0.0,0.0,0.0,0.0,0.0,0.0,0,0.0,0,0,0,0,0.0,0,0.0,20201001,20201031
71,42267060178,河北雄安隆顺（原壹号花坊）,平顶山,2036892635,壹号花坊（七彩花铺人民路店）,0.0,0.0,0,0.0,0.0,0.0,0.0,0.0,0.0,1,98.0,1,0,0,0,0.0,0,0.0,20201001,20201031
72,42267060178,河北雄安隆顺（原壹号花坊）,南充,304942554,壹号花坊（原色花艺工作室柳林路店）,0.0,0.0,0,0.0,0.0,0.0,0.0,0.0,0.0,0,0.0,0,0,0,0,0.0,0,0.0,20201001,20201031
73,42267060178,河北雄安隆顺（原壹号花坊）,曲靖,335754751,壹号花坊（馨语花店西宁街道店）,0.0,0.0,0,0.0,0.0,0.0,0.0,0.0,0.0,0,0.0,0,0,0,0,0.0,0,0.0,20201001,20201031
74,42267060178,河北雄安隆顺（原壹号花坊）,襄阳,2043493004,柒月鲜花（襄州区店）,0.0,0.0,0,0.0,0.0,0.0,0.0,0.0,0.0,0,0.0,0,0,0,0,0.0,0,0.0,20201001,20201031
76,42267060178,河北雄安隆顺（原壹号花坊）,永州,2043127362,玫瑰园（城东北路店）,0.0,0.0,0,0.0,0.0,0.0,0.0,0.0,0.0,0,0.0,0,0,0,0,0.0,0,0.0,20201001,20201031
77,42267060178,河北雄安隆顺（原壹号花坊）,红河哈尼族彝族自治州,336712341,壹号花坊（小龙女幸福花店吉山南路店）,0.0,0.0,0,0.0,0.0,0.0,0.0,0.0,0.0,0,0.0,0,0,0,0,0.0,0,0.0,20201001,20201031
79,42267060178,河北雄安隆顺（原壹号花坊）,商丘,2043137397,王军鲜花店（袁山路店）,0.0,0.0,0,0.0,0.0,0.0,0.0,0.0,0.0,0,0.0,0,0,0,0,0.0,0,0.0,20201001,20201031
81,42267060178,河北雄安隆顺（原壹号花坊）,济南,304982509,壹号花坊（达奇花艺经十路店）,0.0,0.0,0,0.0,0.0,0.0,0.0,0.0,0.0,0,0.0,0,0,0,0,0.0,0,0.0,20201001,20201031
82,42267060178,河北雄安隆顺（原壹号花坊）,合肥,2043502901,花里花店（莲花路店）,0.0,0.0,0,0.0,0.0,0.0,0.0,0.0,0.0,0,0.0,0,0,0,0,0.0,0,0.0,20201001,20201031
84,42267060178,河北雄安隆顺（原壹号花坊）,九江,304882558,壹号花坊（花房姑娘甘棠北路店）,0.0,0.0,0,0.0,0.0,0.0,0.0,0.0,0.0,0,0.0,0,0,0,0,0.0,0,0.0,20201001,20201031
87,42267060178,河北雄安隆顺（原壹号花坊）,榆林,304912605,壹号花坊（七彩鲜花店新建北路店）,0.0,0.0,0,0.0,0.0,0.0,0.0,0.0,0.0,0,0.0,0,0,0,0,0.0,0,0.0,20201001,20201031
90,42267060178,河北雄安隆顺（原壹号花坊）,长春,2042449620,慕巴夫鲜花（正阳街店）,0.0,0.0,0,0.0,0.0,0.0,0.0,0.0,0.0,0,0.0,0,0,0,0,0.0,0,0.0,20201001,20201031
91,42267060178,河北雄安隆顺（原壹号花坊）,柳州,304892576,壹号花坊（柒色花艺馆沿江路店）,0.0,0.0,0,0.0,0.0,0.0,0.0,0.0,0.0,0,0.0,0,0,0,0,0.0,0,0.0,20201001,20201031
92,42267060178,河北雄安隆顺（原壹号花坊）,六盘水,336849757,壹号花坊（爱花居钟山区店）,0.0,0.0,0,0.0,0.0,0.0,0.0,0.0,0.0,0,0.0,0,0,0,0,0.0,0,0.0,20201001,20201031
96,42267060178,河北雄安隆顺（原壹号花坊）,唐山,2034988979,壹号花坊（暖阳花房友谊南路店）,0.0,0.0,0,0.0,0.0,0.0,0.0,0.0,0.0,0,0.0,0,0,0,0,0.0,0,0.0,20201001,20201031
97,42267060178,河北雄安隆顺（原壹号花坊）,商丘,2036084080,壹号花坊（木兰藤花屋归德路店）,0.0,0.0,0,0.0,0.0,0.0,0.0,0.0,0.0,0,0.0,0,0,0,0,0.0,0,0.0,20201001,20201031
98,42267060178,河北雄安隆顺（原壹号花坊）,常德,2043368141,洛神（武陵区店）,0.0,0.0,0,0.0,0.0,0.0,0.0,0.0,0.0,0,0.0,0,0,0,0,0.0,0,0.0,20201001,20201031
101,42267060178,河北雄安隆顺（原壹号花坊）,株洲,336859643,壹号花坊（朵夏时光星通路店）,0.0,0.0,0,0.0,0.0,0.0,0.0,0.0,0.0,0,0.0,0,0,0,0,0.0,0,0.0,20201001,20201031
102,42267060178,河北雄安隆顺（原壹号花坊）,本溪,336809812,壹号花坊（鲜花婚庆婚车曙光路店）,0.0,0.0,0,0.0,0.0,0.0,0.0,0.0,0.0,0,0.0,0,0,0,0,0.0,0,0.0,20201001,20201031
103,42267060178,河北雄安隆顺（原壹号花坊）,营口,2036081114,壹号花坊（菲凡花艺站前区店）,0.0,0.0,0,0.0,0.0,0.0,0.0,0.0,0.0,0,0.0,0,0,0,0,0.0,0,0.0,20201001,20201031
104,42267060178,河北雄安隆顺（原壹号花坊）,驻马店,2042666104,花兮花店（纬二路店）,0.0,0.0,0,0.0,0.0,0.0,0.0,0.0,0.0,0,0.0,0,0,0,0,0.0,0,0.0,20201001,20201031
108,42267060178,河北雄安隆顺（原壹号花坊）,娄底,2042449630,花印象（凤阳街店）,0.0,0.0,0,0.0,0.0,0.0,0.0,0.0,0.0,0,0.0,0,0,0,0,0.0,0,0.0,20201001,20201031
109,42267060178,河北雄安隆顺（原壹号花坊）,娄底,2036852692,壹号花坊（鲜花屋婚庆馆上渡街道店）,0.0,0.0,0,0.0,0.0,0.0,0.0,0.0,0.0,0,0.0,0,0,0,0,0.0,0,0.0,20201001,20201031
110,42267060178,河北雄安隆顺（原壹号花坊）,镇江,2042459710,花心花卉（云阳镇店）,0.0,0.0,0,0.0,0.0,0.0,0.0,0.0,0.0,0,0.0,0,0,0,0,0.0,0,0.0,20201001,20201031
111,42267060178,河北雄安隆顺（原壹号花坊）,上饶,2036252941,壹号花坊（蝴蝶兰鲜花店博山路店）,0.0,0.0,0,0.0,0.0,0.0,0.0,0.0,0.0,0,0.0,0,0,0,0,0.0,0,0.0,20201001,20201031
112,42267060178,河北雄安隆顺（原壹号花坊）,临汾,2042579673,时光花里花艺（平阳南街店）,0.0,0.0,0,0.0,0.0,0.0,0.0,0.0,0.0,0,0.0,0,0,0,0,0.0,0,0.0,20201001,20201031
114,42267060178,河北雄安隆顺（原壹号花坊）,杭州,300028994,壹号花坊（花海桂花西路店）,0.0,0.0,0,0.0,0.0,0.0,0.0,0.0,0.0,0,0.0,0,0,0,0,0.0,0,0.0,20201001,20201031
115,42267060178,河北雄安隆顺（原壹号花坊）,中山,2042539721,花开娜时花卉（湖滨北路店）,0.0,0.0,0,0.0,0.0,0.0,0.0,0.0,0.0,0,0.0,0,0,0,0,0.0,0,0.0,20201001,20201031
116,42267060178,河北雄安隆顺（原壹号花坊）,宁德,304912612,壹号花坊（印象花坊龙山中路店）,0.0,0.0,0,0.0,0.0,0.0,0.0,0.0,0.0,0,0.0,0,0,0,0,0.0,0,0.0,20201001,20201031
117,42267060178,河北雄安隆顺（原壹号花坊）,娄底,336859644,壹号花坊（涓涓花屋娄星区店）,0.0,0.0,0,0.0,0.0,0.0,0.0,0.0,0.0,0,0.0,0,0,0,0,0.0,0,0.0,20201001,20201031
118,42267060178,河北雄安隆顺（原壹号花坊）,梧州,2043368140,别处生花（银兴一路店）,0.0,0.0,0,0.0,0.0,0.0,0.0,0.0,0.0,0,0.0,0,0,0,0,0.0,0,0.0,20201001,20201031
121,42267060178,河北雄安隆顺（原壹号花坊）,榆林,304942553,壹号花坊（情缘鲜花榆阳西路店）,0.0,0.0,0,0.0,0.0,0.0,0.0,0.0,0.0,0,0.0,0,0,0,0,0.0,0,0.0,20201001,20201031
122,42267060178,河北雄安隆顺（原壹号花坊）,襄阳,2042539715,小雨点花屋（航空路店）,0.0,0.0,0,0.0,0.0,0.0,0.0,0.0,0.0,0,0.0,0,0,0,0,0.0,0,0.0,20201001,20201031
123,42267060178,河北雄安隆顺（原壹号花坊）,安庆,2043512855,琪琪花艺,0.0,0.0,0,0.0,0.0,0.0,0.0,0.0,0.0,0,0.0,0,0,0,0,0.0,0,0.0,20201001,20201031
124,42267060178,河北雄安隆顺（原壹号花坊）,泸州,335724864,壹号花坊（城市花坊飞跃街店）,0.0,0.0,0,0.0,0.0,0.0,0.0,0.0,0.0,0,0.0,0,0,0,0,0.0,0,0.0,20201001,20201031
125,42267060178,河北雄安隆顺（原壹号花坊）,西安,2043482918,天成花艺坊（新城区店）,0.0,0.0,0,0.0,0.0,0.0,0.0,0.0,0.0,0,0.0,0,0,0,0,0.0,0,0.0,20201001,20201031
127,42267060178,河北雄安隆顺（原壹号花坊）,哈尔滨,2036835243,壹号花坊（一朵花艺南直路店）,0.0,0.0,0,0.0,0.0,0.0,0.0,0.0,0.0,0,0.0,0,0,0,0,0.0,0,0.0,20201001,20201031
128,42267060178,河北雄安隆顺（原壹号花坊）,白银,2036892637,壹号花坊（十三花艺奶茶馆西山路店）,0.0,0.0,0,0.0,0.0,0.0,0.0,0.0,0.0,0,0.0,0,0,0,0,0.0,0,0.0,20201001,20201031
129,42267060178,河北雄安隆顺（原壹号花坊）,合肥,300038915,壹号花坊（麦子花艺馆蒙城北路店）,0.0,0.0,0,0.0,0.0,0.0,0.0,0.0,0.0,0,0.0,0,0,0,0,0.0,0,0.0,20201001,20201031
130,42267060178,河北雄安隆顺（原壹号花坊）,天津,336606927,壹号花坊（香谷鲜花渔阳镇店）,0.0,0.0,0,0.0,0.0,0.0,0.0,0.0,0.0,0,0.0,0,0,0,0,0.0,0,0.0,20201001,20201031
132,42267060178,河北雄安隆顺（原壹号花坊）,长春,2034988980,壹号花坊（简一鲜花绿园区店）,0.0,0.0,0,0.0,0.0,0.0,0.0,0.0,0.0,0,0.0,0,0,0,0,0.0,0,0.0,20201001,20201031
133,42267060178,河北雄安隆顺（原壹号花坊）,长春,2042539723,忆花时间（柳影路店）,0.0,0.0,0,0.0,0.0,0.0,0.0,0.0,0.0,0,0.0,0,0,0,0,0.0,0,0.0,20201001,20201031
136,42267060178,河北雄安隆顺（原壹号花坊）,青岛,2042539728,益玛特超市（庐山路店）,0.0,0.0,0,0.0,0.0,0.0,0.0,0.0,0.0,0,0.0,0,0,0,0,0.0,0,0.0,20201001,20201031
137,42267060178,河北雄安隆顺（原壹号花坊）,合肥,300612204,壹号花坊（花朝越城北路店）,0.0,0.0,0,0.0,0.0,0.0,0.0,0.0,0.0,0,0.0,0,0,0,0,0.0,0,0.0,20201001,20201031
138,42267060178,河北雄安隆顺（原壹号花坊）,遵义,300018937,壹号花坊（第三居鲜花白沙路店）,0.0,0.0,0,0.0,0.0,0.0,0.0,0.0,0.0,0,0.0,0,0,0,0,0.0,0,0.0,20201001,20201031
142,42267060178,河北雄安隆顺（原壹号花坊）,周口,2043372420,溢清园花卉（交通东路店）,0.0,0.0,0,0.0,0.0,0.0,0.0,0.0,0.0,0,0.0,0,0,0,0,0.0,0,0.0,20201001,20201031
143,42267060178,河北雄安隆顺（原壹号花坊）,厦门,304952534,壹号花坊（陌上花开悦实广场店）,0.0,0.0,0,0.0,0.0,0.0,0.0,0.0,0.0,1,63.0,1,0,0,0,0.0,0,0.0,20201001,20201031
144,42267060178,河北雄安隆顺（原壹号花坊）,六盘水,2036855287,壹号花坊（心心花屋建设西路店）,0.0,0.0,0,0.0,0.0,0.0,0.0,0.0,0.0,0,0.0,0,0,0,0,0.0,0,0.0,20201001,20201031
147,42267060178,河北雄安隆顺（原壹号花坊）,乐山,2043362464,花艺花屋（绥山镇店）,0.0,0.0,0,0.0,0.0,0.0,0.0,0.0,0.0,0,0.0,0,0,0,0,0.0,0,0.0,20201001,20201031
148,42267060178,河北雄安隆顺（原壹号花坊）,绍兴,300592094,壹号花坊（花之恋华宇天庭店）,0.0,0.0,0,0.0,0.0,0.0,0.0,0.0,0.0,0,0.0,0,0,0,0,0.0,0,0.0,20201001,20201031
149,42267060178,河北雄安隆顺（原壹号花坊）,安顺,2042569647,情缘花艺（西秀区店）,0.0,0.0,0,0.0,0.0,0.0,0.0,0.0,0.0,0,0.0,0,0,0,0,0.0,0,0.0,20201001,20201031
150,42267060178,河北雄安隆顺（原壹号花坊）,哈尔滨,2043513881,花样年华（延寿县店）,0.0,0.0,0,0.0,0.0,0.0,0.0,0.0,0.0,0,0.0,0,0,0,0,0.0,0,0.0,20201001,20201031
151,42267060178,河北雄安隆顺（原壹号花坊）,渭南,2036855290,壹号花坊（爱尚鲜花坊解放路店）,0.0,0.0,0,0.0,0.0,0.0,0.0,0.0,0.0,0,0.0,0,0,0,0,0.0,0,0.0,20201001,20201031
153,42267060178,河北雄安隆顺（原壹号花坊）,昌吉回族自治州,2042449614,向阳花卉（建国路店）,0.0,0.0,0,0.0,0.0,0.0,0.0,0.0,0.0,0,0.0,0,0,0,0,0.0,0,0.0,20201001,20201031
154,42267060178,河北雄安隆顺（原壹号花坊）,苏州,2043503922,圣芳鲜花（虎丘区店）,0.0,0.0,0,0.0,0.0,0.0,0.0,0.0,0.0,0,0.0,0,0,0,0,0.0,0,0.0,20201001,20201031
155,42267060178,河北雄安隆顺（原壹号花坊）,安阳,2043167146,花无缺（振林街店）,0.0,0.0,0,0.0,0.0,0.0,0.0,0.0,0.0,0,0.0,0,0,0,0,0.0,0,0.0,20201001,20201031
157,42267060178,河北雄安隆顺（原壹号花坊）,烟台,300058942,壹号花坊（仪嘉花艺馆黄山路店）,0.0,0.0,0,0.0,0.0,0.0,0.0,0.0,0.0,0,0.0,0,0,0,0,0.0,0,0.0,20201001,20201031
158,42267060178,河北雄安隆顺（原壹号花坊）,无锡,2043362473,佳缘花艺（新吴区店）,0.0,0.0,0,0.0,0.0,0.0,0.0,0.0,0.0,0,0.0,0,0,0,0,0.0,0,0.0,20201001,20201031
160,42267060178,河北雄安隆顺（原壹号花坊）,合肥,300058939,壹号花坊（春季花艺贵池路店）,0.0,0.0,0,0.0,0.0,0.0,0.0,0.0,0.0,0,0.0,0,0,0,0,0.0,0,0.0,20201001,20201031
162,42267060178,河北雄安隆顺（原壹号花坊）,深圳,2043362466,遇见花坊爱花居（新桥街道店）,0.0,0.0,0,0.0,0.0,0.0,0.0,0.0,0.0,1,114.0,1,0,0,0,0.0,0,0.0,20201001,20201031
163,42267060178,河北雄安隆顺（原壹号花坊）,郑州,2042499827,博艺坊（新华路店）,0.0,0.0,0,0.0,0.0,0.0,0.0,0.0,0.0,0,0.0,0,0,0,0,0.0,0,0.0,20201001,20201031
164,42267060178,河北雄安隆顺（原壹号花坊）,牡丹江,2036081119,花心思鲜花创意坊(景福街店),0.0,0.0,0,0.0,0.0,0.0,0.0,0.0,0.0,0,0.0,0,0,0,0,0.0,0,0.0,20201001,20201031
167,42267060178,河北雄安隆顺（原壹号花坊）,遵义,304902513,壹号花坊（天缘花艺上海路店）,0.0,0.0,0,0.0,0.0,0.0,0.0,0.0,0.0,0,0.0,0,0,0,0,0.0,0,0.0,20201001,20201031
169,42267060178,河北雄安隆顺（原壹号花坊）,盐城,2042449618,壹号花坊（花仙子阜城大关路店）,0.0,0.0,0,0.0,0.0,0.0,0.0,0.0,0.0,0,0.0,0,0,0,0,0.0,0,0.0,20201001,20201031
170,42267060178,河北雄安隆顺（原壹号花坊）,杭州,2042666106,尚典花艺香（下城区店）,0.0,0.0,0,0.0,0.0,0.0,0.0,0.0,0.0,0,0.0,0,0,0,0,0.0,0,0.0,20201001,20201031
172,42267060178,河北雄安隆顺（原壹号花坊）,郴州,300068999,壹号花坊（遇见花艺馆国庆南路店）,0.0,0.0,0,0.0,0.0,0.0,0.0,0.0,0.0,0,0.0,0,0,0,0,0.0,0,0.0,20201001,20201031
174,42267060178,河北雄安隆顺（原壹号花坊）,安阳,300018934,壹号花坊（艺博花艺机场南路店）,0.0,0.0,0,0.0,0.0,0.0,0.0,0.0,0.0,0,0.0,0,0,0,0,0.0,0,0.0,20201001,20201031
175,42267060178,河北雄安隆顺（原壹号花坊）,湘西土家族苗族自治州,336859645,壹号花坊（花开一束皇仓路店）,0.0,0.0,0,0.0,0.0,0.0,0.0,0.0,0.0,0,0.0,0,0,0,0,0.0,0,0.0,20201001,20201031
176,42267060178,河北雄安隆顺（原壹号花坊）,武威,336626837,壹号花坊（民勤路店）,0.0,0.0,0,0.0,0.0,0.0,0.0,0.0,0.0,0,0.0,0,0,0,0,0.0,0,0.0,20201001,20201031
179,42267060178,河北雄安隆顺（原壹号花坊）,遂宁,2042489700,花房鲜花（蓬中路店）,0.0,0.0,0,0.0,0.0,0.0,0.0,0.0,0.0,0,0.0,0,0,0,0,0.0,0,0.0,20201001,20201031
180,42267060178,河北雄安隆顺（原壹号花坊）,重庆,335744863,壹号花坊（木棉花花艺文藻路店）,0.0,0.0,0,0.0,0.0,0.0,0.0,0.0,0.0,0,0.0,0,0,0,0,0.0,0,0.0,20201001,20201031
181,42267060178,河北雄安隆顺（原壹号花坊）,营口,2036093777,壹号花坊（莉薇花坊东新路店）,0.0,0.0,0,0.0,0.0,0.0,0.0,0.0,0.0,0,0.0,0,0,0,0,0.0,0,0.0,20201001,20201031
182,42267060178,河北雄安隆顺（原壹号花坊）,合肥,2042459719,锦喜汇花艺婚庆（凌湖路店）,0.0,0.0,0,0.0,0.0,0.0,0.0,0.0,0.0,0,0.0,0,0,0,0,0.0,0,0.0,20201001,20201031
183,42267060178,河北雄安隆顺（原壹号花坊）,唐山,2034959854,壹号花坊（朝夕花舍路南区店）,0.0,0.0,0,0.0,0.0,0.0,0.0,0.0,0.0,0,0.0,0,0,0,0,0.0,0,0.0,20201001,20201031
184,42267060178,河北雄安隆顺（原壹号花坊）,庆阳,2043177271,蝶兰花艺（北大街店）,0.0,0.0,0,0.0,0.0,0.0,0.0,0.0,0.0,1,114.0,1,0,0,0,0.0,0,0.0,20201001,20201031
185,42267060178,河北雄安隆顺（原壹号花坊）,德州,335757275,壹号花坊（鲜花振兴西路店）,0.0,0.0,0,0.0,0.0,0.0,0.0,0.0,0.0,0,0.0,0,0,0,0,0.0,0,0.0,20201001,20201031
186,42267060178,河北雄安隆顺（原壹号花坊）,娄底,2042489687,靓丽花屋（凤阳街店）,0.0,0.0,0,0.0,0.0,0.0,0.0,0.0,0.0,0,0.0,0,0,0,0,0.0,0,0.0,20201001,20201031
187,42267060178,河北雄安隆顺（原壹号花坊）,朝阳,2043368143,遇见花开（长江路店）,0.0,0.0,0,0.0,0.0,0.0,0.0,0.0,0.0,0,0.0,0,0,0,0,0.0,0,0.0,20201001,20201031
188,42267060178,河北雄安隆顺（原壹号花坊）,宜春,2042539725,花溪畔花艺生活馆（平安路店）,0.0,0.0,0,0.0,0.0,0.0,0.0,0.0,0.0,0,0.0,0,0,0,0,0.0,0,0.0,20201001,20201031
191,42267060178,河北雄安隆顺（原壹号花坊）,成都,2034969550,壹号花坊（清雅花艺美甲生活馆岷江街店）,0.0,0.0,0,0.0,0.0,0.0,0.0,0.0,0.0,0,0.0,0,0,0,0,0.0,0,0.0,20201001,20201031
192,42267060178,河北雄安隆顺（原壹号花坊）,成都,304912606,壹号花坊（静花缘柳浪湾街店）,0.0,0.0,0,0.0,0.0,0.0,0.0,0.0,0.0,0,0.0,0,0,0,0,0.0,0,0.0,20201001,20201031
193,42267060178,河北雄安隆顺（原壹号花坊）,泸州,2043177265,礼韵花坊（金山路店）,0.0,0.0,0,0.0,0.0,0.0,0.0,0.0,0.0,0,0.0,0,0,0,0,0.0,0,0.0,20201001,20201031
194,42267060178,河北雄安隆顺（原壹号花坊）,鄂尔多斯,2034959856,壹号花坊（鸢尾花艺坊东胜区店）,0.0,0.0,0,0.0,0.0,0.0,0.0,0.0,0.0,0,0.0,0,0,0,0,0.0,0,0.0,20201001,20201031
196,42267060178,河北雄安隆顺（原壹号花坊）,北京,2044215557,壹号花坊（唯美鲜花城北街道店）,0.0,0.0,0,0.0,0.0,0.0,0.0,0.0,0.0,0,0.0,0,0,0,0,0.0,0,0.0,20201001,20201031
197,42267060178,河北雄安隆顺（原壹号花坊）,榆林,304942552,壹号花坊（1314鲜花坊钟楼上巷店）,0.0,0.0,0,0.0,0.0,0.0,0.0,0.0,0.0,0,0.0,0,0,0,0,0.0,0,0.0,20201001,20201031
198,42267060178,河北雄安隆顺（原壹号花坊）,合肥,335794834,壹号花坊（洒也花艺紫云路店）,0.0,0.0,0,0.0,0.0,0.0,0.0,0.0,0.0,0,0.0,0,0,0,0,0.0,0,0.0,20201001,20201031
200,42267060178,河北雄安隆顺（原壹号花坊）,鹰潭,300038921,壹号花坊（我在等你梅园大道店）,0.0,0.0,0,0.0,0.0,0.0,0.0,0.0,0.0,0,0.0,0,0,0,0,0.0,0,0.0,20201001,20201031
201,42267060178,河北雄安隆顺（原壹号花坊）,金华,2043512851,不忘初心花艺（金东区店）,0.0,0.0,0,0.0,0.0,0.0,0.0,0.0,0.0,0,0.0,0,0,0,0,0.0,0,0.0,20201001,20201031
202,42267060178,河北雄安隆顺（原壹号花坊）,合肥,2043493006,雅阳花艺设计（南京路店）,0.0,0.0,0,0.0,0.0,0.0,0.0,0.0,0.0,0,0.0,0,0,0,0,0.0,0,0.0,20201001,20201031
203,42267060178,河北雄安隆顺（原壹号花坊）,济宁,2043493007,艾诺鲜花,0.0,0.0,0,0.0,0.0,0.0,0.0,0.0,0.0,0,0.0,0,0,0,0,0.0,0,0.0,20201001,20201031
204,42267060178,河北雄安隆顺（原壹号花坊）,吉安,2036081118,壹号花坊（朝花夕拾花艺吉州区店）,0.0,0.0,0,0.0,0.0,0.0,0.0,0.0,0.0,0,0.0,0,0,0,0,0.0,0,0.0,20201001,20201031
205,42267060178,河北雄安隆顺（原壹号花坊）,南阳,2036822602,壹号花坊（花之缘梅溪路店）,0.0,0.0,0,0.0,0.0,0.0,0.0,0.0,0.0,0,0.0,0,0,0,0,0.0,0,0.0,20201001,20201031
206,42267060178,河北雄安隆顺（原壹号花坊）,兰州,300048980,壹号花坊（博雅鲜花南昌路店）,0.0,0.0,0,0.0,0.0,0.0,0.0,0.0,0.0,0,0.0,0,0,0,0,0.0,0,0.0,20201001,20201031
207,42267060178,河北雄安隆顺（原壹号花坊）,贵阳,335744866,壹号花坊（四季春花艺黔春路店）,0.0,0.0,0,0.0,0.0,0.0,0.0,0.0,0.0,0,0.0,0,0,0,0,0.0,0,0.0,20201001,20201031
208,42267060178,河北雄安隆顺（原壹号花坊）,苏州,500948104,壹号花坊（月月花屋苏州工业园区店）,0.0,0.0,0,0.0,0.0,0.0,0.0,0.0,0.0,0,0.0,0,0,0,0,0.0,0,0.0,20201001,20201031
210,42267060178,河北雄安隆顺（原壹号花坊）,徐州,2043167144,茉里（大黄山街道店）,0.0,0.0,0,0.0,0.0,0.0,0.0,0.0,0.0,0,0.0,0,0,0,0,0.0,0,0.0,20201001,20201031
214,42267060178,河北雄安隆顺（原壹号花坊）,洛阳,2034998788,壹号花坊（东方花艺西苑路店）,0.0,0.0,0,0.0,0.0,0.0,0.0,0.0,0.0,0,0.0,0,0,0,0,0.0,0,0.0,20201001,20201031
215,42267060178,河北雄安隆顺（原壹号花坊）,北京,2043362470,FLOWER埖域（兴寿镇店）,0.0,0.0,0,0.0,0.0,0.0,0.0,0.0,0.0,0,0.0,0,0,0,0,0.0,0,0.0,20201001,20201031
216,42267060178,河北雄安隆顺（原壹号花坊）,榆林,300068998,壹号花坊（锦卉鲜花店金沙路店）,0.0,0.0,0,0.0,0.0,0.0,0.0,0.0,0.0,0,0.0,0,0,0,0,0.0,0,0.0,20201001,20201031
218,42267060178,河北雄安隆顺（原壹号花坊）,赣州,304992542,壹号花坊（浪漫花语女人街店）,0.0,0.0,0,0.0,0.0,0.0,0.0,0.0,0.0,0,0.0,0,0,0,0,0.0,0,0.0,20201001,20201031
219,42267060178,河北雄安隆顺（原壹号花坊）,安阳,2034988978,壹号花坊（青青鲜花礼品高新区店）,0.0,0.0,0,0.0,0.0,0.0,0.0,0.0,0.0,0,0.0,0,0,0,0,0.0,0,0.0,20201001,20201031
220,42267060178,河北雄安隆顺（原壹号花坊）,苏州,2042529581,壹花境@秘密花园（杜克大道店）,0.0,0.0,0,0.0,0.0,0.0,0.0,0.0,0.0,0,0.0,0,0,0,0,0.0,0,0.0,20201001,20201031
222,42267060178,河北雄安隆顺（原壹号花坊）,营口,300069000,壹号花坊（爱人鲜花店长征街沿东里店）,0.0,0.0,0,0.0,0.0,0.0,0.0,0.0,0.0,0,0.0,0,0,0,0,0.0,0,0.0,20201001,20201031
225,42267060178,河北雄安隆顺（原壹号花坊）,重庆,2036173490,壹号花坊（玫瑰花店金佛大道店）,0.0,0.0,0,0.0,0.0,0.0,0.0,0.0,0.0,0,0.0,0,0,0,0,0.0,0,0.0,20201001,20201031
226,42267060178,河北雄安隆顺（原壹号花坊）,汉中,2036895309,壹号花坊（点点花艺天汉大道店）,0.0,0.0,0,0.0,0.0,0.0,0.0,0.0,0.0,0,0.0,0,0,0,0,0.0,0,0.0,20201001,20201031
227,42267060178,河北雄安隆顺（原壹号花坊）,邯郸,2036822604,壹号花坊（人家有花滏明路店）,0.0,0.0,0,0.0,0.0,0.0,0.0,0.0,0.0,0,0.0,0,0,0,0,0.0,0,0.0,20201001,20201031
228,42267060178,河北雄安隆顺（原壹号花坊）,东营,335776278,壹号花坊（云澜花艺北一路店）,0.0,0.0,0,0.0,0.0,0.0,0.0,0.0,0.0,0,0.0,0,0,0,0,0.0,0,0.0,20201001,20201031
229,42267060178,河北雄安隆顺（原壹号花坊）,黑河,2036835244,壹号花坊（百合恋婚庆龙江路店）,0.0,0.0,0,0.0,0.0,0.0,0.0,0.0,0.0,0,0.0,0,0,0,0,0.0,0,0.0,20201001,20201031
233,42267060178,河北雄安隆顺（原壹号花坊）,徐州,2036252943,壹号花坊（玫瑰之约华山南路店）,0.0,0.0,0,0.0,0.0,0.0,0.0,0.0,0.0,0,0.0,0,0,0,0,0.0,0,0.0,20201001,20201031
234,42267060178,河北雄安隆顺（原壹号花坊）,合肥,300158913,壹号花坊（唯爱花店合巢南路店）,0.0,0.0,0,0.0,0.0,0.0,0.0,0.0,0.0,0,0.0,0,0,0,0,0.0,0,0.0,20201001,20201031
235,42267060178,河北雄安隆顺（原壹号花坊）,鄂尔多斯,335744865,壹号花坊（满天星鲜花坊东胜区店）,0.0,0.0,0,0.0,0.0,0.0,0.0,0.0,0.0,0,0.0,0,0,0,0,0.0,0,0.0,20201001,20201031
236,42267060178,河北雄安隆顺（原壹号花坊）,贵阳,300169063,壹号花坊（花之翼安井未来方舟E4组团店）,0.0,0.0,0,0.0,0.0,0.0,0.0,0.0,0.0,0,0.0,0,0,0,0,0.0,0,0.0,20201001,20201031
237,42267060178,河北雄安隆顺（原壹号花坊）,武汉,304882559,壹号花坊（韦爵爷露甲山店）,0.0,0.0,0,0.0,0.0,0.0,0.0,0.0,0.0,0,0.0,0,0,0,0,0.0,0,0.0,20201001,20201031
238,42267060178,河北雄安隆顺（原壹号花坊）,哈尔滨,2043177277,花样年华（前进街店）,0.0,0.0,0,0.0,0.0,0.0,0.0,0.0,0.0,0,0.0,0,0,0,0,0.0,0,0.0,20201001,20201031
239,42267060178,河北雄安隆顺（原壹号花坊）,洛阳,2036093778,壹号花坊（花度花艺洛龙区店）,0.0,0.0,0,0.0,0.0,0.0,0.0,0.0,0.0,0,0.0,0,0,0,0,0.0,0,0.0,20201001,20201031
241,42267060178,河北雄安隆顺（原壹号花坊）,萍乡,335786148,壹号花坊（梁氏花木安源区店）,0.0,0.0,0,0.0,0.0,0.0,0.0,0.0,0.0,0,0.0,0,0,0,0,0.0,0,0.0,20201001,20201031
242,42267060178,河北雄安隆顺（原壹号花坊）,温州,2036081111,壹号花坊（唯爱花艺万松东路店）,0.0,0.0,0,0.0,0.0,0.0,0.0,0.0,0.0,0,0.0,0,0,0,0,0.0,0,0.0,20201001,20201031
243,42267060178,河北雄安隆顺（原壹号花坊）,攀枝花,304912608,壹号花坊（龙猫花园农贸农场店）,0.0,0.0,0,0.0,0.0,0.0,0.0,0.0,0.0,0,0.0,0,0,0,0,0.0,0,0.0,20201001,20201031
245,42267060178,河北雄安隆顺（原壹号花坊）,驻马店,2043167138,芙罗拉花艺（华星路店）,0.0,0.0,0,0.0,0.0,0.0,0.0,0.0,0.0,0,0.0,0,0,0,0,0.0,0,0.0,20201001,20201031
247,42267060178,河北雄安隆顺（原壹号花坊）,拉萨,300038923,壹号花坊（窑辉鲜花礼仪北京中路店）,0.0,0.0,0,0.0,0.0,0.0,0.0,0.0,0.0,0,0.0,0,0,0,0,0.0,0,0.0,20201001,20201031
248,42267060178,河北雄安隆顺（原壹号花坊）,枣庄,300038916,壹号花坊（爱花行府前路店）,0.0,0.0,0,0.0,0.0,0.0,0.0,0.0,0.0,0,0.0,0,0,0,0,0.0,0,0.0,20201001,20201031
250,42267060178,河北雄安隆顺（原壹号花坊）,贵阳,304882554,壹号花坊（媛媛花艺工作室瑞金北路店）,0.0,0.0,0,0.0,0.0,0.0,0.0,0.0,0.0,0,0.0,0,0,0,0,0.0,0,0.0,20201001,20201031
251,42267060178,河北雄安隆顺（原壹号花坊）,上饶,2036081109,壹号花坊（girl花坊丰溪街道店）,0.0,0.0,0,0.0,0.0,0.0,0.0,0.0,0.0,0,0.0,0,0,0,0,0.0,0,0.0,20201001,20201031
252,42267060178,河北雄安隆顺（原壹号花坊）,连云港,336869429,壹号花坊（花时光海昌南路店）,0.0,0.0,0,0.0,0.0,0.0,0.0,0.0,0.0,0,0.0,0,0,0,0,0.0,0,0.0,20201001,20201031
254,42267060178,河北雄安隆顺（原壹号花坊）,赣州,2043378235,奇缘花纺（东山街店）,0.0,0.0,0,0.0,0.0,0.0,0.0,0.0,0.0,0,0.0,0,0,0,0,0.0,0,0.0,20201001,20201031
255,42267060178,河北雄安隆顺（原壹号花坊）,合肥,300048979,壹号花坊（宇欣花店龙泉东路店）,0.0,0.0,0,0.0,0.0,0.0,0.0,0.0,0.0,0,0.0,0,0,0,0,0.0,0,0.0,20201001,20201031
256,42267060178,河北雄安隆顺（原壹号花坊）,营口,2034959857,壹号花坊（圣格花艺东新路店）,0.0,0.0,0,0.0,0.0,0.0,0.0,0.0,0.0,0,0.0,0,0,0,0,0.0,0,0.0,20201001,20201031
257,42267060178,河北雄安隆顺（原壹号花坊）,佛山,2042499845,红日千语鲜花（桂城南一路店）,0.0,0.0,0,0.0,0.0,0.0,0.0,0.0,0.0,0,0.0,0,0,0,0,0.0,0,0.0,20201001,20201031
258,42267060178,河北雄安隆顺（原壹号花坊）,吴忠,2042529607,时空花盟（友谊路店）,0.0,0.0,0,0.0,0.0,0.0,0.0,0.0,0.0,0,0.0,0,0,0,0,0.0,0,0.0,20201001,20201031
260,42267060178,河北雄安隆顺（原壹号花坊）,衡阳,2042529598,卡斯曼鲜花（先锋路店）,0.0,0.0,0,0.0,0.0,0.0,0.0,0.0,0.0,0,0.0,0,0,0,0,0.0,0,0.0,20201001,20201031
261,42267060178,河北雄安隆顺（原壹号花坊）,太原,2043137386,苏苏花艺（平阳路店）,0.0,0.0,0,0.0,0.0,0.0,0.0,0.0,0.0,0,0.0,0,0,0,0,0.0,0,0.0,20201001,20201031
263,42267060178,河北雄安隆顺（原壹号花坊）,兰州,2042529587,水晶花房（安宁区店）,0.0,0.0,0,0.0,0.0,0.0,0.0,0.0,0.0,0,0.0,0,0,0,0,0.0,0,0.0,20201001,20201031
264,42267060178,河北雄安隆顺（原壹号花坊）,南充,2043167140,花花花鲜花店（茶盘路店）,0.0,0.0,0,0.0,0.0,0.0,0.0,0.0,0.0,0,0.0,0,0,0,0,0.0,0,0.0,20201001,20201031
266,42267060178,河北雄安隆顺（原壹号花坊）,安庆,304902507,壹号花坊（萌宠花语宜城路店）,0.0,0.0,0,0.0,0.0,0.0,0.0,0.0,0.0,0,0.0,0,0,0,0,0.0,0,0.0,20201001,20201031
267,42267060178,河北雄安隆顺（原壹号花坊）,鹤壁,2042529582,花末花店,0.0,0.0,0,0.0,0.0,0.0,0.0,0.0,0.0,0,0.0,0,0,0,0,0.0,0,0.0,20201001,20201031
268,42267060178,河北雄安隆顺（原壹号花坊）,乌鲁木齐,300018942,壹号花坊（乌鲁木齐店）,0.0,0.0,0,0.0,0.0,0.0,0.0,0.0,0.0,0,0.0,0,0,0,0,0.0,0,0.0,20201001,20201031
272,42267060178,河北雄安隆顺（原壹号花坊）,合肥,2043502900,美辰花艺（水阳江路店）,0.0,0.0,0,0.0,0.0,0.0,0.0,0.0,0.0,0,0.0,0,0,0,0,0.0,0,0.0,20201001,20201031
274,42267060178,河北雄安隆顺（原壹号花坊）,成都,500951613,壹号花坊（花芊谷花艺建设北路店）,0.0,0.0,0,0.0,0.0,0.0,0.0,0.0,0.0,0,0.0,0,0,0,0,0.0,0,0.0,20201001,20201031
275,42267060178,河北雄安隆顺（原壹号花坊）,合肥,304882551,壹号花坊（花研巧遇人民路店）,0.0,0.0,0,0.0,0.0,0.0,0.0,0.0,0.0,0,0.0,0,0,0,0,0.0,0,0.0,20201001,20201031
276,42267060178,河北雄安隆顺（原壹号花坊）,株洲,300038922,壹号花坊（陌上花开万家理想小区店）,0.0,0.0,0,0.0,0.0,0.0,0.0,0.0,0.0,0,0.0,0,0,0,0,0.0,0,0.0,20201001,20201031
277,42267060178,河北雄安隆顺（原壹号花坊）,宜昌,2036905313,壹号花坊（未晚中南路店）,0.0,0.0,0,0.0,0.0,0.0,0.0,0.0,0.0,0,0.0,0,0,0,0,0.0,0,0.0,20201001,20201031
279,42267060178,河北雄安隆顺（原壹号花坊）,嘉兴,336839495,壹号花坊（甜美花苑崇德东路店）,0.0,0.0,0,0.0,0.0,0.0,0.0,0.0,0.0,0,0.0,0,0,0,0,0.0,0,0.0,20201001,20201031
280,42267060178,河北雄安隆顺（原壹号花坊）,哈尔滨,2036845305,壹号花坊（賀囍の花店道里区店）,0.0,0.0,0,0.0,0.0,0.0,0.0,0.0,0.0,0,0.0,0,0,0,0,0.0,0,0.0,20201001,20201031
283,42267060178,河北雄安隆顺（原壹号花坊）,青岛,2042489688,壹号花坊（莱西店）,0.0,0.0,0,0.0,0.0,0.0,0.0,0.0,0.0,0,0.0,0,0,0,0,0.0,0,0.0,20201001,20201031
284,42267060178,河北雄安隆顺（原壹号花坊）,合肥,2043512854,蝶恋花（杨子江路店）,0.0,0.0,0,0.0,0.0,0.0,0.0,0.0,0.0,0,0.0,0,0,0,0,0.0,0,0.0,20201001,20201031
285,42267060178,河北雄安隆顺（原壹号花坊）,双鸭山,300028996,壹号花坊（鑫源花艺坊社西二号门市店）,0.0,0.0,0,0.0,0.0,0.0,0.0,0.0,0.0,0,0.0,0,0,0,0,0.0,0,0.0,20201001,20201031
286,42267060178,河北雄安隆顺（原壹号花坊）,巴音郭楞蒙古自治州,300048981,壹号花坊（醉美花坊团结北路店）,0.0,0.0,0,0.0,0.0,0.0,0.0,0.0,0.0,0,0.0,0,0,0,0,0.0,0,0.0,20201001,20201031
288,42267060178,河北雄安隆顺（原壹号花坊）,重庆,2043512849,百合花艺（汉丰街道店）,0.0,0.0,0,0.0,0.0,0.0,0.0,0.0,0.0,0,0.0,0,0,0,0,0.0,0,0.0,20201001,20201031
289,42267060178,河北雄安隆顺（原壹号花坊）,吉安,300038914,壹号花坊（倾城时光婚庆鲜花会馆吉安店）,0.0,0.0,0,0.0,0.0,0.0,0.0,0.0,0.0,0,0.0,0,0,0,0,0.0,0,0.0,20201001,20201031
290,42267060178,河北雄安隆顺（原壹号花坊）,蚌埠,2034959847,壹号花坊（花之坊凤阳东路店）,0.0,0.0,0,0.0,0.0,0.0,0.0,0.0,0.0,0,0.0,0,0,0,0,0.0,0,0.0,20201001,20201031
293,42267060178,河北雄安隆顺（原壹号花坊）,阳江,2043167143,花草季花艺生活馆,0.0,0.0,0,0.0,0.0,0.0,0.0,0.0,0.0,0,0.0,0,0,0,0,0.0,0,0.0,20201001,20201031
295,42267060178,河北雄安隆顺（原壹号花坊）,石家庄,2043157314,季雨花卉（裕华东路店）,0.0,0.0,0,0.0,0.0,0.0,0.0,0.0,0.0,0,0.0,0,0,0,0,0.0,0,0.0,20201001,20201031
297,42267060178,河北雄安隆顺（原壹号花坊）,东莞,2042579664,悦尚鲜花（建设路店）,0.0,0.0,0,0.0,0.0,0.0,0.0,0.0,0.0,0,0.0,0,0,0,0,0.0,0,0.0,20201001,20201031
298,42267060178,河北雄安隆顺（原壹号花坊）,榆林,304952540,壹号花坊（七彩鲜花新建北路店）,0.0,0.0,0,0.0,0.0,0.0,0.0,0.0,0.0,0,0.0,0,0,0,0,0.0,0,0.0,20201001,20201031
302,42267060178,河北雄安隆顺（原壹号花坊）,南阳,2043372421,小韩鲜花（新华路店）,0.0,0.0,0,0.0,0.0,0.0,0.0,0.0,0.0,0,0.0,0,0,0,0,0.0,0,0.0,20201001,20201031
303,42267060178,河北雄安隆顺（原壹号花坊）,和田地区,2043127366,名花有主（塔乃依北路店）,0.0,0.0,0,0.0,0.0,0.0,0.0,0.0,0.0,0,0.0,0,0,0,0,0.0,0,0.0,20201001,20201031
304,42267060178,河北雄安隆顺（原壹号花坊）,镇江,500968176,壹号花坊（花之语鲜花北大街店）,0.0,0.0,0,0.0,0.0,0.0,0.0,0.0,0.0,0,0.0,0,0,0,0,0.0,0,0.0,20201001,20201031
305,42267060178,河北雄安隆顺（原壹号花坊）,天门,2043147294,千喜花坊（新城公旺大街店）,0.0,0.0,0,0.0,0.0,0.0,0.0,0.0,0.0,0,0.0,0,0,0,0,0.0,0,0.0,20201001,20201031
306,42267060178,河北雄安隆顺（原壹号花坊）,六安,300058941,壹号花坊（名缘花卉春苑新村店）,0.0,0.0,0,0.0,0.0,0.0,0.0,0.0,0.0,0,0.0,0,0,0,0,0.0,0,0.0,20201001,20201031
307,42267060178,河北雄安隆顺（原壹号花坊）,景德镇,2043362463,陌上花花艺（东湖名都店）,0.0,0.0,0,0.0,0.0,0.0,0.0,0.0,0.0,0,0.0,0,0,0,0,0.0,0,0.0,20201001,20201031
308,42267060178,河北雄安隆顺（原壹号花坊）,金华,336879287,壹号花坊（七彩鲜花婚庆四通东路店）,0.0,0.0,0,0.0,0.0,0.0,0.0,0.0,0.0,0,0.0,0,0,0,0,0.0,0,0.0,20201001,20201031
309,42267060178,河北雄安隆顺（原壹号花坊）,济南,336879283,壹号花坊（满世繁花历黄路店）,0.0,0.0,0,0.0,0.0,0.0,0.0,0.0,0.0,0,0.0,0,0,0,0,0.0,0,0.0,20201001,20201031
311,42267060178,河北雄安隆顺（原壹号花坊）,安阳,336809811,壹号花坊（米粒花坊殷都区店）,0.0,0.0,0,0.0,0.0,0.0,0.0,0.0,0.0,0,0.0,0,0,0,0,0.0,0,0.0,20201001,20201031
312,42267060178,河北雄安隆顺（原壹号花坊）,嘉兴,304902511,壹号花坊（天蓉北虹路店）,0.0,0.0,0,0.0,0.0,0.0,0.0,0.0,0.0,1,183.0,0,0,1,0,0.0,0,0.0,20201001,20201031
313,42267060178,河北雄安隆顺（原壹号花坊）,重庆,2042449615,爱尚花屋（桃源西四路店）,0.0,0.0,0,0.0,0.0,0.0,0.0,0.0,0.0,0,0.0,0,0,0,0,0.0,0,0.0,20201001,20201031
314,42267060178,河北雄安隆顺（原壹号花坊）,咸阳,335794838,壹号花坊（贵人花坊安定路店）,0.0,0.0,0,0.0,0.0,0.0,0.0,0.0,0.0,0,0.0,0,0,0,0,0.0,0,0.0,20201001,20201031
315,42267060178,河北雄安隆顺（原壹号花坊）,大庆,2042569651,苏小姐的花店（东风路店）,0.0,0.0,0,0.0,0.0,0.0,0.0,0.0,0.0,0,0.0,0,0,0,0,0.0,0,0.0,20201001,20201031
316,42267060178,河北雄安隆顺（原壹号花坊）,沈阳,2043463099,金帆花园,0.0,0.0,0,0.0,0.0,0.0,0.0,0.0,0.0,0,0.0,0,0,0,0,0.0,0,0.0,20201001,20201031
317,42267060178,河北雄安隆顺（原壹号花坊）,廊坊,300018943,壹号花坊（花城花艺燕昌路店）,0.0,0.0,0,0.0,0.0,0.0,0.0,0.0,0.0,0,0.0,0,0,0,0,0.0,0,0.0,20201001,20201031
319,42267060178,河北雄安隆顺（原壹号花坊）,萍乡,335716054,壹号花坊（花果缘韶山东路店）,0.0,0.0,0,0.0,0.0,0.0,0.0,0.0,0.0,0,0.0,0,0,0,0,0.0,0,0.0,20201001,20201031
323,42267060178,河北雄安隆顺（原壹号花坊）,烟台,2043147297,女王花艺（上夼西路店）,0.0,0.0,0,0.0,0.0,0.0,0.0,0.0,0.0,0,0.0,0,0,0,0,0.0,0,0.0,20201001,20201031
325,42267060178,河北雄安隆顺（原壹号花坊）,驻马店,335774934,壹号花坊（百合缘花艺文明路店）,0.0,0.0,0,0.0,0.0,0.0,0.0,0.0,0.0,0,0.0,0,0,0,0,0.0,0,0.0,20201001,20201031
328,42267060178,河北雄安隆顺（原壹号花坊）,马鞍山,300169067,壹号花坊（婷雅花坊湖西路店）,0.0,0.0,0,0.0,0.0,0.0,0.0,0.0,0.0,0,0.0,0,0,0,0,0.0,0,0.0,20201001,20201031
329,42267060178,河北雄安隆顺（原壹号花坊）,佳木斯,2042579662,壹号花坊（维维花坊前进路店）,0.0,0.0,0,0.0,0.0,0.0,0.0,0.0,0.0,0,0.0,0,0,0,0,0.0,0,0.0,20201001,20201031
334,42267060178,河北雄安隆顺（原壹号花坊）,洛阳,2043368147,雨诺鲜花（光华路店）,0.0,0.0,0,0.0,0.0,0.0,0.0,0.0,0.0,0,0.0,0,0,0,0,0.0,0,0.0,20201001,20201031
335,42267060178,河北雄安隆顺（原壹号花坊）,百色,2043362472,幸运小葵（新兴路店）,0.0,0.0,0,0.0,0.0,0.0,0.0,0.0,0.0,0,0.0,0,0,0,0,0.0,0,0.0,20201001,20201031
337,42267060178,河北雄安隆顺（原壹号花坊）,洛阳,2042569642,艺源花坊（行署路店）,0.0,0.0,0,0.0,0.0,0.0,0.0,0.0,0.0,0,0.0,0,0,0,0,0.0,0,0.0,20201001,20201031
338,42267060178,河北雄安隆顺（原壹号花坊）,合肥,2043482925,曼梦花坊（翠微路店）,0.0,0.0,0,0.0,0.0,0.0,0.0,0.0,0.0,0,0.0,0,0,0,0,0.0,0,0.0,20201001,20201031
339,42267060178,河北雄安隆顺（原壹号花坊）,天津,304942556,壹号花坊（饰美花材昆民路店）,0.0,0.0,0,0.0,0.0,0.0,0.0,0.0,0.0,0,0.0,0,0,0,0,0.0,0,0.0,20201001,20201031
340,42267060178,河北雄安隆顺（原壹号花坊）,营口,2035018688,壹号花坊（花花喜事站前区店）,0.0,0.0,0,0.0,0.0,0.0,0.0,0.0,0.0,0,0.0,0,0,0,0,0.0,0,0.0,20201001,20201031
341,42267060178,河北雄安隆顺（原壹号花坊）,襄阳,304902509,壹号花坊（金蔷薇时尚花艺小北街店）,0.0,0.0,0,0.0,0.0,0.0,0.0,0.0,0.0,0,0.0,0,0,0,0,0.0,0,0.0,20201001,20201031
342,42267060178,河北雄安隆顺（原壹号花坊）,成都,2043493009,佳缘花艺（桂湖街道店）,0.0,0.0,0,0.0,0.0,0.0,0.0,0.0,0.0,0,0.0,0,0,0,0,0.0,0,0.0,20201001,20201031
344,42267060178,河北雄安隆顺（原壹号花坊）,呼和浩特,2043157309,水培花艺（县府街店）,0.0,0.0,0,0.0,0.0,0.0,0.0,0.0,0.0,0,0.0,0,0,0,0,0.0,0,0.0,20201001,20201031
345,42267060178,河北雄安隆顺（原壹号花坊）,西宁,2043137385,都市春天花坊（西关大街店）,0.0,0.0,0,0.0,0.0,0.0,0.0,0.0,0.0,2,328.0,1,0,1,0,0.0,0,0.0,20201001,20201031
346,42267060178,河北雄安隆顺（原壹号花坊）,渭南,2034998786,壹号花坊（芙罗拉花艺西二路店）,0.0,0.0,0,0.0,0.0,0.0,0.0,0.0,0.0,0,0.0,0,0,0,0,0.0,0,0.0,20201001,20201031
347,42267060178,河北雄安隆顺（原壹号花坊）,青岛,300158917,壹号花坊（祥和鲜花北江路店）,0.0,0.0,0,0.0,0.0,0.0,0.0,0.0,0.0,0,0.0,0,0,0,0,0.0,0,0.0,20201001,20201031
349,42267060178,河北雄安隆顺（原壹号花坊）,南宁,2043167135,丽人鲜花（银峰路店）,0.0,0.0,0,0.0,0.0,0.0,0.0,0.0,0.0,0,0.0,0,0,0,0,0.0,0,0.0,20201001,20201031
351,42267060178,河北雄安隆顺（原壹号花坊）,湛江,300048982,壹号花坊（邀邀妮之鲜花店陈屋港店）,0.0,0.0,0,0.0,0.0,0.0,0.0,0.0,0.0,0,0.0,0,0,0,0,0.0,0,0.0,20201001,20201031
352,42267060178,河北雄安隆顺（原壹号花坊）,毕节,2036173491,壹号花坊（小野猫花艺望城路店）,0.0,0.0,0,0.0,0.0,0.0,0.0,0.0,0.0,0,0.0,0,0,0,0,0.0,0,0.0,20201001,20201031
353,42267060178,河北雄安隆顺（原壹号花坊）,兰州,304992545,壹号花坊（众里寻ta花舍安宁东路店）,0.0,0.0,0,0.0,0.0,0.0,0.0,0.0,0.0,0,0.0,0,0,0,0,0.0,0,0.0,20201001,20201031
354,42267060178,河北雄安隆顺（原壹号花坊）,泸州,300028998,壹号花坊（米粒鲜花之家阳光路店）,0.0,0.0,0,0.0,0.0,0.0,0.0,0.0,0.0,0,0.0,0,0,0,0,0.0,0,0.0,20201001,20201031
42,42267060178,河北雄安隆顺（原壹号花坊）,宜春,2036845306,壹号花坊（花遇绿植鲜花文体路店）,0.0,0.0,0,0.0,0.0,0.0,0.0,0.0,0.0,0,0.0,0,0,0,0,0.0,0,0.0,20200801,20200831
53,42267060178,河北雄安隆顺（原壹号花坊）,伊犁哈萨克自治州,2043167141,朝花夕拾（解放路店）,0.0,0.0,0,0.0,0.0,0.0,0.0,0.0,0.0,2,437.0,1,0,1,0,0.0,0,0.0,20200801,20200831
80,42267060178,河北雄安隆顺（原壹号花坊）,贵港,2042499842,花匠鲜花（人民西路店）,0.0,0.0,0,0.0,0.0,0.0,0.0,0.0,0.0,3,475.0,0,1,2,0,0.0,0,0.0,20200801,20200831
113,42267060178,河北雄安隆顺（原壹号花坊）,资阳,2043167136,馨语鲜花（小北街店）,0.0,0.0,0,0.0,0.0,0.0,0.0,0.0,0.0,0,0.0,0,0,0,0,0.0,0,0.0,20200801,20200831
156,42267060178,河北雄安隆顺（原壹号花坊）,楚雄彝族自治州,2043512850,1號花汇（紫溪大道店）,0.0,0.0,0,0.0,0.0,0.0,0.0,0.0,0.0,0,0.0,0,0,0,0,0.0,0,0.0,20200801,20200831
266,42267060178,河北雄安隆顺（原壹号花坊）,伊犁哈萨克自治州,2036835248,壹号花坊（花管家鲜花批发团结西街店）,0.0,0.0,0,0.0,0.0,0.0,0.0,0.0,0.0,0,0.0,0,0,0,0,0.0,0,0.0,20200801,20200831
352,42267060178,河北雄安隆顺（原壹号花坊）,文山壮族苗族自治州,2043482920,壬癸鲜花（安平西路店）,0.0,0.0,0,0.0,0.0,0.0,0.0,0.0,0.0,0,0.0,0,0,0,0,0.0,0,0.0,20200801,20200831
