开始日期,结束日期,商家ID,商家名称,运营组,省份,城市,是否新增商家,首次上线日期,门店在线状态,（日均）预设营业时长（h）,（日均）在线营业时长（h）,曝光人数,入店人数,下单人数,下单新客人数,入店转化率,下单转化率,推单数,有效订单数,原价交易额,实付交易额,商家补贴金额,商家原因取消订单数,商家拒单数,商家超时未接单数,商家取消不告知用户订单数,缺货导致退款订单数,商家少送错送导致用户退款订单数,商家质量问题导致用户退款订单数,配送原因取消订单数,拣货超时订单数,使用间或完成按钮订单数,平均骑手到店等待时间（min）,平均骑手送货时长（min）,IM会话数,IM回复数,IM回复率,IM1分钟回复数,差评订单数,投诉订单数,平均商家评分,平均商品评分,平均配送评分,平均配送时长（min）,资质类型（仅药品）,资质有效期（仅药品）
20200201,20200229,295680,花生活鲜花（鲜花格格花艺生活馆）,鲜花组,四川省,绵阳,否,20150716,在线,24.0,24.0,7122,103,2,1,1.45,1.94,2,1,320.00,146.00,213.00,0,0,0,0,0,0,0,0,0,2,0,0,3,1,33.33,0,0,0,0.0,0.0,0.0,0.0,,
20200201,20200229,642989,花生活鲜花（春季花艺）,鲜花组,安徽省,合肥,否,20151223,在线,23.0,23.1,7163,74,8,5,1.03,10.81,8,7,1529.00,654.00,1143.00,1,0,1,0,0,0,0,0,0,7,0,0,1,1,100,0,0,0,0.0,0.0,0.0,0.0,,
20200201,20200229,653643,花生活鲜花（雅景花艺）,鲜花组,广东省,东莞,否,20190422,在线,7.0,8.1,6611,122,4,4,1.85,3.28,4,4,1793.00,1193.00,756.00,0,0,0,0,0,0,0,0,0,5,0,0,0,0,0,0,0,0,0.0,0.0,0.0,0.0,,
20200201,20200229,714142,花生活鲜花（情意浓花店）,鲜花组,浙江省,温州,否,20160129,在线,4.0,4.6,8665,239,18,13,2.76,7.53,17,13,4712.00,3370.00,2094.00,0,0,0,0,0,0,0,0,1,19,0,0,10,9,90,5,0,0,2.6,2.6,1.7,0.0,,
20200201,20200229,772683,花生活鲜花（杏福花店）,鲜花组,福建省,厦门,否,20160329,在线,14.0,14.7,913,6,0,0,0.66,0,0,0,0.00,0.00,0.00,0,0,0,0,0,0,0,0,0,0,0,0,0,0,0,0,0,0,0.0,0.0,0.0,0.0,,
20200201,20200229,783170,花生活鲜花（香香花店）,鲜花组,福建省,厦门,否,20160328,在线,24.0,24.0,4805,105,4,3,2.19,3.81,5,4,1793.00,1156.00,793.00,0,0,0,0,0,0,0,0,0,4,0,0,2,2,100,1,0,0,0.0,0.0,0.0,0.0,,
20200201,20200229,799254,花生活鲜花（花好月缘鲜花店）,鲜花组,福建省,莆田,否,20160322,在线,19.0,19.9,12050,115,2,1,0.95,1.74,2,1,258.00,195.00,102.00,1,0,1,0,0,0,0,0,0,2,0,0,4,4,100,1,0,0,0.0,0.0,0.0,0.0,,
20200201,20200229,833749,花生活鲜花（卉轩鲜花礼品店）,鲜花组,宁夏回族自治区,银川,否,20190801,在线,4.0,4.7,6196,32,0,0,0.52,0,0,0,0.00,0.00,0.00,0,0,0,0,0,0,0,0,0,0,0,0,1,1,100,0,0,0,0.0,0.0,0.0,0.0,,
20200201,20200229,1330090,花生活鲜花（唯美花艺）,鲜花组,云南省,大理白族自治州,否,20160816,在线,8.0,8.7,8572,161,0,0,1.88,0,0,0,0.00,0.00,0.00,0,0,0,0,0,0,0,0,0,0,0,0,0,0,0,0,0,0,0.0,0.0,0.0,0.0,,
20200201,20200229,1523142,花生活鲜花（明珠鲜花坊）,鲜花组,青海省,西宁,否,20160921,在线,3.0,3.8,6733,49,0,0,0.73,0,0,0,0.00,0.00,0.00,0,0,0,0,0,0,0,0,0,0,0,0,0,0,0,0,0,0,0.0,0.0,0.0,0.0,,
20200201,20200229,1696175,花生活鲜花（520鲜花园艺）,鲜花组,上海市,上海,否,20161103,在线,3.0,3.8,7455,40,0,0,0.54,0,0,0,0.00,0.00,0.00,0,0,0,0,0,0,0,0,0,0,0,0,0,0,0,0,0,0,0.0,0.0,0.0,0.0,,
20200201,20200229,1937925,花生活鲜花（花心苑花店）,鲜花组,湖北省,荆州,否,20170103,在线,0.0,0.0,9807,38,0,0,0.39,0,0,0,0.00,0.00,0.00,0,0,0,0,0,0,0,0,0,0,0,0,0,0,0,0,0,0,0.0,0.0,0.0,0.0,,
20200201,20200229,1971869,花生活鲜花（嘿花哨花艺）,鲜花组,贵州省,遵义,否,20170116,在线,20.0,20.7,25368,220,8,6,0.87,3.64,8,8,2157.00,1238.00,1231.00,0,0,0,0,0,0,0,0,0,9,0,0,4,4,100,4,0,0,0.0,0.0,0.0,0.0,,
20200201,20200229,2006070,花生活鲜花（伊馨花坊）,鲜花组,上海市,上海,否,20170213,在线,19.0,19.6,9188,173,15,14,1.88,8.67,16,15,4425.00,2490.80,2472.00,1,1,0,0,0,0,0,0,5,17,0,0,5,4,80,2,0,0,0.0,0.0,0.0,1.0,,
20200201,20200229,2019807,花生活鲜花（爱荷花坊）,鲜花组,福建省,厦门,否,20170214,在线,19.0,19.9,2802,31,1,0,1.11,3.23,1,0,0.00,0.00,0.00,1,0,1,0,0,0,0,0,0,0,0,0,0,0,0,0,0,0,0.0,0.0,0.0,0.0,,
20200201,20200229,2045211,花生活鲜花（阳光花坊）,鲜花组,江西省,南昌,否,20170222,在线,13.0,13.4,7207,58,1,0,0.8,1.72,1,0,0.00,0.00,0.00,0,0,0,0,0,0,0,0,0,1,0,0,2,0,0,0,0,0,0.0,0.0,0.0,0.0,,
20200201,20200229,2068451,花生活鲜花（花语人生）,鲜花组,福建省,厦门,否,20170224,在线,20.0,20.2,2821,50,2,1,1.77,4,2,1,258.00,205.00,92.00,0,0,0,0,0,0,0,0,0,2,0,0,3,1,33.33,0,0,0,0.0,0.0,0.0,0.0,,
20200201,20200229,2095123,花生活鲜花（遇见花艺馆）,鲜花组,湖南省,郴州,否,20170303,在线,23.0,23.9,36362,2299,135,114,6.32,5.87,133,124,42707.00,23189.00,24180.00,3,0,2,0,1,0,0,0,0,144,0,0,90,74,82.22,30,0,0,5.0,5.0,5.0,0.0,,
20200201,20200229,2174771,花生活鲜花（九零花坊）,鲜花组,上海市,上海,否,20170324,在线,0.0,0.0,391,3,0,0,0.77,0,0,0,0.00,0.00,0.00,0,0,0,0,0,0,0,0,0,0,0,0,0,0,0,0,0,0,0.0,0.0,0.0,0.0,,
20200201,20200229,2220100,花生活鲜花（花花世界鲜花）,鲜花组,湖北省,十堰,否,20170327,在线,2.0,2.2,11328,72,0,0,0.64,0,0,0,0.00,0.00,0.00,0,0,0,0,0,0,0,0,0,0,0,0,1,0,0,0,0,0,0.0,0.0,0.0,0.0,,
20200201,20200229,2329256,花生活鲜花（七彩坊鲜花店）,鲜花组,福建省,泉州,否,20170526,在线,24.0,24.0,6201,101,2,2,1.63,1.98,2,2,690.00,322.00,446.00,0,0,0,0,0,0,0,0,0,2,0,0,2,2,100,0,0,0,0.0,0.0,0.0,0.0,,
20200201,20200229,2402349,花生活鲜花（静静花艺银盛路店）,鲜花组,宁夏回族自治区,银川,否,20170430,在线,15.0,15.1,11486,140,5,1,1.22,3.57,5,1,370.00,175.00,234.00,1,1,0,0,0,0,0,0,0,1,0,0,7,3,42.86,1,0,0,0.0,0.0,0.0,0.0,,
20200201,20200229,2482113,花生活鲜花（玫瑰坊）,鲜花组,江苏省,镇江,否,20170515,在线,12.0,12.1,7636,55,1,0,0.72,1.82,1,0,0.00,0.00,0.00,1,0,1,0,0,0,0,0,0,0,0,0,0,0,0,0,0,0,0.0,0.0,0.0,0.0,,
20200201,20200229,2527715,花生活鲜花（情缘鲜花店遵义店）,鲜花组,贵州省,遵义,否,20170519,在线,4.0,4.7,13072,51,0,0,0.39,0,0,0,0.00,0.00,0.00,0,0,0,0,0,0,0,0,0,0,0,0,0,0,0,0,0,0,0.0,0.0,0.0,0.0,,
20200201,20200229,2622811,花生活鲜花（品蕊花屋）,鲜花组,四川省,宜宾,否,20170606,在线,18.0,18.1,11715,297,13,9,2.54,4.38,13,11,3524.00,1663.00,2285.00,0,0,0,0,0,0,0,0,0,14,0,0,5,5,100,3,0,0,3.6,3.6,3.6,0.0,,
20200201,20200229,2666240,花生活鲜花（祥和鲜花）,鲜花组,山东省,青岛,否,20170612,在线,19.0,19.3,16659,404,24,21,2.43,5.94,25,25,5891.60,3045.60,3626.00,0,0,0,0,0,0,0,0,3,25,0,1,12,11,91.67,6,0,0,3.3,3.3,3.3,1.0,,
20200201,20200229,2880558,花生活鲜花（创意花坊）,鲜花组,安徽省,合肥,否,20170712,在线,4.0,4.7,1093,11,0,0,1.01,0,0,0,0.00,0.00,0.00,0,0,0,0,0,0,0,0,0,0,0,0,0,0,0,0,0,0,0.0,0.0,0.0,0.0,,
20200201,20200229,2922099,花生活鲜花（小草堂花艺生活馆）,鲜花组,山西省,太原,否,20170721,在线,24.0,24.0,15105,190,5,2,1.26,2.63,5,5,800.00,303.00,692.00,0,0,0,0,0,0,0,0,0,5,0,0,3,3,100,0,0,0,0.0,0.0,0.0,0.0,,
20200201,20200229,3018522,花生活鲜花（源达花艺）,鲜花组,湖南省,常德,否,20170814,在线,17.0,17.8,63921,1134,35,30,1.77,3.09,36,31,8586.00,5139.80,4499.00,0,0,0,0,0,0,0,0,0,43,0,0,17,17,100,10,0,0,2.5,2.5,2.6,0.0,,
20200201,20200229,3027069,花生活鲜花（艺都鲜花）,鲜花组,浙江省,宁波,否,20170801,在线,0.0,0.4,3360,99,10,10,2.95,10.1,10,10,4000.00,1818.00,2572.00,0,0,0,0,0,0,0,0,6,10,0,0,6,6,100,4,0,0,0.0,0.0,0.0,0.0,,
20200201,20200229,3072588,花生活鲜花（如意鲜花）,鲜花组,贵州省,遵义,否,20170809,在线,0.0,0.0,1337,4,0,0,0.3,0,0,0,0.00,0.00,0.00,0,0,0,0,0,0,0,0,0,0,0,0,0,0,0,0,0,0,0.0,0.0,0.0,0.0,,
20200201,20200229,3095162,花生活鲜花（花瓣雨花坊）,鲜花组,天津市,天津,否,20170812,在线,0.0,0.5,1272,4,1,0,0.31,25,1,0,0.00,0.00,0.00,0,0,0,0,0,0,0,0,0,0,0,0,1,1,100,0,0,0,0.0,0.0,0.0,0.0,,
20200201,20200229,3114926,花生活鲜花（艺博花艺）,鲜花组,河南省,安阳,否,20170818,在线,3.0,3.6,11607,133,2,2,1.15,1.5,2,2,548.00,341.00,285.00,0,0,0,0,0,0,0,0,0,2,0,0,0,0,0,0,0,0,0.0,0.0,0.0,0.0,,
20200201,20200229,3128450,花生活鲜花（花之恋鲜花店）,鲜花组,浙江省,绍兴,否,20170821,在线,4.0,5.1,6666,427,31,27,6.41,7.26,30,29,10153.02,6283.72,4992.00,1,0,0,0,1,0,0,0,0,31,0,0,16,16,100,3,1,0,3.0,3.0,3.1,0.0,,
20200201,20200229,3165468,花生活鲜花（甄阿奇花艺）,鲜花组,辽宁省,营口,否,20170916,在线,14.0,14.3,10344,168,2,0,1.62,1.19,1,0,0.00,0.00,0.00,0,0,0,0,0,0,0,0,0,0,0,0,1,1,100,1,0,0,0.0,0.0,0.0,0.0,,
20200201,20200229,3174325,花生活鲜花（乐派花艺）,鲜花组,贵州省,遵义,否,20170822,在线,2.0,2.9,6683,27,0,0,0.4,0,0,0,0.00,0.00,0.00,0,0,0,0,0,0,0,0,0,0,0,0,0,0,0,0,0,0,0.0,0.0,0.0,0.0,,
20200201,20200229,3464481,花生活鲜花（香侬鲜花水果）,鲜花组,安徽省,合肥,否,20171013,在线,11.0,11.1,2735,43,1,0,1.57,2.33,1,0,0.00,0.00,0.00,1,0,1,0,0,0,0,0,0,0,0,0,0,0,0,0,0,0,0.0,0.0,0.0,0.0,,
20200201,20200229,3468033,花生活鲜花（家美园艺）,鲜花组,上海市,上海,否,20171016,在线,19.0,19.9,24778,1115,121,99,4.5,10.85,121,104,34005.00,19370.00,18680.00,1,0,1,0,0,0,0,0,0,119,0,0,54,23,42.59,1,1,0,4.8,4.8,5.0,0.0,,
20200201,20200229,3562612,花生活鲜花（俪缘摆渡人）,鲜花组,江苏省,淮安,否,20171018,在线,2.0,2.2,4858,26,0,0,0.54,0,0,0,0.00,0.00,0.00,0,0,0,0,0,0,0,0,0,0,0,0,0,0,0,0,0,0,0.0,0.0,0.0,0.0,,
20200201,20200229,3713872,花生活鲜花（泽凤花店）,鲜花组,安徽省,合肥,否,20171115,在线,14.0,14.4,11564,187,7,6,1.62,3.74,8,6,1818.00,760.00,1214.00,0,0,0,0,0,0,0,0,0,8,0,0,4,4,100,1,0,0,1.3,1.3,1.4,0.0,,
20200201,20200229,3882102,如意花艺,鲜花组,广东省,佛山,否,20180601,在线,14.0,13.0,2990,44,3,2,1.47,6.82,7,7,384.50,304.50,118.00,0,0,0,0,0,0,0,0,0,7,0,0,0,0,0,0,0,0,0.0,0.0,0.0,0.0,,
20200201,20200229,3985407,花生活鲜花（柔兰花艺）,鲜花组,福建省,莆田,否,20171207,在线,20.0,19.9,19324,679,22,15,3.51,3.24,20,17,5336.00,3203.00,2796.00,0,0,0,0,0,0,0,0,0,20,0,0,17,17,100,9,1,0,0.0,0.0,0.0,0.0,,
20200201,20200229,3994932,花生活鲜花（雅心花艺）,鲜花组,湖南省,长沙,否,20171206,在线,13.0,13.7,10027,142,7,5,1.42,4.93,7,6,1751.00,866.90,1118.00,0,0,0,0,0,0,0,0,0,6,0,0,4,4,100,3,0,0,0.0,0.0,0.0,0.0,,
20200201,20200229,4192177,花生活鲜花（国色天香鲜花店）,鲜花组,贵州省,遵义,否,20180103,在线,10.0,10.5,14511,74,0,0,0.51,0,0,0,0.00,0.00,0.00,0,0,0,0,0,0,0,0,0,0,0,0,2,2,100,0,0,0,0.0,0.0,0.0,0.0,,
20200201,20200229,4304946,花生活鲜花（城市花坊）,鲜花组,四川省,泸州,否,20180124,在线,20.0,19.9,39066,797,29,27,2.04,3.64,30,28,8117.00,4239.80,4930.00,1,1,0,0,0,0,0,1,0,28,0,0,23,23,100,17,0,0,4.1,4.1,4.1,0.0,,
20200201,20200229,4363389,花生活鲜花（意达鲜花店）,鲜花组,河北省,唐山,否,20180201,在线,23.0,23.1,37649,1313,22,14,3.49,1.68,29,22,6676.00,3472.99,4056.01,4,4,0,0,0,0,0,0,0,27,0,0,20,20,100,17,0,0,1.9,1.9,1.9,0.0,,
20200201,20200229,4389748,花生活鲜花（玫瑰花店2店）,鲜花组,广东省,东莞,否,20180211,在线,19.0,19.3,12211,272,6,4,2.23,2.21,4,4,1358.00,666.00,848.00,0,0,0,0,0,0,0,0,2,5,0,1,1,1,100,0,0,0,0.0,0.0,0.0,1.0,,
20200201,20200229,4434657,花生活鲜花（晴曦花艺）,鲜花组,福建省,福州,否,20180304,在线,2.0,2.4,7281,314,13,10,4.31,4.14,16,10,4338.00,2132.90,2595.00,3,0,1,0,1,0,1,0,0,17,0,0,13,13,100,6,1,0,0.0,0.0,0.0,0.0,,
20200201,20200229,4439411,花生活鲜花（花田故事）,鲜花组,福建省,福州,否,20180308,在线,14.0,14.3,3208,47,3,2,1.47,6.38,3,2,608.00,375.80,305.20,0,0,0,0,0,0,0,0,0,4,0,0,2,2,100,1,0,0,0.0,0.0,0.0,0.0,,
20200201,20200229,4464626,花生活鲜花（雪莲花艺）,鲜花组,北京市,北京,否,20180422,在线,0.0,0.0,1006,5,0,0,0.5,0,0,0,0.00,0.00,0.00,0,0,0,0,0,0,0,0,0,0,0,0,0,0,0,0,0,0,0.0,0.0,0.0,0.0,,
20200201,20200229,4473272,花生活鲜花（祥瑞花艺坊）,鲜花组,天津市,天津,否,20180321,在线,22.0,22.0,8780,104,3,2,1.18,2.88,3,2,853.00,590.00,341.00,1,1,0,0,0,0,0,0,0,2,0,0,0,0,0,0,0,0,0.0,0.0,0.0,0.0,,
20200201,20200229,4742557,花生活鲜花（陌上花开株洲店）,鲜花组,湖南省,株洲,否,20180413,在线,23.0,23.1,25808,236,1,0,0.91,0.42,1,0,0.00,0.00,0.00,1,1,0,0,0,0,0,0,0,0,0,0,6,6,100,1,0,0,0.0,0.0,0.0,0.0,,
20200201,20200229,4885878,花生活鲜花（阿西木花艺工作室）,鲜花组,福建省,厦门,否,20180503,在线,18.0,18.7,19546,215,0,0,1.1,0,0,0,0.00,0.00,0.00,0,0,0,0,0,0,0,0,0,0,0,0,5,4,80,1,0,0,0.0,0.0,0.0,0.0,,
20200201,20200229,5054488,花生活鲜花（华粤鲜花馆）,鲜花组,福建省,厦门,否,20180601,在线,14.0,14.3,3104,78,4,2,2.51,5.13,5,2,938.00,531.00,485.00,3,3,0,0,0,0,0,0,0,3,0,0,4,4,100,3,0,0,0.0,0.0,0.0,0.0,,
20200201,20200229,5056286,花生活鲜花（撒罗米园艺）,鲜花组,浙江省,杭州,否,20180530,在线,4.0,4.7,2822,18,0,0,0.64,0,0,0,0.00,0.00,0.00,0,0,0,0,0,0,0,0,0,0,0,0,1,1,100,0,0,0,0.0,0.0,0.0,0.0,,
20200201,20200229,5121244,花生活鲜花（贡贡鲜花坊）,鲜花组,福建省,厦门,否,20180604,在线,11.0,11.5,3739,59,2,2,1.58,3.39,2,2,593.00,351.00,320.00,0,0,0,0,0,0,0,0,0,2,0,0,2,2,100,1,0,0,0.0,0.0,0.0,0.0,,
20200201,20200229,5196478,郁涧鲜花坊,鲜花组,内蒙古自治区,赤峰,否,20180612,在线,16.0,16.6,54485,1404,35,27,2.58,2.49,33,27,9617.00,4162.00,5450.00,0,0,0,0,0,0,0,0,0,34,0,0,29,26,89.66,17,1,0,1.6,1.6,0.0,0.0,,
20200201,20200229,5332337,花生活鲜花（四季花屋）,鲜花组,北京市,北京,否,20180628,在线,11.0,11.3,6599,105,7,5,1.59,6.67,7,5,1946.00,1360.00,991.00,1,0,1,0,0,0,0,0,0,7,0,0,5,4,80,1,0,0,0.0,0.0,0.0,0.0,,
20200201,20200229,5345425,花生活鲜花（花稼之约鲜花）,鲜花组,辽宁省,沈阳,否,20180709,在线,24.0,24.0,17779,170,9,6,0.96,5.29,10,10,3224.00,1620.00,1994.00,0,0,0,0,0,0,0,0,1,10,0,2,3,3,100,2,1,0,2.2,2.2,2.2,2.0,,
20200201,20200229,5346237,花生活鲜花（有钱花）,鲜花组,湖北省,十堰,否,20180630,在线,0.0,0.0,3404,16,0,0,0.47,0,0,0,0.00,0.00,0.00,0,0,0,0,0,0,0,0,0,0,0,0,0,0,0,0,0,0,0.0,0.0,0.0,0.0,,
20200201,20200229,5379291,花生活鲜花（心怡花店）,鲜花组,上海市,上海,否,20180705,在线,23.0,23.4,34718,354,12,8,1.02,3.39,10,9,2821.00,1342.00,1773.00,1,0,0,0,1,0,0,0,0,13,0,0,6,6,100,4,0,0,0.0,0.0,0.0,0.0,,
20200201,20200229,5550366,花生活鲜花（爱尚鲜花鲜花）,鲜花组,河北省,邢台,否,20180808,在线,24.0,24.0,34943,357,2,1,1.02,0.56,1,1,620.00,305.00,354.00,0,0,0,0,0,0,0,0,0,1,0,0,3,2,66.67,0,0,0,0.0,0.0,0.0,0.0,,
20200201,20200229,5565851,花生活鲜花（仙丽鲜花）,鲜花组,四川省,绵阳,否,20180804,在线,24.0,24.0,8285,59,0,0,0.71,0,0,0,0.00,0.00,0.00,0,0,0,0,0,0,0,0,0,0,0,0,1,1,100,0,0,0,0.0,0.0,0.0,0.0,,
20200201,20200229,5582315,花生活鲜花（花香漫进）,鲜花组,四川省,成都,否,20180806,在线,15.0,15.0,9273,133,2,0,1.43,1.5,2,0,0.00,0.00,0.00,2,2,0,0,0,0,0,0,0,2,0,0,0,0,0,0,0,0,0.0,0.0,0.0,0.0,,
20200201,20200229,5641328,花生活鲜花（成都陌上花开）,鲜花组,四川省,成都,否,20180815,在线,24.0,24.0,19557,419,46,40,2.14,10.98,48,41,15047.00,6813.00,9657.00,1,0,1,0,0,0,0,0,19,48,0,1,22,20,90.91,10,1,0,4.0,4.0,4.0,1.0,,
20200201,20200229,5740741,花生活鲜花（唯爱花艺）,鲜花组,宁夏回族自治区,银川,否,20180905,在线,19.0,19.4,20560,490,33,29,2.38,6.73,33,28,9396.00,5590.00,5066.00,0,0,0,0,0,0,0,0,0,34,0,0,27,25,92.59,11,0,0,0.0,0.0,0.0,0.0,,
20200201,20200229,5762294,花生活鲜花（厦门陌上花开）,鲜花组,福建省,厦门,否,20180913,在线,2.0,2.8,542,22,4,1,4.06,18.18,4,4,1106.00,421.00,841.00,0,0,0,0,0,0,0,0,1,4,0,0,0,0,0,0,0,0,0.0,0.0,0.0,0.0,,
20200201,20200229,5788642,花生活鲜花（花家花艺鲜花店）,鲜花组,广东省,深圳,否,20180907,在线,17.0,17.6,8708,104,7,6,1.19,6.73,7,6,1640.00,1361.00,513.00,0,0,0,0,0,0,0,0,0,6,0,0,8,5,62.5,0,0,0,0.0,0.0,0.0,0.0,,
20200201,20200229,5844824,花生活鲜花（有爱花坊）,鲜花组,云南省,丽江,否,20180928,在线,0.0,0.0,2902,20,0,0,0.69,0,0,0,0.00,0.00,0.00,0,0,0,0,0,0,0,0,0,0,0,0,0,0,0,0,0,0,0.0,0.0,0.0,0.0,,
20200201,20200229,5845622,花生活鲜花（达奇花艺）,鲜花组,山东省,济南,否,20181107,在线,21.0,20.9,7574,96,5,4,1.27,5.21,5,4,1004.00,690.00,470.00,1,1,0,0,0,0,0,0,0,5,0,0,3,1,33.33,0,1,0,0.0,0.0,0.0,0.0,,
20200201,20200229,5860472,花生活鲜花（六月花坊）,鲜花组,浙江省,金华,否,20180921,在线,2.0,2.0,3965,41,0,0,1.03,0,0,0,0.00,0.00,0.00,0,0,0,0,0,0,0,0,0,0,0,0,0,0,0,0,0,0,0.0,0.0,0.0,0.0,,
20200201,20200229,5866954,花生活鲜花（俪缘花店）,鲜花组,山东省,青岛,否,20181008,在线,4.0,4.7,4900,30,0,0,0.61,0,0,0,0.00,0.00,0.00,0,0,0,0,0,0,0,0,0,0,0,0,1,1,100,0,0,0,0.0,0.0,0.0,0.0,,
20200201,20200229,5962302,花生活鲜花（众里寻Ta花舍）,鲜花组,甘肃省,兰州,否,20181024,在线,13.0,13.1,56926,1029,38,16,1.81,3.69,38,17,7025.00,4011.00,3677.00,12,2,9,1,0,0,0,0,6,26,0,2,36,29,80.56,6,1,1,0.5,0.5,0.0,1.0,,
20200201,20200229,6012181,花生活鲜花（韦爵爷鲜花）,鲜花组,河北省,保定,否,20181025,在线,4.0,4.7,4449,20,0,0,0.45,0,0,0,0.00,0.00,0.00,0,0,0,0,0,0,0,0,0,0,0,0,0,0,0,0,0,0,0.0,0.0,0.0,0.0,,
20200201,20200229,6026797,白爵至尊婚庆公司,鲜花组,云南省,昆明,否,20181222,在线,10.0,10.8,1738,13,0,0,0.75,0,0,0,0.00,0.00,0.00,0,0,0,0,0,0,0,0,0,0,0,0,0,0,0,0,0,0,0.0,0.0,0.0,0.0,,
20200201,20200229,6061744,花生活鲜花（花艺空间）,鲜花组,新疆维吾尔自治区,乌鲁木齐,否,20181114,在线,4.0,4.0,6803,80,3,1,1.18,3.75,3,1,318.00,265.00,92.00,1,1,0,0,0,0,0,0,0,3,0,0,9,8,88.89,6,0,0,0.0,0.0,0.0,0.0,,
20200201,20200229,6074581,有间花店,鲜花组,安徽省,黄山,否,20181031,在线,19.0,18.9,15350,369,5,5,2.4,1.36,5,5,788.00,733.00,50.00,0,0,0,0,0,0,0,0,0,5,0,0,5,5,100,5,0,0,0.0,0.0,0.0,0.0,,
20200201,20200229,6104153,花生活鲜花（花伴鲜花）,鲜花组,安徽省,滁州,否,20181125,在线,19.0,19.1,18741,283,3,2,1.51,1.06,3,2,426.00,350.00,154.00,1,0,1,0,0,0,0,0,0,3,0,0,2,1,50,1,0,0,0.0,0.0,0.0,0.0,,
20200201,20200229,6132769,花生活鲜花（艾洛芙花坊）,鲜花组,安徽省,合肥,否,20190702,在线,24.0,24.0,15448,271,10,4,1.75,3.69,9,8,1978.00,883.00,1329.00,0,0,0,0,0,0,0,0,0,9,0,0,2,1,50,0,0,0,2.9,2.9,2.9,0.0,,
20200201,20200229,6197578,花生活鲜花（翔远花艺）,鲜花组,安徽省,合肥,否,20181203,在线,6.0,6.8,4008,39,4,0,0.97,10.26,3,0,0.00,0.00,0.00,2,0,2,0,0,0,0,0,0,0,0,0,3,1,33.33,0,0,0,0.0,0.0,0.0,0.0,,
20200201,20200229,6236483,花生活鲜花（慰馨花艺馆）,鲜花组,重庆市,重庆,否,20190214,在线,5.0,5.8,4660,31,1,0,0.67,3.23,1,0,0.00,0.00,0.00,1,1,0,0,0,0,0,0,0,1,0,0,1,1,100,0,0,0,0.0,0.0,0.0,0.0,,
20200201,20200229,6305029,花生活鲜花（庆祝花卉）,鲜花组,北京市,北京,否,20181210,在线,23.0,23.0,15679,389,13,9,2.48,3.34,12,10,3764.00,2108.00,1656.10,0,0,0,0,0,0,0,0,1,12,0,0,11,11,100,8,0,0,0.0,0.0,0.0,0.0,,
20200201,20200229,6355077,花生活鲜花（花述鲜花生活馆）,鲜花组,湖南省,株洲,否,20190827,在线,9.0,9.0,8735,62,0,0,0.71,0,0,0,0.00,0.00,0.00,0,0,0,0,0,0,0,0,0,0,0,0,0,0,0,0,0,0,0.0,0.0,0.0,0.0,,
20200201,20200229,6390095,花生活鲜花（倾城鲜花）,鲜花组,湖北省,襄阳,否,20181227,在线,2.0,2.3,11530,52,0,0,0.45,0,0,0,0.00,0.00,0.00,0,0,0,0,0,0,0,0,0,0,0,0,0,0,0,0,0,0,0.0,0.0,0.0,0.0,,
20200201,20200229,6395163,花生活鲜花（花海）,鲜花组,浙江省,杭州,否,20181225,在线,5.0,5.9,9876,447,33,29,4.53,7.38,34,28,11018.00,7214.00,5071.00,3,0,0,0,3,0,0,0,0,43,0,1,13,13,100,12,0,0,0.0,0.0,0.0,1.0,,
20200201,20200229,6405229,花生活鲜花（天缘花艺）,鲜花组,贵州省,遵义,否,20190719,在线,0.0,0.0,6716,28,0,0,0.42,0,0,0,0.00,0.00,0.00,0,0,0,0,0,0,0,0,0,0,0,0,0,0,0,0,0,0,0.0,0.0,0.0,0.0,,
20200201,20200229,6503029,花生活鲜花（漫漫鲜花坊）,鲜花组,宁夏回族自治区,银川,否,20190210,在线,24.0,24.0,23636,342,12,8,1.45,3.51,15,8,3435.00,1544.00,2203.00,0,0,0,0,0,0,0,0,3,10,0,0,7,7,100,6,0,0,0.0,0.0,0.0,0.0,,
20200201,20200229,6532043,花生活鲜花（东方花艺）,鲜花组,广西壮族自治区,柳州,否,20190125,在线,0.0,0.0,1327,5,0,0,0.38,0,0,0,0.00,0.00,0.00,0,0,0,0,0,0,0,0,0,0,0,0,0,0,0,0,0,0,0.0,0.0,0.0,0.0,,
20200201,20200229,6533841,花生活鲜花（花花世界兴庆区店）,鲜花组,宁夏回族自治区,银川,否,20190130,在线,0.0,0.0,497,2,0,0,0.4,0,0,0,0.00,0.00,0.00,0,0,0,0,0,0,0,0,0,0,0,0,0,0,0,0,0,0,0.0,0.0,0.0,0.0,,
20200201,20200229,6543684,花生活鲜花（椰林花店）,鲜花组,上海市,上海,否,20190130,在线,24.0,24.0,23188,526,20,20,2.27,3.8,21,18,6954.00,5064.00,2876.00,0,0,0,0,0,0,0,0,3,24,0,3,19,16,84.21,3,1,0,0.0,0.0,0.0,2.0,,
20200201,20200229,6579105,花生活鲜花（经典鲜花蛋糕）,鲜花组,吉林省,长春,否,20190403,在线,21.0,21.7,8426,67,0,0,0.8,0,0,0,0.00,0.00,0.00,0,0,0,0,0,0,0,0,0,0,0,0,0,0,0,0,0,0,0.0,0.0,0.0,0.0,,
20200201,20200229,6582771,花生活鲜花（七彩花艺坊）,鲜花组,辽宁省,营口,否,20190223,在线,24.0,24.0,23782,896,28,26,3.77,3.13,29,28,8221.00,4308.00,4912.00,0,0,0,0,0,0,0,0,0,29,0,0,20,20,100,20,0,0,4.0,4.0,4.0,0.0,,
20200201,20200229,6588555,花生活鲜花（梅婷花店）,鲜花组,福建省,厦门,否,20190305,在线,10.0,10.3,1232,22,1,0,1.79,4.55,1,0,0.00,0.00,0.00,0,0,0,0,0,0,0,0,0,0,0,0,2,2,100,1,0,0,0.0,0.0,0.0,0.0,,
20200201,20200229,6609908,花生活鲜花（唯爱花店）,鲜花组,安徽省,合肥,否,20190405,在线,0.0,0.0,474,1,0,0,0.21,0,0,0,0.00,0.00,0.00,0,0,0,0,0,0,0,0,0,0,0,0,0,0,0,0,0,0,0.0,0.0,0.0,0.0,,
20200201,20200229,6626527,花生活鲜花（博雅鲜花店）,鲜花组,甘肃省,兰州,否,20190310,在线,0.0,0.1,2275,7,0,0,0.31,0,0,0,0.00,0.00,0.00,0,0,0,0,0,0,0,0,0,0,0,0,0,0,0,0,0,0,0.0,0.0,0.0,0.0,,
20200201,20200229,6704550,花生活鲜花（萌宠一花语）,鲜花组,安徽省,安庆,否,20190315,在线,17.0,17.8,22329,264,5,2,1.18,1.89,6,2,648.00,369.00,355.00,1,0,1,0,0,0,0,0,0,2,0,0,2,2,100,0,0,0,0.0,0.0,0.0,0.0,,
20200201,20200229,6729448,花生活鲜花（千百卉鲜花店）,鲜花组,贵州省,贵阳,否,20190322,在线,15.0,15.6,21739,883,77,65,4.06,8.72,78,73,20852.00,11492.00,11949.00,2,0,0,0,2,0,0,0,27,81,0,8,36,36,100,29,0,0,2.2,2.2,0.3,12.0,,
20200201,20200229,6769761,花生活鲜花（小野猫花艺）,鲜花组,贵州省,遵义,否,20190402,在线,10.0,10.7,27718,118,0,0,0.43,0,0,0,0.00,0.00,0.00,0,0,0,0,0,0,0,0,0,0,0,0,0,0,0,0,0,0,0.0,0.0,0.0,0.0,,
20200201,20200229,6773711,花生活鲜花（o用花艺）,鲜花组,贵州省,贵阳,否,20190411,在线,10.0,10.0,9267,184,9,5,1.99,4.89,9,7,3034.00,1892.00,1607.00,0,0,0,0,0,0,0,0,1,10,0,0,4,3,75,2,0,0,0.7,0.7,0.7,0.0,,
20200201,20200229,6773712,花生活鲜花（花之翼）,鲜花组,贵州省,贵阳,否,20190404,在线,1.0,1.9,3733,61,8,7,1.63,13.11,9,7,2249.00,1082.00,1430.00,1,0,1,0,0,0,0,0,0,8,0,0,2,2,100,0,1,0,0.0,0.0,0.0,0.0,,
20200201,20200229,6773713,花生活鲜花（哈尔滨鲜花批发）,鲜花组,黑龙江省,哈尔滨,否,20190409,在线,2.0,2.0,2605,31,1,0,1.19,3.23,1,0,0.00,0.00,0.00,0,0,0,0,0,0,0,0,0,1,0,0,0,0,0,0,0,0,0.0,0.0,0.0,0.0,,
20200201,20200229,6773714,花生活鲜花（诚信花卉）,鲜花组,重庆市,重庆,否,20190422,在线,2.0,2.0,6565,158,7,4,2.41,4.43,7,5,1800.00,817.50,1177.50,1,1,0,0,0,0,0,0,0,6,0,0,6,5,83.33,3,0,0,0.0,0.0,0.0,0.0,,
20200201,20200229,6773715,花生活鲜花（花城花艺）,鲜花组,河北省,廊坊,否,20190330,在线,1.0,1.0,2211,50,0,0,2.26,0,0,0,0.00,0.00,0.00,0,0,0,0,0,0,0,0,0,0,0,0,0,0,0,0,0,0,0.0,0.0,0.0,0.0,,
20200201,20200229,6773717,花生活鲜花（紫薇鲜花坊）,鲜花组,四川省,南充,否,20190424,在线,13.0,13.8,23366,617,6,4,2.64,0.97,4,4,1131.00,517.00,692.00,0,0,0,0,0,0,0,0,0,4,0,0,11,10,90.91,2,0,0,1.9,1.9,1.9,0.0,,
20200201,20200229,6773719,花生活鲜花（好百年婚庆）,鲜花组,湖南省,岳阳,否,20190424,在线,6.0,6.9,10314,201,4,3,1.95,1.99,4,3,851.00,556.00,412.00,0,0,0,0,0,0,0,0,0,4,0,0,1,1,100,0,0,0,0.0,0.0,0.0,0.0,,
20200201,20200229,6773720,花生活鲜花（花灵珑鲜花）,鲜花组,江苏省,镇江,否,20190404,在线,5.0,5.9,3890,34,2,0,0.87,5.88,2,1,320.00,149.00,210.00,0,0,0,0,0,0,0,0,0,2,0,0,1,1,100,1,0,0,0.0,0.0,0.0,0.0,,
20200201,20200229,6773722,花生活鲜花（名缘花卉）,鲜花组,安徽省,六安,否,20190404,在线,6.0,6.0,4534,28,0,0,0.62,0,0,0,0.00,0.00,0.00,0,0,0,0,0,0,0,0,0,0,0,0,0,0,0,0,0,0,0.0,0.0,0.0,0.0,,
20200201,20200229,6773725,花生活鲜花（荣浩千寻花艺）,鲜花组,陕西省,西安,否,20190426,在线,7.0,7.9,14671,50,1,0,0.34,2,1,0,0.00,0.00,0.00,1,0,1,0,0,0,0,0,0,0,0,0,0,0,0,0,0,0,0.0,0.0,0.0,0.0,,
20200201,20200229,6773727,花生活鲜花（水滴鲜花花艺）,鲜花组,山西省,太原,否,20190510,在线,0.0,0.4,2007,14,0,0,0.7,0,0,0,0.00,0.00,0.00,0,0,0,0,0,0,0,0,0,0,0,0,0,0,0,0,0,0,0.0,0.0,0.0,0.0,,
20200201,20200229,6773784,花生活鲜花（缤纷花屋）,鲜花组,湖南省,株洲,否,20190423,在线,15.0,15.1,8211,441,15,13,5.37,3.4,16,15,4732.00,2474.00,2797.00,0,0,0,0,0,0,0,0,0,17,0,0,17,14,82.35,10,0,0,0.0,0.0,0.0,0.0,,
20200201,20200229,6773938,花生活鲜花（玫瑰花坊）,鲜花组,重庆市,重庆,否,20190404,在线,8.0,8.5,8028,136,14,1,1.69,10.29,14,1,320.00,146.00,213.00,5,3,2,0,0,0,0,0,0,1,0,0,3,3,100,1,0,0,0.0,0.0,0.0,0.0,,
20200201,20200229,6773939,花生活鲜花（四季花苑）,鲜花组,浙江省,宁波,否,20190422,在线,22.0,22.3,16619,1062,58,52,6.39,5.46,59,55,20019.04,12085.64,10363.00,0,0,0,0,0,0,0,0,0,64,0,0,38,34,89.47,14,0,0,4.7,4.7,4.5,0.0,,
20200201,20200229,6773940,花生活鲜花（鲜花婚庆）,鲜花组,山东省,德州,否,20190422,在线,23.0,23.6,57476,1216,7,6,2.12,0.58,6,6,1925.00,1135.00,985.00,0,0,0,0,0,0,0,0,0,7,0,0,8,6,75,3,0,0,2.8,2.8,2.8,0.0,,
20200201,20200229,6773941,花生活鲜花（百合馆鲜花店）,鲜花组,江苏省,淮安,否,20190409,在线,24.0,24.0,25357,184,7,6,0.73,3.8,6,6,1251.00,546.90,840.00,0,0,0,0,0,0,0,0,0,6,0,0,0,0,0,0,0,0,1.2,1.2,1.2,0.0,,
20200201,20200229,6774016,花生活鲜花（婷雅花坊）,鲜花组,安徽省,马鞍山,否,20190329,在线,17.0,17.2,23422,1159,66,56,4.95,5.69,63,61,21296.00,13081.50,10502.00,2,0,0,0,2,0,0,1,0,72,0,0,52,50,96.15,35,0,0,5.0,5.0,4.8,0.0,,
20200201,20200229,6774085,花开有时,鲜花组,新疆维吾尔自治区,乌鲁木齐,否,20190329,在线,0.0,0.0,2166,17,0,0,0.78,0,0,0,0.00,0.00,0.00,0,0,0,0,0,0,0,0,0,0,0,0,0,0,0,0,0,0,0.0,0.0,0.0,0.0,,
20200201,20200229,6826710,花生活鲜花（LOVE鲜花店）,鲜花组,河北省,廊坊,否,20190417,在线,7.0,7.3,6310,64,1,0,1.01,1.56,1,0,0.00,0.00,0.00,1,0,1,0,0,0,0,0,0,0,0,0,0,0,0,0,0,0,0.0,0.0,0.0,0.0,,
20200201,20200229,6826712,花生活鲜花（流星花园鲜花）,鲜花组,河北省,廊坊,否,20190423,在线,22.0,22.8,14019,497,8,7,3.55,1.61,9,9,1539.00,1049.00,685.00,0,0,0,0,0,0,0,0,0,9,0,0,6,5,83.33,3,0,0,0.3,0.3,0.0,0.0,,
20200201,20200229,6826772,花生活鲜花（倾城时光鲜花）,鲜花组,江西省,吉安,否,20190422,在线,22.0,22.2,23428,789,29,27,3.37,3.68,30,29,9104.00,5113.00,5083.00,0,0,0,0,0,0,0,0,0,32,0,0,25,24,96,11,0,0,5.0,5.0,5.0,0.0,,
20200201,20200229,6865867,花生活鲜花（花满屋）,鲜花组,安徽省,合肥,否,20190429,在线,19.0,19.2,6015,40,2,1,0.67,5,2,1,180.00,37.00,143.00,0,0,0,0,0,0,0,0,0,2,0,0,0,0,0,0,0,0,0.0,0.0,0.0,0.0,,
20200201,20200229,6881023,花生活鲜花（爱花行）,鲜花组,山东省,枣庄,否,20190415,在线,20.0,20.4,18792,751,25,16,4,3.33,23,20,6633.00,3090.00,4323.00,1,0,0,0,1,0,0,0,0,27,0,0,18,16,88.89,10,0,0,4.0,4.0,4.0,0.0,,
20200201,20200229,6882162,花生活鲜花（七里香花艺）,鲜花组,四川省,遂宁,否,20190418,在线,0.0,0.0,1724,16,0,0,0.93,0,0,0,0.00,0.00,0.00,0,0,0,0,0,0,0,0,0,0,0,0,0,0,0,0,0,0,0.0,0.0,0.0,0.0,,
20200201,20200229,6882163,花生活鲜花（可可家鲜花）,鲜花组,河北省,石家庄,否,20190426,在线,0.0,0.0,813,2,0,0,0.25,0,0,0,0.00,0.00,0.00,0,0,0,0,0,0,0,0,0,0,0,0,0,0,0,0,0,0,0.0,0.0,0.0,0.0,,
20200201,20200229,6882164,花生活鲜花（天蓉鲜花店）,鲜花组,浙江省,嘉兴,否,20190703,在线,13.0,13.8,11493,227,3,0,1.98,1.32,3,0,0.00,0.00,0.00,2,2,0,0,0,0,0,0,0,0,0,0,1,1,100,1,0,0,0.0,0.0,0.0,0.0,,
20200201,20200229,6882165,花生活鲜花（栋梁花卉）,鲜花组,河南省,开封,否,20190423,在线,20.0,20.5,13161,534,17,9,4.06,3.18,16,8,2870.00,2091.00,1250.00,2,1,0,0,1,0,0,0,0,13,0,0,13,12,92.31,8,0,0,0.0,0.0,0.0,0.0,,
20200201,20200229,6928399,花生活鲜花（有间鲜花店）,鲜花组,宁夏回族自治区,银川,否,20190718,在线,17.0,17.5,12109,334,7,4,2.76,2.1,6,4,1298.00,658.00,796.00,1,1,0,0,0,0,0,0,0,5,0,0,3,2,66.67,0,0,0,0.0,0.0,0.0,0.0,,
20200201,20200229,6944778,花生活鲜花（伟爵爷仪嘉花艺馆）,鲜花组,山东省,烟台,否,20190919,在线,4.0,4.7,4805,32,0,0,0.67,0,0,0,0.00,0.00,0.00,0,0,0,0,0,0,0,0,0,0,0,0,2,2,100,0,0,0,0.0,0.0,0.0,0.0,,
20200201,20200229,6952198,花生活鲜花（韦爵爷花店）,鲜花组,湖北省,武汉,否,20190701,在线,0.0,0.0,2029,1,0,0,0.05,0,0,0,0.00,0.00,0.00,0,0,0,0,0,0,0,0,0,0,0,0,0,0,0,0,0,0,0.0,0.0,0.0,0.0,,
20200201,20200229,6956267,花生活鲜花（佳人婚庆店）,鲜花组,江苏省,常州,否,20190427,在线,23.0,23.0,8691,170,13,10,1.96,7.65,18,18,4004.12,1967.12,2461.00,0,0,0,0,0,0,0,0,0,20,0,0,15,8,53.33,0,0,0,0.0,0.0,0.0,0.0,,
20200201,20200229,6967767,花生活鲜花（花掌门）,鲜花组,辽宁省,抚顺,否,20190509,在线,24.0,24.0,40330,833,26,19,2.07,3.12,27,25,6859.00,3500.00,4235.00,0,0,0,0,0,0,0,0,0,28,0,0,15,14,93.33,10,0,0,4.0,4.0,4.0,0.0,,
20200201,20200229,6968121,花生活鲜花（忆花谷）,鲜花组,上海市,上海,否,20190530,在线,0.0,0.0,543,1,0,0,0.18,0,0,0,0.00,0.00,0.00,0,0,0,0,0,0,0,0,0,0,0,0,0,0,0,0,0,0,0.0,0.0,0.0,0.0,,
20200201,20200229,6968235,花生活鲜花（奢漫花艺）,鲜花组,吉林省,长春,否,20190428,在线,22.0,22.4,13283,280,6,3,2.11,2.14,5,5,1250.00,546.00,821.00,0,0,0,0,0,0,0,0,0,5,0,0,2,2,100,2,0,0,4.5,4.5,4.5,0.0,,
20200201,20200229,7004308,花生活鲜花（曼陀罗花开）,鲜花组,陕西省,宝鸡,否,20190514,在线,24.0,24.0,16290,111,1,1,0.68,0.9,1,1,370.00,176.00,233.00,0,0,0,0,0,0,0,0,0,1,0,0,1,1,100,0,0,0,0.0,0.0,0.0,0.0,,
20200201,20200229,7008016,花生活鲜花（千花坊鲜花店）,鲜花组,山东省,枣庄,否,20190609,在线,0.0,0.0,4606,25,0,0,0.54,0,0,0,0.00,0.00,0.00,0,0,0,0,0,0,0,0,0,0,0,0,0,0,0,0,0,0,0.0,0.0,0.0,0.0,,
20200201,20200229,7022271,花生活鲜花（心艺花店）,鲜花组,湖南省,长沙,否,20190514,在线,18.0,19.0,19028,667,17,14,3.51,2.55,15,14,4988.00,2282.00,3252.00,0,0,0,0,0,0,0,0,0,16,0,0,12,10,83.33,4,0,0,0.0,0.0,0.0,0.0,,
20200201,20200229,7022273,花生活鲜花（花漾flower鲜花店）,鲜花组,北京市,北京,否,20190508,在线,11.0,11.0,5111,23,0,0,0.45,0,0,0,0.00,0.00,0.00,0,0,0,0,0,0,0,0,0,0,0,0,0,0,0,0,0,0,0.0,0.0,0.0,0.0,,
20200201,20200229,7022274,花生活鲜花（唯爱花坊）,鲜花组,安徽省,合肥,否,20190509,在线,7.0,7.5,3418,63,1,0,1.84,1.59,1,0,0.00,0.00,0.00,0,0,0,0,0,0,0,0,0,0,0,0,1,1,100,0,0,0,0.0,0.0,0.0,0.0,,
20200201,20200229,7022275,花生活鲜花（太阳红花店）,鲜花组,四川省,资阳,否,20190518,在线,13.0,13.0,18288,451,15,9,2.47,3.33,14,13,4552.00,2073.00,2908.00,0,0,0,0,0,0,0,0,0,16,0,0,13,12,92.31,1,0,0,4.0,4.0,4.0,0.0,,
20200201,20200229,7022276,花生活鲜花（姐姐的花店）,鲜花组,江苏省,镇江,否,20190509,在线,24.0,24.0,13187,234,13,9,1.77,5.56,14,12,4416.00,1977.00,2897.00,0,0,0,0,0,0,0,0,0,15,0,0,5,4,80,0,0,0,0.2,0.2,0.2,0.0,,
20200201,20200229,7022374,花生活鲜花（萍萍花店）,鲜花组,上海市,上海,否,20190510,在线,23.0,23.6,9300,285,17,9,3.06,5.96,20,19,3900.00,1985.00,2378.00,1,0,1,0,0,0,0,0,1,21,0,0,6,6,100,0,0,0,5.0,5.0,5.0,2.0,,
20200201,20200229,7022375,花生活鲜花（冉绘鲜花）,鲜花组,山西省,吕梁,否,20190514,在线,11.0,11.5,14744,298,7,3,2.02,2.35,7,3,961.00,579.00,460.00,4,3,1,0,0,0,0,0,0,3,0,0,6,6,100,2,0,0,0.0,0.0,0.0,0.0,,
20200201,20200229,7028637,花生活鲜花（鲜花批发）,鲜花组,黑龙江省,双鸭山,否,20190514,在线,13.0,13.6,21184,337,0,0,1.59,0,0,0,0.00,0.00,0.00,0,0,0,0,0,0,0,0,0,0,0,0,3,3,100,2,0,0,0.0,0.0,0.0,0.0,,
20200201,20200229,7063793,花生活鲜花（俪缘鲜花）,鲜花组,河北省,唐山,否,20190528,在线,6.0,6.3,14305,133,1,0,0.93,0.75,1,0,0.00,0.00,0.00,1,1,0,0,0,0,0,0,0,0,0,0,0,0,0,0,0,0,0.0,0.0,0.0,0.0,,
20200201,20200229,7093976,花生活鲜花（花筵万达店）,鲜花组,湖南省,常德,否,20190621,在线,11.0,11.4,45029,420,9,7,0.93,2.14,9,7,2010.00,1098.00,1102.00,2,1,1,0,0,0,0,0,0,7,0,0,6,5,83.33,2,0,0,0.0,0.0,0.0,0.0,,
20200201,20200229,7094045,花生活鲜花（铭相花缘）,鲜花组,上海市,上海,否,20190521,在线,6.0,6.2,6815,229,20,16,3.36,8.73,21,17,7309.00,4199.00,3763.00,1,0,0,0,0,1,0,0,7,22,0,0,12,10,83.33,6,0,0,0.0,0.0,0.0,1.0,,
20200201,20200229,7160078,花生活鲜花（绿家园艺）,鲜花组,福建省,厦门,否,20190530,在线,13.0,13.6,1405,36,0,0,2.56,0,0,0,0.00,0.00,0.00,0,0,0,0,0,0,0,0,0,0,0,0,1,1,100,0,0,0,0.0,0.0,0.0,0.0,,
20200201,20200229,7166109,花生活鲜花（花研巧遇）,鲜花组,安徽省,合肥,否,20190612,在线,0.0,0.0,763,7,0,0,0.92,0,0,0,0.00,0.00,0.00,0,0,0,0,0,0,0,0,0,0,0,0,0,0,0,0,0,0,0.0,0.0,0.0,0.0,,
20200201,20200229,7166110,花生活鲜花（花香鲜花店）,鲜花组,四川省,泸州,否,20190623,在线,4.0,4.5,2354,26,0,0,1.1,0,0,0,0.00,0.00,0.00,0,0,0,0,0,0,0,0,0,0,0,0,0,0,0,0,0,0,0.0,0.0,0.0,0.0,,
20200201,20200229,7166112,花生活鲜花（蒂留香花艺）,鲜花组,安徽省,六安,否,20190610,在线,11.0,11.7,7078,75,1,0,1.06,1.33,1,0,0.00,0.00,0.00,1,0,1,0,0,0,0,0,0,0,0,0,0,0,0,0,0,0,0.0,0.0,0.0,0.0,,
20200201,20200229,7166113,花生活鲜花（浪漫鲜花坊）,鲜花组,山东省,德州,否,20190611,在线,4.0,4.7,6119,34,0,0,0.56,0,0,0,0.00,0.00,0.00,0,0,0,0,0,0,0,0,0,0,0,0,0,0,0,0,0,0,0.0,0.0,0.0,0.0,,
20200201,20200229,7166115,花生活鲜花（彩阳花艺）,鲜花组,内蒙古自治区,巴彦淖尔,否,20190611,在线,0.0,0.0,5068,23,0,0,0.45,0,0,0,0.00,0.00,0.00,0,0,0,0,0,0,0,0,0,0,0,0,0,0,0,0,0,0,0.0,0.0,0.0,0.0,,
20200201,20200229,7166116,花生活鲜花（韦爵爷花艺坊）,鲜花组,安徽省,合肥,否,20190601,在线,4.0,4.7,1583,7,0,0,0.44,0,0,0,0.00,0.00,0.00,0,0,0,0,0,0,0,0,0,0,0,0,0,0,0,0,0,0,0.0,0.0,0.0,0.0,,
20200201,20200229,7166264,花生活鲜花（花开相爱）,鲜花组,安徽省,合肥,否,20190528,在线,13.0,13.2,13650,162,4,3,1.19,2.47,4,3,30.00,21.00,9.00,1,0,1,0,0,0,0,0,0,3,0,0,2,1,50,0,0,0,0.0,0.0,0.0,0.0,,
20200201,20200229,7194721,花生活鲜花（四季春花艺美学馆）,鲜花组,云南省,丽江,否,20190614,在线,14.0,14.4,12034,862,66,43,7.16,7.66,66,44,19555.00,10030.00,11226.00,8,6,2,0,0,0,0,0,0,54,0,0,34,32,94.12,15,0,0,0.0,0.0,0.0,0.0,,
20200201,20200229,7196730,友缘鲜花,鲜花组,云南省,曲靖,否,20190614,在线,13.0,12.5,3092,31,0,0,1,0,0,0,0.00,0.00,0.00,0,0,0,0,0,0,0,0,0,0,0,0,1,1,100,0,0,0,0.0,0.0,0.0,0.0,,
20200201,20200229,7207842,花生活鲜花（兰草缘花坊鲜花）,鲜花组,安徽省,合肥,否,20190619,在线,0.0,0.0,1989,12,0,0,0.6,0,0,0,0.00,0.00,0.00,0,0,0,0,0,0,0,0,0,0,0,0,0,0,0,0,0,0,1.6,1.6,1.6,0.0,,
20200201,20200229,7207843,花生活鲜花（花殿鲜花店）,鲜花组,内蒙古自治区,呼伦贝尔,否,20190603,在线,3.0,3.1,8923,85,1,0,0.95,1.18,1,0,0.00,0.00,0.00,1,1,0,0,0,0,0,0,0,0,0,0,0,0,0,0,0,0,0.0,0.0,0.0,0.0,,
20200201,20200229,7207845,花生活鲜花（花言巧语花艺坊）,鲜花组,福建省,南平,否,20190603,在线,13.0,13.9,17059,1076,18,8,6.31,1.67,17,8,2423.00,1650.00,1080.00,6,5,0,0,1,0,0,0,0,12,0,0,12,12,100,6,0,0,0.0,0.0,0.0,0.0,,
20200201,20200229,7207846,花生活鲜花（极乐莲华鲜花）,鲜花组,浙江省,杭州,否,20190604,在线,3.0,3.7,5062,81,7,4,1.6,8.64,7,7,1444.00,637.90,1001.00,0,0,0,0,0,0,0,0,0,7,0,0,1,1,100,0,0,0,0.3,0.3,0.0,0.0,,
20200201,20200229,7207847,花生活鲜花（花匠花艺）,鲜花组,福建省,泉州,否,20190708,在线,19.0,19.3,3062,49,1,1,1.6,2.04,1,1,320.00,146.00,213.00,0,0,0,0,0,0,0,0,0,1,0,0,0,0,0,0,0,0,0.0,0.0,0.0,0.0,,
20200201,20200229,7207848,花生活鲜花（原色花店）,鲜花组,四川省,南充,否,20190621,在线,17.0,17.6,16900,195,13,9,1.15,6.67,12,11,2417.00,1112.90,1577.00,0,0,0,0,0,0,0,0,0,12,0,0,5,5,100,3,0,0,2.6,2.6,1.9,0.0,,
20200201,20200229,7207850,花生活鲜花（尚花坊）,鲜花组,安徽省,亳州,否,20190604,在线,23.0,23.1,23716,915,42,33,3.86,4.59,41,39,12268.00,6082.80,7706.00,0,0,0,0,0,0,0,0,0,46,0,0,26,24,92.31,10,1,0,2.9,2.9,2.9,0.0,,
20200201,20200229,7207851,花生活鲜花（龙兴花艺）,鲜花组,福建省,龙岩,否,20190603,在线,19.0,19.8,15111,757,72,57,5.01,9.51,70,67,20812.00,10977.90,12276.00,0,0,0,0,0,0,0,0,0,79,0,0,29,26,89.66,9,0,0,5.0,5.0,5.0,0.0,,
20200201,20200229,7264470,花生活鲜花（栖梧花店）,鲜花组,福建省,厦门,否,20190612,在线,19.0,19.5,2382,31,1,1,1.3,3.23,1,1,245.00,156.00,128.00,0,0,0,0,0,0,0,0,0,1,0,0,1,1,100,1,0,0,0.0,0.0,0.0,0.0,,
20200201,20200229,7264472,花生活鲜花（花朝鲜花店）,鲜花组,安徽省,合肥,否,20190613,在线,0.0,0.0,9282,177,0,0,1.91,0,0,0,0.00,0.00,0.00,0,0,0,0,0,0,0,0,0,0,0,0,0,0,0,0,0,0,0.0,0.0,0.0,0.0,,
20200201,20200229,7264474,花生活鲜花（密语花坊）,鲜花组,上海市,上海,否,20190613,在线,11.0,11.1,5679,89,2,0,1.57,2.25,2,0,0.00,0.00,0.00,2,1,1,0,0,0,0,0,0,1,0,0,1,1,100,0,0,0,0.0,0.0,0.0,0.0,,
20200201,20200229,7264476,花生活鲜花（花芝鲜花馆）,鲜花组,广东省,湛江,否,20190612,在线,0.0,0.0,1989,23,0,0,1.16,0,0,0,0.00,0.00,0.00,0,0,0,0,0,0,0,0,0,0,0,0,0,0,0,0,0,0,2.6,2.6,2.6,0.0,,
20200201,20200229,7264477,花生活鲜花（佳仪鲜花婚庆）,鲜花组,黑龙江省,哈尔滨,否,20190702,在线,0.0,0.0,1143,5,0,0,0.44,0,0,0,0.00,0.00,0.00,0,0,0,0,0,0,0,0,0,0,0,0,0,0,0,0,0,0,0.0,0.0,0.0,0.0,,
20200201,20200229,7280704,花生活鲜花（槿妍花舍）,鲜花组,四川省,泸州,否,20190918,在线,15.0,15.5,25577,211,4,3,0.82,1.9,4,3,835.00,367.00,585.00,0,0,0,0,0,0,0,0,0,3,0,0,0,0,0,0,0,0,0.0,0.0,0.0,0.0,,
20200201,20200229,7310176,花生活鲜花（新罗区石斛花坊）,鲜花组,福建省,龙岩,否,20190719,在线,20.0,20.0,13279,193,6,2,1.45,3.11,6,2,1081.00,854.00,305.00,1,0,1,0,0,0,0,0,0,2,0,0,3,2,66.67,0,0,0,0.0,0.0,0.0,0.0,,
20200201,20200229,7310188,花生活鲜花（伊佰莲鲜花婚庆）,鲜花组,浙江省,绍兴,否,20190620,在线,16.0,16.6,51366,685,16,14,1.33,2.34,17,13,4368.00,2501.70,2530.00,0,0,0,0,0,0,0,0,0,20,0,0,16,15,93.75,5,0,0,0.0,0.0,0.0,0.0,,
20200201,20200229,7311299,花生活鲜花（筱月鲜花店）,鲜花组,安徽省,合肥,否,20190624,在线,19.0,19.3,6063,102,3,3,1.68,2.94,3,3,1607.00,1256.00,468.00,0,0,0,0,0,0,0,0,0,3,0,0,3,3,100,0,0,0,0.0,0.0,0.0,0.0,,
20200201,20200229,7317971,花生活鲜花（如意花坊银川店店）,鲜花组,宁夏回族自治区,银川,否,20190708,在线,6.0,6.0,6519,56,3,3,0.86,5.36,4,3,935.00,447.00,605.00,0,0,0,0,0,0,0,0,0,3,0,0,1,1,100,0,0,0,0.0,0.0,0.0,0.0,,
20200201,20200229,7317972,花生活鲜花（知音花艺）,鲜花组,浙江省,金华,否,20190628,在线,8.0,7.9,17921,372,11,8,2.08,2.96,11,9,3494.00,1980.00,1826.00,1,0,0,0,1,0,0,0,0,14,0,0,11,10,90.91,6,0,0,1.4,1.4,1.4,0.0,,
20200201,20200229,7318032,花生活鲜花（朵美鲜花）,鲜花组,辽宁省,辽阳,否,20190704,在线,24.0,24.0,17094,278,9,6,1.63,3.24,11,11,3583.00,1591.00,2421.00,0,0,0,0,0,0,0,0,0,11,0,0,5,5,100,1,0,0,3.6,3.6,3.6,0.0,,
20200201,20200229,7331152,洋洋花语屋,鲜花组,四川省,眉山,否,20190806,在线,3.0,3.7,3104,30,0,0,0.97,0,0,0,0.00,0.00,0.00,0,0,0,0,0,0,0,0,0,0,0,0,0,0,0,0,0,0,0.0,0.0,0.0,0.0,,
20200201,20200229,7349050,花生活鲜花（馨灵花屋）,鲜花组,福建省,南平,否,20190718,在线,9.0,9.9,15934,1174,8,4,7.37,0.68,7,4,1368.00,642.00,882.00,2,1,0,0,1,0,0,0,0,7,0,0,8,8,100,8,0,0,0.0,0.0,0.0,0.0,,
20200201,20200229,7349051,花生活鲜花（花聚花艺馆）,鲜花组,安徽省,合肥,否,20190702,在线,19.0,19.5,12491,331,18,15,2.65,5.44,18,17,5225.00,2648.00,3235.00,0,0,0,0,0,0,0,0,0,17,0,0,15,11,73.33,4,0,0,3.9,3.9,4.0,0.0,,
20200201,20200229,7349052,花生活鲜花（赢聚花行）,鲜花组,上海市,上海,否,20190627,在线,12.0,12.5,3478,25,3,3,0.72,12,3,3,960.00,523.00,554.00,0,0,0,0,0,0,0,0,0,3,0,0,1,1,100,0,0,0,0.0,0.0,0.0,0.0,,
20200201,20200229,7349060,花生活鲜花（饰美鲜花）,鲜花组,天津市,天津,否,20190724,在线,17.0,17.5,4782,46,0,0,0.96,0,0,0,0.00,0.00,0.00,0,0,0,0,0,0,0,0,0,0,0,0,1,1,100,0,0,0,0.0,0.0,0.0,0.0,,
20200201,20200229,7349110,花生活鲜花（芳香花艺馆）,鲜花组,安徽省,合肥,否,20190806,在线,24.0,24.0,11021,238,21,17,2.16,8.82,20,19,6140.00,2957.00,3885.00,0,0,0,0,0,0,0,0,0,20,0,0,11,7,63.64,2,0,0,1.6,1.6,1.6,0.0,,
20200201,20200229,7392788,花生活鲜花（非凡花艺）,鲜花组,江苏省,淮安,否,20190714,在线,24.0,24.0,76589,1661,49,39,2.17,2.95,44,40,13908.00,7514.00,7944.00,0,0,0,0,0,0,0,0,0,43,0,0,42,28,66.67,6,3,0,2.8,2.8,2.8,1.0,,
20200201,20200229,7392799,花生活鲜花（幸福花店遵义店）,鲜花组,贵州省,遵义,否,20190711,在线,0.0,0.0,1487,1,0,0,0.07,0,0,0,0.00,0.00,0.00,0,0,0,0,0,0,0,0,0,0,0,0,0,0,0,0,0,0,0.0,0.0,0.0,0.0,,
20200201,20200229,7392893,花生活鲜花（百花轩）,鲜花组,甘肃省,兰州,否,20190725,在线,10.0,10.3,5336,319,5,4,5.98,1.57,5,4,929.00,513.00,533.00,1,1,0,0,0,0,0,0,0,4,0,0,3,3,100,1,0,0,0.0,0.0,0.0,0.0,,
20200201,20200229,7392896,花生活鲜花（花之物语花店）,鲜花组,江西省,南昌,否,20190705,在线,4.0,4.7,3291,9,0,0,0.27,0,0,0,0.00,0.00,0.00,0,0,0,0,0,0,0,0,0,0,0,0,0,0,0,0,0,0,0.0,0.0,0.0,0.0,,
20200201,20200229,7392897,花生活鲜花（阿紫鲜花店）,鲜花组,天津市,天津,否,20190708,在线,4.0,4.7,4421,14,0,0,0.32,0,0,0,0.00,0.00,0.00,0,0,0,0,0,0,0,0,0,0,0,0,0,0,0,0,0,0,0.0,0.0,0.0,0.0,,
20200201,20200229,7392899,花生活鲜花（花房姑娘鲜花店）,鲜花组,江西省,九江,否,20190723,在线,16.0,16.5,4815,53,0,0,1.1,0,0,0,0.00,0.00,0.00,0,0,0,0,0,0,0,0,0,0,0,0,1,0,0,0,0,0,0.0,0.0,0.0,0.0,,
20200201,20200229,7392900,花生活鲜花（如意花坊济南店）,鲜花组,山东省,济南,否,20190718,在线,16.0,16.5,20455,276,5,2,1.35,1.81,3,2,663.00,421.00,320.00,1,1,0,0,0,0,0,0,0,2,0,0,3,3,100,2,0,0,0.0,0.0,0.0,0.0,,
20200201,20200229,7392901,花生活鲜花（挚爱一生鲜花店）,鲜花组,福建省,宁德,否,20190724,在线,24.0,24.0,17226,536,21,13,3.11,3.92,23,13,5325.00,2649.00,3139.00,9,8,0,0,1,0,0,0,0,15,0,0,5,4,80,1,0,0,0.0,0.0,0.0,0.0,,
20200201,20200229,7392902,花生活鲜花（花先生鲜花店）,鲜花组,浙江省,绍兴,否,20190719,在线,13.0,13.4,11344,129,0,0,1.14,0,0,0,0.00,0.00,0.00,0,0,0,0,0,0,0,0,0,0,0,0,2,1,50,1,0,0,0.0,0.0,0.0,0.0,,
20200201,20200229,7392906,花生活鲜花（云槿花艺）,鲜花组,江苏省,无锡,否,20190708,在线,5.0,5.5,6663,208,13,7,3.12,6.25,14,13,3072.00,1439.00,2140.00,0,0,0,0,0,0,0,0,0,14,0,0,6,6,100,5,0,0,1.2,1.2,0.5,0.0,,
20200201,20200229,7392907,花生活鲜花（玫瑰园鲜花）,鲜花组,陕西省,渭南,否,20190719,在线,3.0,3.0,15754,118,0,0,0.75,0,0,0,0.00,0.00,0.00,0,0,0,0,0,0,0,0,0,0,0,0,1,1,100,1,0,0,0.0,0.0,0.0,0.0,,
20200201,20200229,7398752,花生活鲜花（花间鲜花）,鲜花组,上海市,上海,否,20190723,在线,0.0,0.0,2421,13,0,0,0.54,0,0,0,0.00,0.00,0.00,0,0,0,0,0,0,0,0,0,0,0,0,0,0,0,0,0,0,0.0,0.0,0.0,0.0,,
20200201,20200229,7427902,花生活鲜花（同心花艺）,鲜花组,贵州省,遵义,否,20190712,在线,20.0,20.2,37389,351,13,10,0.94,3.7,14,10,4034.00,2631.00,1481.00,1,1,0,0,0,0,0,0,0,13,0,0,11,11,100,2,0,0,0.0,0.0,0.0,0.0,,
20200201,20200229,7427904,花生活鲜花（我在等你）,鲜花组,江西省,鹰潭,否,20190723,在线,16.0,16.2,14703,439,12,7,2.99,2.73,11,7,3346.00,1805.00,1814.00,0,0,0,0,0,0,0,0,0,10,0,0,10,8,80,2,0,0,0.0,0.0,0.0,0.0,,
20200201,20200229,7428704,花生活鲜花（水晶之恋花坊）,鲜花组,宁夏回族自治区,中卫,否,20190723,在线,0.0,0.0,4650,36,0,0,0.77,0,0,0,0.00,0.00,0.00,0,0,0,0,0,0,0,0,0,0,0,0,0,0,0,0,0,0,0.0,0.0,0.0,0.0,,
20200201,20200229,7429078,花生活鲜花（印象花坊）,鲜花组,福建省,宁德,否,20190724,在线,16.0,17.0,12371,383,19,17,3.1,4.96,22,20,7035.00,3319.00,4486.00,0,0,0,0,0,0,0,0,0,21,0,0,14,7,50,1,1,0,0.0,0.0,0.0,0.0,,
20200201,20200229,7475288,花生活鲜花（幸福之花）,鲜花组,陕西省,西安,否,20190718,在线,0.0,0.0,2592,3,0,0,0.12,0,0,0,0.00,0.00,0.00,0,0,0,0,0,0,0,0,0,0,0,0,0,0,0,0,0,0,0.0,0.0,0.0,0.0,,
20200201,20200229,7475291,花生活鲜花（御花园）,鲜花组,贵州省,遵义,否,20190717,在线,0.0,0.0,1312,4,0,0,0.3,0,0,0,0.00,0.00,0.00,0,0,0,0,0,0,0,0,0,0,0,0,0,0,0,0,0,0,0.0,0.0,0.0,0.0,,
20200201,20200229,7475292,花生活鲜花（馨语花屋）,鲜花组,贵州省,遵义,否,20190719,在线,13.0,13.4,20575,1715,27,16,8.34,1.57,27,17,5728.00,3572.00,2780.00,5,2,3,0,0,0,0,0,0,22,0,0,25,20,80,5,0,0,2.2,2.2,1.0,0.0,,
20200201,20200229,7475293,花生活鲜花（520忆花坊）,鲜花组,贵州省,遵义,否,20190719,在线,11.0,11.8,32328,186,1,0,0.58,0.54,1,0,0.00,0.00,0.00,0,0,0,0,0,0,0,0,0,1,0,0,0,0,0,0,0,0,0.0,0.0,0.0,0.0,,
20200201,20200229,7475294,花生活鲜花（苔米花艺）,鲜花组,山东省,烟台,否,20190723,在线,23.0,23.5,19098,290,3,3,1.52,1.03,3,3,1166.00,506.00,699.00,0,0,0,0,0,0,0,0,0,3,0,0,5,5,100,4,0,0,0.0,0.0,0.0,0.0,,
20200201,20200229,7475297,花生活鲜花（锦卉花艺）,鲜花组,上海市,上海,否,20190719,在线,15.0,15.2,7887,113,4,3,1.43,3.54,4,3,1203.00,775.00,545.00,0,0,0,0,0,0,0,0,0,4,0,0,2,2,100,0,0,0,0.0,0.0,0.0,0.0,,
20200201,20200229,7475298,花生活鲜花（香阁丽娜）,鲜花组,贵州省,遵义,否,20190723,在线,13.0,13.5,29572,1895,61,44,6.41,3.22,57,44,15851.00,7968.00,9516.00,7,4,2,0,1,0,0,0,0,48,0,0,40,37,92.5,19,0,0,2.2,2.2,2.2,0.0,,
20200201,20200229,7475299,花生活鲜花（宇欣花店）,鲜花组,安徽省,合肥,否,20190724,在线,0.0,0.0,668,4,0,0,0.6,0,0,0,0.00,0.00,0.00,0,0,0,0,0,0,0,0,0,0,0,0,0,0,0,0,0,0,0.0,0.0,0.0,0.0,,
20200201,20200229,7475300,花生活鲜花（花缘花店）,鲜花组,广东省,东莞,否,20190726,在线,11.0,12.1,9318,211,19,18,2.26,9,19,18,5639.00,2750.80,3584.00,0,0,0,0,0,0,0,0,1,20,0,1,7,5,71.43,1,0,0,1.9,1.9,1.9,1.0,,
20200201,20200229,7475402,花生活鲜花（百合花坊）,鲜花组,宁夏回族自治区,中卫,否,20190730,在线,9.0,9.9,24426,1532,25,13,6.27,1.63,25,13,4351.00,2490.00,2321.00,7,7,0,0,0,0,0,0,0,19,0,0,31,28,90.32,13,1,0,0.0,0.0,0.0,0.0,,
20200201,20200229,7514878,花生活鲜花（裕发花缘）,鲜花组,福建省,厦门,否,20190724,在线,0.0,0.0,380,2,0,0,0.53,0,0,0,0.00,0.00,0.00,0,0,0,0,0,0,0,0,0,0,0,0,0,0,0,0,0,0,0.0,0.0,0.0,0.0,,
20200201,20200229,7514879,花生活鲜花（艺轩鲜花）,鲜花组,福建省,泉州,否,20190802,在线,24.0,24.0,7576,131,2,2,1.73,1.53,2,2,638.00,312.00,404.00,0,0,0,0,0,0,0,0,0,2,0,0,0,0,0,0,0,0,0.0,0.0,0.0,0.0,,
20200201,20200229,7514880,花生活鲜花（小姐姐花店）,鲜花组,安徽省,安庆,否,20190725,在线,0.0,0.9,2728,19,0,0,0.7,0,0,0,0.00,0.00,0.00,0,0,0,0,0,0,0,0,0,0,0,0,0,0,0,0,0,0,0.0,0.0,0.0,0.0,,
20200201,20200229,7514881,花生活鲜花（小简花艺工作室）,鲜花组,浙江省,绍兴,否,20190726,在线,7.0,7.8,12033,55,0,0,0.46,0,0,0,0.00,0.00,0.00,0,0,0,0,0,0,0,0,0,0,0,0,0,0,0,0,0,0,0.0,0.0,0.0,0.0,,
20200201,20200229,7514883,花生活鲜花（倾城花屋）,鲜花组,江苏省,徐州,否,20190723,在线,24.0,24.0,56894,1169,11,7,2.05,0.94,9,7,2554.00,1463.00,1364.00,0,0,0,0,0,0,0,0,0,10,0,0,14,11,78.57,3,0,0,0.0,0.0,0.0,0.0,,
20200201,20200229,7514884,花生活鲜花（启缘花店）,鲜花组,江苏省,镇江,否,20190726,在线,20.0,20.9,6764,140,3,1,2.07,2.14,3,3,1210.02,549.02,739.00,0,0,0,0,0,0,0,0,0,3,0,0,1,1,100,1,0,0,0.0,0.0,0.0,0.0,,
20200201,20200229,7514886,花生活鲜花（七彩花卉）,鲜花组,湖北省,黄冈,否,20190725,在线,0.0,0.0,3486,44,0,0,1.26,0,0,0,0.00,0.00,0.00,0,0,0,0,0,0,0,0,0,0,0,0,0,0,0,0,0,0,0.0,0.0,0.0,0.0,,
20200201,20200229,7514887,花生活鲜花（平价鲜花坊）,鲜花组,贵州省,安顺,否,20190725,在线,0.0,0.0,2711,27,0,0,1,0,0,0,0.00,0.00,0.00,0,0,0,0,0,0,0,0,0,0,0,0,0,0,0,0,0,0,0.0,0.0,0.0,0.0,,
20200201,20200229,7514888,花生活鲜花（名媛花希,鲜花组,重庆市,重庆,否,20190725,在线,0.0,0.0,834,2,0,0,0.24,0,0,0,0.00,0.00,0.00,0,0,0,0,0,0,0,0,0,0,0,0,0,0,0,0,0,0,0.0,0.0,0.0,0.0,,
20200201,20200229,7514889,花生活鲜花（米粒鲜花之家）,鲜花组,四川省,泸州,否,20190724,在线,14.0,14.5,20815,187,3,2,0.9,1.6,3,2,696.00,590.00,184.00,1,1,0,0,0,0,0,0,0,3,0,0,4,3,75,0,0,0,0.0,0.0,0.0,0.0,,
20200201,20200229,7514890,花生活鲜花（金蔷薇时尚花艺）,鲜花组,湖北省,襄阳,否,20190724,在线,10.0,10.4,21872,718,14,11,3.28,1.95,13,11,4054.00,2131.00,2342.00,1,0,0,0,1,0,0,0,0,17,0,0,26,25,96.15,7,0,0,0.0,0.0,0.0,0.0,,
20200201,20200229,7514891,花生活鲜花（花之恋花卉）,鲜花组,广东省,珠海,否,20190805,在线,0.0,0.0,2902,26,0,0,0.9,0,0,0,0.00,0.00,0.00,0,0,0,0,0,0,0,0,0,0,0,0,0,0,0,0,0,0,0.0,0.0,0.0,0.0,,
20200201,20200229,7514892,花生活鲜花（花缘轩）,鲜花组,福建省,厦门,否,20190727,在线,14.0,14.3,3136,92,6,5,2.93,6.52,5,5,1227.00,846.00,576.00,0,0,0,0,0,0,0,0,2,5,0,1,7,4,57.14,3,0,0,0.0,0.0,0.0,1.0,,
20200201,20200229,7514896,花生活鲜花（爱尚花艺）,鲜花组,贵州省,安顺,否,20190725,在线,24.0,24.0,9390,322,7,6,3.43,2.17,6,6,2146.00,1128.00,1247.00,0,0,0,0,0,0,0,0,0,6,0,0,4,3,75,3,0,0,0.0,0.0,0.0,0.0,,
20200201,20200229,7515286,花生活鲜花（窑辉鲜花礼仪）,鲜花组,西藏自治区,拉萨,否,20190730,在线,11.0,11.6,26980,2053,77,65,7.61,3.75,77,71,32165.00,25522.00,9412.00,2,1,0,0,1,0,0,0,0,84,0,0,65,46,70.77,9,1,0,2.7,2.7,2.7,0.0,,
20200201,20200229,7515288,花生活鲜花（绿如蓝花店）,鲜花组,四川省,达州,否,20190803,在线,24.0,24.0,27894,203,4,1,0.73,1.97,2,1,320.00,146.00,213.00,0,0,0,0,0,0,0,0,0,1,0,0,5,4,80,1,0,0,0.0,0.0,0.0,0.0,,
20200201,20200229,7545487,花生活鲜花（雨辉花店）,鲜花组,福建省,福州,否,20190730,在线,22.0,22.4,7697,206,11,10,2.68,5.34,12,10,3567.00,1780.00,2177.00,0,0,0,0,0,0,0,0,0,14,0,0,6,6,100,4,1,1,1.9,1.9,1.9,0.0,,
20200201,20200229,7545488,花生活鲜花（海天花艺）,鲜花组,陕西省,咸阳,否,20190801,在线,0.0,0.0,3489,54,0,0,1.55,0,0,0,0.00,0.00,0.00,0,0,0,0,0,0,0,0,0,0,0,0,0,0,0,0,0,0,0.0,0.0,0.0,0.0,,
20200201,20200229,7545489,花生活鲜花（花草堂鲜花店）,鲜花组,宁夏回族自治区,银川,否,20190731,在线,24.0,23.9,19671,371,15,14,1.89,4.04,16,14,4712.00,2569.00,2689.00,2,2,0,0,0,0,0,0,0,16,0,0,11,9,81.82,3,0,0,0.0,0.0,0.0,0.0,,
20200201,20200229,7545490,花生活鲜花（尚品花艺）,鲜花组,湖南省,郴州,否,20190801,在线,2.0,2.7,5904,222,7,3,3.76,3.15,8,3,1035.00,495.00,657.00,4,1,3,0,0,0,0,0,0,4,0,0,3,3,100,1,0,0,0.0,0.0,0.0,0.0,,
20200201,20200229,7545492,花生活鲜花（湛江畅通鲜花）,鲜花组,广东省,湛江,否,20190805,在线,2.0,2.9,4079,32,1,1,0.78,3.13,1,1,245.00,105.00,179.00,0,0,0,0,0,0,0,0,0,1,0,0,0,0,0,0,0,0,0.0,0.0,0.0,0.0,,
20200201,20200229,7545494,花生活鲜花（柒色花艺馆）,鲜花组,广西壮族自治区,柳州,否,20190730,在线,0.0,0.9,2676,55,4,4,2.06,7.27,5,5,2118.00,1012.00,1301.00,0,0,0,0,0,0,0,0,0,5,0,0,1,1,100,0,0,0,0.0,0.0,0.0,0.0,,
20200201,20200229,7546953,花生活鲜花（爱琴海鲜花店）,鲜花组,广东省,湛江,否,20191009,在线,16.0,16.4,15088,447,40,34,2.96,8.95,39,35,12061.00,6725.00,6691.00,0,0,0,0,0,0,0,0,0,42,0,0,22,17,77.27,6,1,0,3.0,3.0,3.1,0.0,,
20200201,20200229,7622475,花生活鲜花（爱花人）,鲜花组,上海市,上海,否,20190814,在线,1.0,1.7,1300,17,1,1,1.31,5.88,1,1,198.00,175.00,62.00,0,0,0,0,0,0,0,0,0,1,0,0,0,0,0,0,0,0,0.0,0.0,0.0,0.0,,
20200201,20200229,7634499,花生活鲜花（鲜花绿植）,鲜花组,北京市,北京,否,20190903,在线,3.0,3.3,2727,43,1,0,1.58,2.33,1,0,0.00,0.00,0.00,1,0,1,0,0,0,0,0,0,0,0,0,1,1,100,0,0,0,0.0,0.0,0.0,0.0,,
20200201,20200229,7641996,花生活鲜花（花幸福花店襄阳店）,鲜花组,湖北省,襄阳,否,20190830,在线,2.0,2.9,11896,129,0,0,1.08,0,0,0,0.00,0.00,0.00,0,0,0,0,0,0,0,0,0,0,0,0,0,0,0,0,0,0,0.0,0.0,0.0,0.0,,
20200201,20200229,7642002,花生活鲜花（拾花者）,鲜花组,浙江省,杭州,否,20190823,在线,3.0,4.0,4345,18,0,0,0.41,0,0,0,0.00,0.00,0.00,0,0,0,0,0,0,0,0,0,0,0,0,0,0,0,0,0,0,0.0,0.0,0.0,0.0,,
20200201,20200229,7642004,花生活鲜花（第三居鲜花店）,鲜花组,贵州省,遵义,否,20190819,在线,2.0,2.5,6880,27,0,0,0.39,0,0,0,0.00,0.00,0.00,0,0,0,0,0,0,0,0,0,0,0,0,0,0,0,0,0,0,0.0,0.0,0.0,0.0,,
20200201,20200229,7642006,花生活鲜花（爱人鲜花）,鲜花组,辽宁省,营口,否,20191126,在线,21.0,21.1,14943,724,23,18,4.85,3.18,20,19,7605.00,3582.00,4759.00,0,0,0,0,0,0,0,0,0,20,0,0,15,14,93.33,5,0,0,0.0,0.0,0.0,0.0,,
20200201,20200229,7642070,花生活鲜花（麦子花艺馆）,鲜花组,安徽省,合肥,否,20190817,在线,2.0,2.9,1244,5,0,0,0.4,0,0,0,0.00,0.00,0.00,0,0,0,0,0,0,0,0,0,0,0,0,0,0,0,0,0,0,0.0,0.0,0.0,0.0,,
20200201,20200229,7642072,花生活鲜花（花花世界安顺店）,鲜花组,贵州省,安顺,否,20190907,在线,13.0,13.8,8241,274,5,3,3.32,1.82,6,3,868.00,467.00,518.00,2,2,0,0,0,0,0,0,0,4,0,0,7,7,100,4,0,0,0.0,0.0,0.0,0.0,,
20200201,20200229,7642073,花生活鲜花（花花小娴）,鲜花组,湖北省,黄冈,否,20190918,在线,2.0,2.1,4910,57,1,0,1.16,1.75,1,0,0.00,0.00,0.00,0,0,0,0,0,0,0,0,0,0,0,0,0,0,0,0,0,0,0.0,0.0,0.0,0.0,,
20200201,20200229,7642074,花生活鲜花（云艳花坊）,鲜花组,湖北省,黄冈,否,20190830,在线,3.0,3.6,13518,1699,18,7,12.57,1.06,16,7,1944.00,1248.00,969.00,4,3,1,0,0,0,0,0,0,7,0,0,26,25,96.15,14,0,0,1.2,1.2,1.2,0.0,,
20200201,20200229,7642075,花生活鲜花（紫罗兰花艺坊）,鲜花组,福建省,泉州,否,20190820,在线,9.0,9.6,5238,70,1,0,1.34,1.43,1,0,0.00,0.00,0.00,1,0,1,0,0,0,0,0,0,0,0,0,0,0,0,0,0,0,0.0,0.0,0.0,0.0,,
20200201,20200229,7642076,花生活鲜花（百艳鲜花）,鲜花组,山东省,威海,否,20190816,在线,8.0,8.3,7860,127,4,3,1.62,3.15,3,3,1233.00,647.00,703.00,0,0,0,0,0,0,0,0,0,3,0,0,1,1,100,1,0,0,0.0,0.0,0.0,0.0,,
20200201,20200229,7672370,花生活鲜花（麦花阁鲜花）,鲜花组,浙江省,杭州,否,20190828,在线,8.0,8.7,5390,46,1,1,0.85,2.17,1,1,345.00,115.00,269.00,0,0,0,0,0,0,0,0,0,1,0,0,1,1,100,1,0,0,0.0,0.0,0.0,0.0,,
20200201,20200229,7672411,花生活鲜花（k艺轩）,鲜花组,浙江省,杭州,否,20190821,在线,0.0,0.0,3596,6,0,0,0.17,0,0,0,0.00,0.00,0.00,0,0,0,0,0,0,0,0,0,0,0,0,0,0,0,0,0,0,0.0,0.0,0.0,0.0,,
20200201,20200229,7672416,花生活鲜花（花样年华）,鲜花组,广东省,中山,否,20190828,在线,0.0,0.0,1770,5,0,0,0.28,0,0,0,0.00,0.00,0.00,0,0,0,0,0,0,0,0,0,0,0,0,0,0,0,0,0,0,0.0,0.0,0.0,0.0,,
20200201,20200229,7672419,花生活鲜花（幸福の花）,鲜花组,陕西省,西安,否,20190903,在线,3.0,3.4,2731,30,1,1,1.1,3.33,1,1,258.00,105.00,192.00,0,0,0,0,0,0,0,0,0,1,0,0,1,1,100,0,0,0,0.0,0.0,0.0,0.0,,
20200201,20200229,7672420,花生活鲜花（义乌鲜花婚庆）,鲜花组,浙江省,金华,否,20190827,在线,23.0,23.3,21585,634,21,12,2.94,3.31,17,13,4744.00,2447.00,2804.00,3,3,0,0,0,0,0,0,0,16,0,0,12,11,91.67,2,0,0,0.0,0.0,0.0,0.0,,
20200201,20200229,7672499,花生活鲜花（绿之源花卉园艺）,鲜花组,湖北省,黄冈,否,20190902,在线,0.0,0.0,10933,80,0,0,0.73,0,0,0,0.00,0.00,0.00,0,0,0,0,0,0,0,0,0,0,0,0,0,0,0,0,0,0,0.0,0.0,0.0,0.0,,
20200201,20200229,7682068,花生活鲜花（唯爱花店南宁店）,鲜花组,广西壮族自治区,南宁,否,20190827,在线,16.0,16.1,7262,132,7,4,1.82,5.3,6,4,1176.00,785.00,547.00,2,2,0,0,0,0,0,0,0,5,0,0,2,1,50,0,0,0,0.0,0.0,0.0,0.0,,
20200201,20200229,7690567,花生活鲜花（温馨花店）,鲜花组,重庆市,重庆,否,20190916,在线,0.0,0.0,4305,18,0,0,0.42,0,0,0,0.00,0.00,0.00,0,0,0,0,0,0,0,0,0,0,0,0,0,0,0,0,0,0,0.0,0.0,0.0,0.0,,
20200201,20200229,7743128,花生活鲜花（流星花园）,鲜花组,贵州省,贵阳,否,20190905,在线,13.0,12.9,5591,128,4,4,2.29,3.13,4,4,1530.00,693.00,988.00,0,0,0,0,0,0,0,0,0,6,0,0,2,2,100,0,0,0,0.0,0.0,0.0,0.0,,
20200201,20200229,7743129,花生活鲜花（土土花店婚庆）,鲜花组,浙江省,绍兴,否,20190904,在线,23.0,23.2,4663,121,0,0,2.59,0,0,0,0.00,0.00,0.00,0,0,0,0,0,0,0,0,0,0,0,0,2,1,50,1,0,0,0.0,0.0,0.0,0.0,,
20200201,20200229,7743130,花生活鲜花（静静花艺凤凰北街店）,鲜花组,宁夏回族自治区,银川,否,20190905,在线,10.0,10.4,8769,70,1,0,0.8,1.43,1,0,0.00,0.00,0.00,1,0,1,0,0,0,0,0,0,0,0,0,0,0,0,0,0,0,0.0,0.0,0.0,0.0,,
20200201,20200229,7743133,花生活鲜花（浪漫花语）,鲜花组,江西省,赣州,否,20190904,在线,11.0,11.0,7886,315,19,13,3.99,6.03,19,17,5616.02,2693.02,3586.00,0,0,0,0,0,0,0,0,0,19,0,0,11,10,90.91,7,0,0,2.9,2.9,2.9,0.0,,
20200201,20200229,7785891,花生活鲜花（宋庄花店）,鲜花组,北京市,北京,否,20190918,在线,0.0,0.0,3474,14,0,0,0.4,0,0,0,0.00,0.00,0.00,0,0,0,0,0,0,0,0,0,0,0,0,0,0,0,0,0,0,0.0,0.0,0.0,0.0,,
20200201,20200229,7785893,花生活鲜花（百缘鲜花坊）,鲜花组,福建省,泉州,否,20190918,在线,24.0,24.0,7699,103,1,0,1.34,0.97,1,0,0.00,0.00,0.00,0,0,0,0,0,0,0,0,0,1,0,0,0,0,0,0,0,0,0.0,0.0,0.0,0.0,,
20200201,20200229,7785894,花生活鲜花（媛媛花艺工作室）,鲜花组,贵州省,贵阳,否,20190911,在线,0.0,0.0,893,3,0,0,0.34,0,0,0,0.00,0.00,0.00,0,0,0,0,0,0,0,0,0,0,0,0,0,0,0,0,0,0,0.0,0.0,0.0,0.0,,
20200201,20200229,7785895,花生活鲜花（心愿屋鲜花店）,鲜花组,贵州省,贵阳,否,20190912,在线,12.0,12.4,12312,158,6,4,1.28,3.8,7,4,1605.00,778.00,983.00,2,0,2,0,0,0,0,0,0,7,0,0,8,5,62.5,3,0,0,0.0,0.0,0.0,0.0,,
20200201,20200229,7785896,花生活鲜花（湘湘鲜花蛋糕）,鲜花组,山东省,淄博,否,20190910,在线,17.0,17.1,21958,272,1,1,1.24,0.37,1,1,620.00,266.00,393.00,0,0,0,0,0,0,0,0,0,1,0,0,3,1,33.33,0,0,0,0.0,0.0,0.0,0.0,,
20200201,20200229,7785967,花生活鲜花（芸花坊）,鲜花组,辽宁省,抚顺,否,20190912,在线,23.0,23.2,39752,609,19,10,1.53,3.12,24,23,4315.00,2059.00,2800.00,0,0,0,0,0,0,0,1,0,23,0,0,6,5,83.33,5,0,0,3.4,3.4,3.4,0.0,,
20200201,20200229,7907142,花生活鲜花（馨悦花店）,鲜花组,上海市,上海,否,20191205,在线,23.0,23.7,5366,82,5,5,1.53,6.1,6,5,1486.00,718.00,963.00,0,0,0,0,0,0,0,0,0,7,0,0,2,1,50,1,0,0,0.0,0.0,0.0,0.0,,
20200201,20200229,7907143,花生活鲜花（花仙子鲜花店）,鲜花组,湖北省,鄂州,否,20191107,在线,3.0,3.1,25005,318,1,0,1.27,0.31,1,0,0.00,0.00,0.00,0,0,0,0,0,0,0,0,0,0,0,0,5,4,80,0,0,0,0.0,0.0,0.0,0.0,,
20200201,20200229,7907144,花生活鲜花（千卉阁花艺）,鲜花组,贵州省,贵阳,否,20191205,在线,13.0,13.1,4901,76,0,0,1.55,0,0,0,0.00,0.00,0.00,0,0,0,0,0,0,0,0,0,0,0,0,0,0,0,0,0,0,0.0,0.0,0.0,0.0,,
20200201,20200229,7934066,花生活鲜花（艾米拉花店）,鲜花组,四川省,泸州,否,20191126,在线,21.0,21.4,6898,51,0,0,0.74,0,0,0,0.00,0.00,0.00,0,0,0,0,0,0,0,0,0,0,0,0,0,0,0,0,0,0,0.0,0.0,0.0,0.0,,
20200201,20200229,7934067,花生活鲜花（浪漫花都）,鲜花组,山西省,运城,否,20191123,在线,0.0,0.0,589,5,0,0,0.85,0,0,0,0.00,0.00,0.00,0,0,0,0,0,0,0,0,0,0,0,0,0,0,0,0,0,0,0.0,0.0,0.0,0.0,,
20200201,20200229,7934071,花生活鲜花（花艺学院）,鲜花组,福建省,厦门,否,20191205,在线,0.0,0.0,279,0,0,0,0,0,0,0,0.00,0.00,0.00,0,0,0,0,0,0,0,0,0,0,0,0,0,0,0,0,0,0,0.0,0.0,0.0,0.0,,
20200201,20200229,7934075,花生活鲜花（红玫瑰鲜花婚庆）,鲜花组,陕西省,榆林,否,20191210,在线,19.0,19.2,26024,490,19,11,1.88,3.88,19,13,5044.00,2920.00,2631.00,3,0,3,0,0,0,0,0,0,15,0,0,15,9,60,1,0,0,0.0,0.0,0.0,0.0,,
20200201,20200229,7934077,花生活鲜花（夜来香鲜花）,鲜花组,北京市,北京,否,20191123,在线,23.0,23.7,52378,1213,73,45,2.32,6.02,75,49,16820.00,9454.00,9234.00,18,16,1,0,1,0,0,0,0,58,0,0,38,35,92.11,14,0,0,3.3,3.3,3.3,0.0,,
20200201,20200229,7934078,花生活鲜花（情缘鲜花店榆林店）,鲜花组,陕西省,榆林,否,20191209,在线,18.0,18.5,24813,544,18,8,2.19,3.31,15,8,3385.00,1476.00,2221.00,4,4,0,0,0,0,0,0,0,14,0,0,15,12,80,4,0,0,0.0,0.0,0.0,0.0,,
20200201,20200229,7994663,花生活鲜花（爱轩花艺）,鲜花组,浙江省,温州,否,20191203,在线,17.0,17.8,20691,221,8,7,1.07,3.62,8,5,1449.00,1128.00,808.00,0,0,0,0,0,0,0,0,0,12,0,0,5,3,60,1,0,0,0.0,0.0,0.0,0.0,,
20200201,20200229,7994665,花生活鲜花（项诚花艺）,鲜花组,福建省,泉州,否,20191211,在线,6.0,6.2,165,5,0,0,3.03,0,0,0,0.00,0.00,0.00,0,0,0,0,0,0,0,0,0,0,0,0,0,0,0,0,0,0,0.0,0.0,0.0,0.0,,
20200201,20200229,7994666,花生活鲜花（遇见花艺鲜花店）,鲜花组,上海市,上海,否,20191206,在线,0.0,0.0,775,1,0,0,0.13,0,0,0,0.00,0.00,0.00,0,0,0,0,0,0,0,0,0,0,0,0,0,0,0,0,0,0,0.0,0.0,0.0,0.0,,
20200201,20200229,7994668,花生活鲜花（彩・鲜花）,鲜花组,贵州省,贵阳,否,20191123,在线,10.0,10.8,4543,24,0,0,0.53,0,0,0,0.00,0.00,0.00,0,0,0,0,0,0,0,0,0,0,0,0,0,0,0,0,0,0,0.0,0.0,0.0,0.0,,
20200201,20200229,7994670,花生活鲜花（机缘花艺）,鲜花组,上海市,上海,否,20191209,在线,0.0,0.0,1599,10,0,0,0.63,0,0,0,0.00,0.00,0.00,0,0,0,0,0,0,0,0,0,0,0,0,0,0,0,0,0,0,0.0,0.0,0.0,0.0,,
20200201,20200229,7994671,花生活鲜花（爱花坊鲜花店）,鲜花组,浙江省,温州,否,20191208,在线,17.0,17.5,24258,409,5,3,1.69,1.22,6,4,1241.00,754.00,643.00,1,0,1,0,0,0,0,0,0,4,0,0,10,5,50,2,0,0,0.0,0.0,0.0,0.0,,
20200201,20200229,7994673,花生活鲜花（禾木鲜花店）,鲜花组,天津市,天津,否,20191205,在线,23.0,23.0,55132,726,16,16,1.32,2.2,16,16,7035.00,3716.00,3927.00,0,0,0,0,0,0,0,0,0,16,0,0,19,18,94.74,9,0,0,0.0,0.0,0.0,0.0,,
20200201,20200229,7994675,花生活鲜花（爱花居鲜花店）,鲜花组,贵州省,贵阳,否,20191207,在线,0.0,0.0,937,2,0,0,0.21,0,0,0,0.00,0.00,0.00,0,0,0,0,0,0,0,0,0,0,0,0,0,0,0,0,0,0,0.0,0.0,0.0,0.0,,
20200201,20200229,8068587,花生活鲜花（花轩子鲜花店）,鲜花组,贵州省,毕节,否,20191205,在线,12.0,12.9,27031,459,3,1,1.7,0.65,3,1,470.00,185.00,324.00,1,0,1,0,0,0,0,0,0,2,0,0,2,1,50,0,0,0,0.0,0.0,0.0,0.0,,
20200201,20200229,8070349,花生活鲜花（花瓣雨鲜花总汇）,鲜花组,湖北省,仙桃,否,20191126,在线,4.0,4.7,13208,95,0,0,0.72,0,0,0,0.00,0.00,0.00,0,0,0,0,0,0,0,0,0,0,0,0,0,0,0,0,0,0,0.0,0.0,0.0,0.0,,
20200201,20200229,8071981,花生活鲜花（红豆情鲜花）,鲜花组,北京市,北京,否,20191224,在线,12.0,12.2,19943,781,22,15,3.92,2.82,24,16,4574.02,3042.02,2063.00,3,0,3,0,0,0,0,0,0,19,0,0,17,15,88.24,7,0,0,0.0,0.0,0.0,0.0,,
20200201,20200229,8089012,花生活鲜花（三爷花店）,鲜花组,内蒙古自治区,乌海,否,20191126,在线,13.0,13.4,17895,590,25,18,3.3,4.24,25,19,3945.02,1656.02,2796.00,3,3,0,0,0,0,0,0,0,22,0,0,12,8,66.67,1,0,0,1.6,1.6,1.6,0.0,,
20200201,20200229,8094433,花生活鲜花（清湘花坊）,鲜花组,新疆维吾尔自治区,乌鲁木齐,否,20191204,在线,21.0,21.6,57146,3810,110,62,6.67,2.89,110,62,23947.00,17754.00,8562.00,33,25,6,0,2,0,0,0,0,76,0,0,128,114,89.06,28,0,0,0.0,0.0,0.0,0.0,,
20200201,20200229,8094434,花生活鲜花（浩美鲜花礼品）,鲜花组,山西省,吕梁,否,20191123,在线,4.0,4.7,2416,16,0,0,0.66,0,0,0,0.00,0.00,0.00,0,0,0,0,0,0,0,0,0,0,0,0,0,0,0,0,0,0,0.0,0.0,0.0,0.0,,
20200201,20200229,8197675,蔚然花坊,鲜花组,江苏省,南通,否,20191218,在线,14.0,14.9,63817,1084,5,2,1.7,0.46,5,2,1023.00,826.00,197.00,0,0,0,0,0,0,0,1,0,5,0,0,0,0,0,0,0,1,0.0,0.0,0.0,0.0,,
20200201,20200229,8207107,花生活鲜花（花叙鲜花店）,鲜花组,江西省,宜春,否,20191219,在线,10.0,10.7,13461,206,2,1,1.53,0.97,2,1,688.00,635.00,92.00,0,0,0,0,0,0,0,0,0,2,0,0,1,1,100,1,0,0,0.0,0.0,0.0,0.0,,
20200201,20200229,8207108,花生活鲜花（艺尚鲜花）,鲜花组,江苏省,无锡,否,20191126,在线,13.0,13.2,7639,57,1,0,0.75,1.75,1,1,320.00,108.00,251.00,0,0,0,0,0,0,0,0,0,1,0,0,0,0,0,0,0,0,0.0,0.0,0.0,0.0,,
20200201,20200229,8207110,花生活鲜花（花前悦夏鲜花店）,鲜花组,贵州省,毕节,否,20200109,在线,4.0,4.4,1184,6,0,0,0.51,0,0,0,0.00,0.00,0.00,0,0,0,0,0,0,0,0,0,0,0,0,0,0,0,0,0,0,0.0,0.0,0.0,0.0,,
20200201,20200229,8207111,花生活鲜花（有家花店）,鲜花组,贵州省,遵义,否,20191129,在线,0.0,0.0,919,7,0,0,0.76,0,0,0,0.00,0.00,0.00,0,0,0,0,0,0,0,0,0,0,0,0,0,0,0,0,0,0,0.0,0.0,0.0,0.0,,
20200201,20200229,8207112,花生活鲜花（书悦花卉）,鲜花组,浙江省,宁波,否,20191220,在线,24.0,24.0,11249,254,17,10,2.26,6.69,14,10,3938.00,2601.00,1727.00,0,0,0,0,0,0,0,0,0,12,0,0,7,7,100,0,1,0,0.0,0.0,0.0,0.0,,
20200201,20200229,8207114,花生活鲜花（初吻花坊）,鲜花组,贵州省,遵义,否,20200119,在线,2.0,2.9,8521,34,0,0,0.4,0,0,0,0.00,0.00,0.00,0,0,0,0,0,0,0,0,0,0,0,0,0,0,0,0,0,0,0.0,0.0,0.0,0.0,,
20200201,20200229,8207115,花生活鲜花（暖花艺鲜花店）,鲜花组,山东省,德州,否,20191219,在线,4.0,4.5,1886,14,0,0,0.74,0,0,0,0.00,0.00,0.00,0,0,0,0,0,0,0,0,0,0,0,0,0,0,0,0,0,0,0.0,0.0,0.0,0.0,,
20200201,20200229,8207118,花生活鲜花（花开半夏鲜花店）,鲜花组,陕西省,宝鸡,否,20191220,在线,6.0,6.0,4345,48,0,0,1.1,0,0,0,0.00,0.00,0.00,0,0,0,0,0,0,0,0,0,0,0,0,0,0,0,0,0,0,0.0,0.0,0.0,0.0,,
20200201,20200229,8207119,花生活鲜花（温馨花屋鲜花店）,鲜花组,江西省,新余,否,20191220,在线,4.0,4.7,4527,44,0,0,0.97,0,0,0,0.00,0.00,0.00,0,0,0,0,0,0,0,0,0,0,0,0,0,0,0,0,0,0,0.0,0.0,0.0,0.0,,
20200201,20200229,8207120,花生活鲜花（馨之园鲜花店）,鲜花组,云南省,昆明,否,20191126,在线,0.0,0.0,1698,4,0,0,0.24,0,0,0,0.00,0.00,0.00,0,0,0,0,0,0,0,0,0,0,0,0,0,0,0,0,0,0,0.0,0.0,0.0,0.0,,
20200201,20200229,8222414,花生活鲜花（如意花坊贵阳店）,鲜花组,贵州省,贵阳,否,20191129,在线,0.0,0.0,90,1,0,0,1.11,0,0,0,0.00,0.00,0.00,0,0,0,0,0,0,0,0,0,0,0,0,0,0,0,0,0,0,0.0,0.0,0.0,0.0,,
20200201,20200229,8226888,花生活鲜花（锦绣花艺坊）,鲜花组,贵州省,毕节,否,20191220,在线,24.0,24.0,7761,105,0,0,1.35,0,0,0,0.00,0.00,0.00,0,0,0,0,0,0,0,0,0,0,0,0,1,1,100,1,0,0,0.0,0.0,0.0,0.0,,
20200201,20200229,8250903,花生活鲜花（花之韵鲜花店）,鲜花组,河南省,新乡,否,20191205,在线,0.0,0.0,7738,104,0,0,1.34,0,0,0,0.00,0.00,0.00,0,0,0,0,0,0,0,0,0,0,0,0,0,0,0,0,0,0,0.0,0.0,0.0,0.0,,
20200201,20200229,8250905,花生活鲜花（FLOWER鲜花）,鲜花组,山东省,济宁,否,20191224,在线,4.0,4.7,1814,28,0,0,1.54,0,0,0,0.00,0.00,0.00,0,0,0,0,0,0,0,0,0,0,0,0,0,0,0,0,0,0,0.0,0.0,0.0,0.0,,
20200201,20200229,8250906,花生活鲜花（薇花坊鲜花店）,鲜花组,天津市,天津,否,20191205,在线,4.0,4.7,3156,9,0,0,0.29,0,0,0,0.00,0.00,0.00,0,0,0,0,0,0,0,0,0,0,0,0,0,0,0,0,0,0,0.0,0.0,0.0,0.0,,
20200201,20200229,8250907,花生活鲜花（恋恋繁花鲜花店）,鲜花组,天津市,天津,否,20191205,在线,4.0,4.7,3242,11,1,0,0.34,9.09,1,0,0.00,0.00,0.00,1,1,0,0,0,0,0,0,0,0,0,0,0,0,0,0,0,0,0.0,0.0,0.0,0.0,,
20200201,20200229,8253592,花生活鲜花（雅鲜花店）,鲜花组,上海市,上海,否,20191205,在线,8.0,8.5,2800,72,7,3,2.57,9.72,7,2,715.00,566.00,492.00,4,0,3,0,0,1,0,0,0,3,0,0,2,2,100,0,0,0,0.0,0.0,0.0,0.0,,
20200201,20200229,8253593,花生活鲜花（花语鲜花坊花店）,鲜花组,天津市,天津,否,20191205,在线,24.0,24.0,13644,335,5,4,2.46,1.49,4,4,981.00,505.00,627.00,0,0,0,0,0,0,0,0,0,4,0,0,7,7,100,3,0,0,0.0,0.0,0.0,0.0,,
20200201,20200229,8258610,花生活鲜花（尚艺空间花艺）,鲜花组,云南省,昆明,否,20191205,在线,5.0,5.8,2342,8,0,0,0.34,0,0,0,0.00,0.00,0.00,0,0,0,0,0,0,0,0,0,0,0,0,0,0,0,0,0,0,0.0,0.0,0.0,0.0,,
20200201,20200229,8258611,花生活鲜花（旺达鲜花店）,鲜花组,广东省,中山,否,20191224,在线,5.0,5.8,2201,31,2,2,1.41,6.45,2,2,517.00,185.00,371.00,0,0,0,0,0,0,0,0,0,2,0,0,0,0,0,0,0,0,0.0,0.0,0.0,0.0,,
20200201,20200229,8258612,初心花坊,鲜花组,山东省,菏泽,否,20191206,在线,0.0,0.0,2546,12,0,0,0.47,0,0,0,0.00,0.00,0.00,0,0,0,0,0,0,0,0,0,0,0,0,0,0,0,0,0,0,0.0,0.0,0.0,0.0,,
20200201,20200229,8258613,花生活鲜花（花花世界太仓店）,鲜花组,江苏省,苏州,否,20191218,在线,0.0,0.0,120,0,0,0,0,0,0,0,0.00,0.00,0.00,0,0,0,0,0,0,0,0,0,0,0,0,0,0,0,0,0,0,0.0,0.0,0.0,0.0,,
20200201,20200229,8278261,花生活鲜花（一品花艺）,鲜花组,宁夏回族自治区,银川,否,20191205,在线,18.0,18.7,21731,476,28,22,2.19,5.88,25,24,7697.00,3473.00,5152.00,0,0,0,0,0,0,0,0,0,25,0,0,11,10,90.91,2,1,0,1.6,1.6,1.6,0.0,,
20200201,20200229,8278262,花生活鲜花（拾秋花店）,鲜花组,安徽省,合肥,否,20191205,在线,18.0,18.6,5043,71,0,0,1.41,0,0,0,0.00,0.00,0.00,0,0,0,0,0,0,0,0,0,0,0,0,2,2,100,0,0,0,0.0,0.0,0.0,0.0,,
20200201,20200229,8278267,花生活鲜花（时光对白花店）,鲜花组,河南省,周口,否,20191207,在线,9.0,9.0,19374,648,7,4,3.34,1.08,5,4,1418.00,570.00,1004.00,0,0,0,0,0,0,0,0,0,4,0,0,6,5,83.33,3,0,0,0.0,0.0,0.0,0.0,,
20200201,20200229,8278268,花生活鲜花（慧宇花屋）,鲜花组,天津市,天津,否,20200120,在线,1.0,1.1,1092,5,1,1,0.46,20,1,1,320.00,118.00,202.00,0,0,0,0,0,0,0,0,0,1,0,0,0,0,0,0,1,0,0.0,0.0,0.0,0.0,,
20200201,20200229,8278275,花生活鲜花（一间花店）,鲜花组,福建省,厦门,否,20191205,在线,0.0,0.0,545,11,0,0,2.02,0,0,0,0.00,0.00,0.00,0,0,0,0,0,0,0,0,0,0,0,0,0,0,0,0,0,0,0.0,0.0,0.0,0.0,,
20200201,20200229,8278322,花生活鲜花（岭铖花坊）,鲜花组,吉林省,四平,否,20191206,在线,7.0,7.2,7897,287,8,3,3.63,2.79,10,3,1310.00,578.00,849.00,7,7,0,0,0,0,0,0,0,4,0,0,6,6,100,6,0,0,0.0,0.0,0.0,0.0,,
20200201,20200229,8278323,花生活鲜花（莉莉鲜花店）,鲜花组,新疆维吾尔自治区,克孜勒苏柯尔克孜自治州,否,20191220,在线,6.0,6.1,5438,524,9,6,9.64,1.72,7,6,2033.00,1011.00,1212.00,1,1,0,0,0,0,0,0,0,6,0,0,11,10,90.91,1,1,0,0.0,0.0,0.0,0.0,,
20200201,20200229,8278324,花生活鲜花（翊渡花舍鲜花店）,鲜花组,湖北省,武汉,否,20191206,在线,4.0,4.7,3778,13,0,0,0.34,0,0,0,0.00,0.00,0.00,0,0,0,0,0,0,0,0,0,0,0,0,0,0,0,0,0,0,0.0,0.0,0.0,0.0,,
20200201,20200229,8278326,花生活鲜花（知心花卉）,鲜花组,安徽省,芜湖,否,20191220,在线,4.0,4.7,6919,48,0,0,0.69,0,0,0,0.00,0.00,0.00,0,0,0,0,0,0,0,0,0,0,0,0,0,0,0,0,0,0,0.0,0.0,0.0,0.0,,
20200201,20200229,8278376,花生活鲜花（冬平花屋）,鲜花组,浙江省,宁波,否,20191219,在线,3.0,3.3,1001,15,0,0,1.5,0,0,0,0.00,0.00,0.00,0,0,0,0,0,0,0,0,0,0,0,0,0,0,0,0,0,0,0.0,0.0,0.0,0.0,,
20200201,20200229,8278380,花生活鲜花（罗曼蒂克花艺婚庆）,鲜花组,山东省,烟台,否,20200114,在线,2.0,2.2,5988,53,1,0,0.89,1.89,0,0,0.00,0.00,0.00,0,0,0,0,0,0,0,0,0,0,0,0,3,2,66.67,1,0,0,0.0,0.0,0.0,0.0,,
20200201,20200229,8278384,花生活鲜花（美俪汇花艺）,鲜花组,重庆市,重庆,否,20191220,在线,4.0,4.7,443,35,0,0,7.9,0,0,0,0.00,0.00,0.00,0,0,0,0,0,0,0,0,0,0,0,0,0,0,0,0,0,0,0.0,0.0,0.0,0.0,,
20200201,20200229,8278455,花生活鲜花（启美花卉）,鲜花组,云南省,昆明,否,20191220,在线,0.0,0.0,1577,3,0,0,0.19,0,0,0,0.00,0.00,0.00,0,0,0,0,0,0,0,0,0,0,0,0,0,0,0,0,0,0,0.0,0.0,0.0,0.0,,
20200201,20200229,8278456,花生活鲜花（知忆花舍）,鲜花组,山东省,淄博,否,20191211,在线,24.0,24.0,9179,75,0,0,0.82,0,0,0,0.00,0.00,0.00,0,0,0,0,0,0,0,0,0,0,0,0,1,0,0,0,0,0,0.0,0.0,0.0,0.0,,
20200201,20200229,8278457,花生活鲜花（花痴花坊）,鲜花组,上海市,上海,否,20191209,在线,6.0,6.4,2834,52,6,2,1.83,11.54,6,2,613.00,296.00,390.00,1,0,1,0,0,0,0,0,0,3,0,0,5,4,80,1,0,0,0.0,0.0,0.0,0.0,,
20200201,20200229,8278459,花生活鲜花（蝶恋花花店）,鲜花组,江苏省,南通,否,20191206,在线,11.0,11.9,16051,945,55,41,5.89,5.82,60,41,14190.00,8509.00,7257.00,13,13,0,0,0,0,0,0,0,55,0,0,45,40,88.89,12,1,0,2.2,2.2,2.1,0.0,,
20200201,20200229,8278460,花生活鲜花（乐陵鲜花店）,鲜花组,山东省,德州,否,20191206,在线,4.0,4.7,12187,745,4,4,6.11,0.54,4,4,1004.00,551.00,609.00,0,0,0,0,0,0,0,0,0,4,0,0,0,0,0,0,0,0,0.0,0.0,0.0,0.0,,
20200201,20200229,8280405,花生活鲜花（臻挚花艺馆）,鲜花组,河北省,廊坊,否,20191213,在线,20.0,20.2,11898,134,2,2,1.13,1.49,2,2,638.00,312.00,404.00,0,0,0,0,0,0,0,0,0,2,0,0,2,2,100,0,0,0,0.0,0.0,0.0,0.0,,
20200201,20200229,8280460,花生活鲜花（遇见花坊）,鲜花组,云南省,昆明,否,20191206,在线,0.0,0.0,515,2,0,0,0.39,0,0,0,0.00,0.00,0.00,0,0,0,0,0,0,0,0,0,0,0,0,0,0,0,0,0,0,0.0,0.0,0.0,0.0,,
20200201,20200229,8284382,花生活鲜花（胡子花艺）,鲜花组,云南省,昆明,否,20191209,在线,16.0,16.5,18897,1423,60,46,7.53,4.22,66,48,17012.00,8635.00,10205.00,3,0,2,0,1,0,0,1,0,57,0,0,39,34,87.18,6,0,0,0.3,0.3,0.3,0.0,,
20200201,20200229,8284386,花生活鲜花（花界花店）,鲜花组,广西壮族自治区,贺州,否,20191219,在线,8.0,8.5,18525,789,29,23,4.26,3.68,28,26,7342.00,4306.00,3889.00,1,0,1,0,0,0,0,0,0,31,0,0,18,18,100,15,0,0,2.2,2.2,2.2,0.0,,
20200201,20200229,8357579,花生活鲜花（花心思鲜花店北海店）,鲜花组,广西壮族自治区,北海,否,20191220,在线,0.0,0.0,383,3,0,0,0.78,0,0,0,0.00,0.00,0.00,0,0,0,0,0,0,0,0,0,0,0,0,0,0,0,0,0,0,0.0,0.0,0.0,0.0,,
20200201,20200229,8357582,花生活鲜花（遇见BEAUTY）,鲜花组,山东省,菏泽,否,20191219,在线,12.0,12.0,31262,1706,99,87,5.46,5.8,107,104,32535.00,16706.00,19623.00,1,1,0,0,0,0,0,0,0,111,0,0,67,61,91.04,38,0,1,5.0,5.0,5.0,0.0,,
20200201,20200229,8357588,花生活鲜花（艺朵花艺）,鲜花组,浙江省,嘉兴,否,20191220,在线,8.0,8.7,1724,37,1,0,2.15,2.7,1,0,0.00,0.00,0.00,1,1,0,0,0,0,0,0,0,0,0,0,0,0,0,0,0,0,0.0,0.0,0.0,0.0,,
20200201,20200229,8357592,花生活鲜花（花心思花艺贵阳店）,鲜花组,贵州省,贵阳,否,20191220,在线,7.0,7.1,3410,52,6,1,1.52,11.54,6,4,776.00,264.00,590.00,1,0,1,0,0,0,0,0,0,5,0,0,0,0,0,0,0,0,0.2,0.2,0.2,0.0,,
20200201,20200229,8357593,花生活鲜花（花源花卉）,鲜花组,云南省,昆明,否,20191220,在线,13.0,13.9,5197,79,4,4,1.52,5.06,4,4,1168.00,690.00,629.00,0,0,0,0,0,0,0,0,0,5,0,0,4,4,100,2,0,0,0.0,0.0,0.0,0.0,,
20200201,20200229,8358888,花生活鲜花（圣格花艺）,鲜花组,辽宁省,沈阳,否,20191220,在线,4.0,4.7,342,2,0,0,0.58,0,0,0,0.00,0.00,0.00,0,0,0,0,0,0,0,0,0,0,0,0,0,0,0,0,0,0,0.0,0.0,0.0,0.0,,
20200201,20200229,8364413,花生活鲜花（水仙百合居）,鲜花组,广西壮族自治区,柳州,否,20191227,在线,9.0,9.6,6560,58,1,1,0.88,1.72,1,1,245.00,100.00,179.00,0,0,0,0,0,0,0,0,0,1,0,0,1,1,100,1,0,0,0.0,0.0,0.0,0.0,,
20200201,20200229,8364414,花生活鲜花（花艺坊聊城店）,鲜花组,山东省,聊城,否,20191226,在线,5.0,6.0,10169,113,1,0,1.11,0.88,1,0,0.00,0.00,0.00,0,0,0,0,0,0,0,0,0,1,0,0,0,0,0,0,0,0,0.0,0.0,0.0,0.0,,
20200201,20200229,8364416,花生活鲜花（美之缘鲜花店）,鲜花组,山东省,临沂,否,20200115,在线,19.0,19.9,16173,172,1,1,1.06,0.58,1,1,170.00,60.00,144.00,0,0,0,0,0,0,0,0,0,1,0,0,5,3,60,1,0,0,0.0,0.0,0.0,0.0,,
20200201,20200229,8364417,花生活鲜花（花恋社花艺）,鲜花组,江苏省,南京,否,20191227,在线,8.0,8.0,3843,24,2,0,0.62,8.33,2,0,0.00,0.00,0.00,1,1,0,0,0,0,0,0,0,0,0,0,1,1,100,0,0,0,0.0,0.0,0.0,0.0,,
20200201,20200229,8435950,花生活鲜花（玫瑰之约）,鲜花组,江苏省,徐州,否,20200110,在线,2.0,2.9,976,10,0,0,1.02,0,0,0,0.00,0.00,0.00,0,0,0,0,0,0,0,0,0,0,0,0,0,0,0,0,0,0,0.0,0.0,0.0,0.0,,
20200201,20200229,8435952,花生活鲜花（重庆四季花坊）,鲜花组,重庆市,重庆,否,20200110,在线,3.0,3.4,6059,296,41,30,4.89,13.85,44,28,9327.00,4789.00,5962.00,3,1,2,0,0,0,0,0,0,37,0,0,21,20,95.24,13,0,0,2.5,2.5,2.6,0.0,,
20200201,20200229,8435955,花生活鲜花（花之都鲜花批发行）,鲜花组,江苏省,徐州,否,20200109,在线,17.0,17.7,32191,332,0,0,1.03,0,0,0,0.00,0.00,0.00,0,0,0,0,0,0,0,0,0,0,0,0,1,1,100,1,0,0,0.0,0.0,0.0,0.0,,
20200201,20200229,8435957,花生活鲜花（花之恋鲜花店）,鲜花组,河北省,唐山,否,20200108,在线,18.0,18.9,28252,1260,16,15,4.46,1.27,15,15,5519.00,3435.00,2669.00,0,0,0,0,0,0,0,0,0,18,0,0,14,13,92.86,9,0,0,1.7,1.7,1.7,0.0,,
20200201,20200229,8435958,花生活鲜花（浪漫花都）,鲜花组,贵州省,遵义,否,20200109,在线,13.0,13.4,23391,933,23,17,3.99,2.47,22,18,5686.00,2651.00,3659.00,1,1,0,0,0,0,0,0,0,22,0,0,16,16,100,9,0,0,0.6,0.6,0.7,0.0,,
20200201,20200229,8435959,花生活鲜花（玫瑰花坊）,鲜花组,山东省,菏泽,否,20200108,在线,19.0,19.1,20488,774,17,14,3.78,2.2,15,14,4797.00,2221.00,3117.00,1,1,0,0,0,0,0,0,0,15,0,0,13,11,84.62,5,0,0,0.0,0.0,0.0,0.0,,
20200201,20200229,8435960,花生活鲜花（米莱婚礼鲜花店）,鲜花组,四川省,广元,否,20200112,在线,0.0,0.0,1291,16,0,0,1.24,0,0,0,0.00,0.00,0.00,0,0,0,0,0,0,0,0,0,0,0,0,0,0,0,0,0,0,0.0,0.0,0.0,0.0,,
20200201,20200229,8435961,花生活鲜花（花非花艺鲜花店）,鲜花组,安徽省,六安,否,20200108,在线,5.0,5.3,3118,46,7,3,1.48,15.22,6,6,1122.00,476.00,880.00,0,0,0,0,0,0,0,0,0,6,0,0,2,2,100,0,0,0,2.8,2.8,2.8,0.0,,
20200201,20200229,8435962,花生活鲜花（FlowerLife）,鲜花组,江苏省,南通,否,20200117,在线,9.0,9.0,7290,88,0,0,1.21,0,0,0,0.00,0.00,0.00,0,0,0,0,0,0,0,0,0,0,0,0,0,0,0,0,0,0,0.0,0.0,0.0,0.0,,
20200201,20200229,8437924,卡斯曼鲜花店(衡阳先峰路店）,鲜花组,湖南省,衡阳,否,20200110,在线,14.0,14.2,10458,336,12,10,3.21,3.57,13,10,3041.00,1534.00,1858.00,2,2,0,0,0,0,0,0,0,14,0,0,5,4,80,4,0,0,0.0,0.0,0.0,0.0,,
20200201,20200229,8437925,花生活鲜花（花间密码鲜花店）,鲜花组,湖南省,张家界,否,20200109,在线,0.0,0.0,9049,166,0,0,1.83,0,0,0,0.00,0.00,0.00,0,0,0,0,0,0,0,0,0,0,0,0,0,0,0,0,0,0,0.0,0.0,0.0,0.0,,
20200201,20200229,8437926,花生活鲜花（金鳞花坊）,鲜花组,江苏省,苏州,否,20200109,在线,11.0,11.6,5036,37,1,0,0.73,2.7,1,0,0.00,0.00,0.00,1,1,0,0,0,0,0,0,0,0,0,0,0,0,0,0,0,0,0.0,0.0,0.0,0.0,,
20200201,20200229,8437927,花生活鲜花（倾城花坊）,鲜花组,湖北省,仙桃,否,20200109,在线,2.0,2.9,8075,41,0,0,0.51,0,0,0,0.00,0.00,0.00,0,0,0,0,0,0,0,0,0,0,0,0,0,0,0,0,0,0,0.0,0.0,0.0,0.0,,
20200201,20200229,8442887,花之缘鲜花屋,鲜花组,云南省,昆明,否,20200120,在线,3.0,3.3,1485,8,0,0,0.54,0,0,0,0.00,0.00,0.00,0,0,0,0,0,0,0,0,0,0,0,0,0,0,0,0,0,0,0.0,0.0,0.0,0.0,,
20200201,20200229,8462158,花生活鲜花（鲜花花之语气球DIY）,鲜花组,山东省,济宁,否,20200208,在线,4.0,4.3,22159,453,17,11,2.04,3.75,17,11,4396.00,2164.00,2661.00,5,5,0,0,0,0,0,0,0,15,0,0,9,5,55.56,0,0,1,0.0,0.0,0.0,0.0,,
20200201,20200229,8471191,幸福里花艺,鲜花组,江苏省,苏州,否,20200211,在线,1.0,2.1,1898,47,2,0,2.48,4.26,1,0,0.00,0.00,0.00,1,0,1,0,0,0,0,0,0,0,0,0,3,2,66.67,0,0,0,0.0,0.0,0.0,0.0,,
20200201,20200229,8471192,花生活鲜花（尘世花浓鲜花店）,鲜花组,贵州省,贵阳,否,20200211,在线,21.0,22.2,9669,95,1,1,0.98,1.05,1,1,120.00,120.00,0.00,0,0,0,0,0,0,0,0,0,1,0,0,0,0,0,0,0,0,0.0,0.0,0.0,0.0,,
20200201,20200229,8471193,花生活鲜花（玫瑰小镇）,鲜花组,广西壮族自治区,桂林,否,20200120,在线,16.0,16.4,8962,165,6,6,1.84,3.64,6,6,1518.00,755.00,958.00,0,0,0,0,0,0,0,0,0,7,0,0,3,3,100,2,0,0,0.0,0.0,0.0,0.0,,
20200201,20200229,8471194,花生活鲜花（红日・兰拉德鲜花）,鲜花组,广东省,佛山,否,20200207,在线,3.0,3.5,1323,12,0,0,0.91,0,0,0,0.00,0.00,0.00,0,0,0,0,0,0,0,0,0,0,0,0,0,0,0,0,0,0,0.0,0.0,0.0,0.0,,
20200201,20200229,8471195,花生活鲜花（满千缘插花花艺）,鲜花组,广东省,珠海,否,20200208,在线,12.0,12.8,7273,180,13,8,2.47,7.22,14,8,3283.00,1476.00,2119.00,3,3,0,0,0,0,0,2,0,12,0,0,6,6,100,2,0,0,0.0,0.0,0.0,0.0,,
20200201,20200229,8471409,花生活鲜花（香谷鲜花）,鲜花组,天津市,天津,否,20200121,在线,1.0,1.0,6545,167,4,3,2.55,2.4,3,3,938.00,527.00,528.00,0,0,0,0,0,0,0,0,0,3,0,0,2,1,50,0,0,0,0.0,0.0,0.0,0.0,,
20200201,20200229,8471425,花生活鲜花（浓淋香花艺）,鲜花组,广西壮族自治区,南宁,否,20200120,在线,3.0,3.6,1565,15,0,0,0.96,0,0,0,0.00,0.00,0.00,0,0,0,0,0,0,0,0,0,0,0,0,0,0,0,0,0,0,0.0,0.0,0.0,0.0,,
20200201,20200229,8471427,心爱之语鲜花,鲜花组,内蒙古自治区,通辽,否,20200225,在线,20.0,20.3,8504,82,0,0,0.96,0,0,0,0.00,0.00,0.00,0,0,0,0,0,0,0,0,0,0,0,0,0,0,0,0,0,0,0.0,0.0,0.0,0.0,,
20200201,20200229,8471437,鑫怡花坊,鲜花组,上海市,上海,否,20200120,下线,0.0,0.0,24,1,0,0,4.17,0,0,0,0.00,0.00,0.00,0,0,0,0,0,0,0,0,0,0,0,0,0,0,0,0,0,0,0.0,0.0,0.0,0.0,,
20200201,20200229,8472854,简爱花舍,鲜花组,上海市,上海,否,20200121,在线,13.0,13.1,4796,85,5,3,1.77,5.88,5,4,1305.00,543.00,879.00,0,0,0,0,0,0,0,0,0,6,0,0,2,1,50,0,0,0,0.0,0.0,0.0,0.0,,
20200201,20200229,8472855,花生活鲜花（花宴鲜花店）,鲜花组,广东省,茂名,否,20200121,在线,19.0,19.8,4083,374,12,6,9.16,3.21,11,6,2720.00,1246.00,1708.00,4,3,1,0,0,0,0,0,0,7,0,0,9,7,77.78,0,0,0,0.0,0.0,0.0,0.0,,
20200201,20200229,8472856,遇见鲜花批发,鲜花组,湖南省,娄底,否,20200211,在线,21.0,22.2,8115,201,0,0,2.48,0,0,0,0.00,0.00,0.00,0,0,0,0,0,0,0,0,0,0,0,0,0,0,0,0,0,0,0.0,0.0,0.0,0.0,,
20200201,20200229,8488486,梁氏花木,鲜花组,江西省,萍乡,否,20200210,在线,15.0,15.6,13592,837,26,25,6.16,3.11,28,26,8799.00,4896.00,4912.00,0,0,0,0,0,0,0,0,0,29,0,0,6,5,83.33,3,0,0,4.0,4.0,4.0,0.0,,
20200201,20200229,8488487,红珊瑚鲜花婚庆,鲜花组,陕西省,渭南,否,20200211,在线,15.0,15.4,39349,1002,39,20,2.55,3.89,43,20,6006.00,3224.00,3557.00,15,8,7,0,0,0,0,0,0,27,0,0,33,29,87.88,4,0,1,2.4,2.4,2.4,0.0,,
20200201,20200229,8488488,心怡花坊,鲜花组,贵州省,贵阳,否,20200211,在线,13.0,13.6,8215,63,0,0,0.77,0,0,0,0.00,0.00,0.00,0,0,0,0,0,0,0,0,0,0,0,0,1,1,100,0,0,0,0.0,0.0,0.0,0.0,,
20200201,20200229,8488489,爱花居晴儿鲜花,鲜花组,山东省,烟台,否,20200211,在线,21.0,22.2,16911,422,8,7,2.5,1.9,8,8,2019.00,828.00,1464.00,0,0,0,0,0,0,0,0,0,8,0,0,2,2,100,2,0,0,0.0,0.0,0.0,0.0,,
20200201,20200229,8488490,茉莉,鲜花组,山东省,菏泽,否,20200210,在线,21.0,21.7,27275,2372,12,11,8.7,0.51,13,12,2904.00,1888.00,1250.00,0,0,0,0,0,0,0,0,0,12,0,0,6,6,100,5,0,0,2.0,2.0,2.0,0.0,,
20200201,20200229,8492059,兰星花行,鲜花组,辽宁省,沈阳,否,20200211,在线,21.0,22.2,5403,101,1,0,1.87,0.99,0,0,0.00,0.00,0.00,0,0,0,0,0,0,0,0,0,0,0,0,0,0,0,0,0,0,0.0,0.0,0.0,0.0,,
20200201,20200229,8492060,绿洲花店,鲜花组,吉林省,延边朝鲜族自治州,否,20200211,在线,0.0,0.6,4530,85,0,0,1.88,0,0,0,0.00,0.00,0.00,0,0,0,0,0,0,0,0,0,0,0,0,0,0,0,0,0,0,0.0,0.0,0.0,0.0,,
