商户ID,门店名称,品牌名称,服务质量,教师节总订单,七夕总订单,教师节取消订单率,七夕取消订单率,教师节非异订单率,七夕非异订单率,最大小时接单量,12月24日20分钟最大接单量（测算参考值）,12月31日20分钟最大接单量（测算参考值）,12月24日订单量预估,12月25日-1月1日预估（该段时间内均按照此阈值限定）,12月24日（N单/每20分钟）,12月25日-1月1日（N单/每20分钟）,体检分
9287646,大象园艺（七夕情人节，告白，鲜花）,花生活,蓝色预警,15,28,0,0.107142857,0.076923077,0.142857143,5,2,2,19.6,12,,,90
9740903,情意浓花卉（七夕预定，表白，鲜花）,花生活,黄色预警,1,6,0,0,0,0.166666667,2,2,2,4.2,2,,,79
8442887,花之缘鲜花屋・七夕鲜花,花生活,橙色预警,7,51,0,0.078431373,0,0.117647059,9,2,3,35.7,22,,,74
9756327,惜缘花业,花生活,0,1,3,0,0,0,0,1,2,2,2.1,1,,,72
6395163,花生活鲜花（花海）,花生活,0,12,174,0,0.045977011,0,0.005747126,20,5,7,121.8,73,,,92
9298120,鲜花（解放北路店）,花生活,红色预警,12,32,0,0.0625,0,0.25,6,2,2,22.4,13,,,79
8724585,顺意鲜花店（七夕情人节，告白，生日）,花生活,0,10,55,0,0,0,0,10,3,4,38.5,23,,,66
9629139,晓明姐姐手工花坊,花生活,黄色预警,15,43,0,0.139534884,0.083333333,0.162790698,6,2,2,30.1,18,,,81
9437456,花意浓・七夕鲜花,花生活,红色预警,7,32,0.666666667,0.46875,0.777777778,0.4375,6,2,2,22.4,13,,,72
9621812,芙罗拉花艺・七夕鲜花,花生活,蓝色预警,7,32,0,0.09375,0,0.03125,8,2,3,22.4,13,,,73
7004308,花生活鲜花（曼陀罗花开）,花生活,0,3,2,0,0,0.333333333,0,1,2,2,1.4,1,,,72
2329256,花生活鲜花（七彩坊鲜花店）,花生活,红色预警,1,73,0,0.767123288,0,0.753424658,11,2,3,51.1,31,,,79
5582315,花生活鲜花（花香漫进）,花生活,红色预警,2,5,0.5,0.2,0.5,0.4,2,2,2,3.5,2,,,61
9548188,百合缘花艺・七夕鲜花,花生活,红色预警,1,29,0,0.655172414,0,0.482758621,7,2,2,20.3,12,,,69
7207843,花生活鲜花（花殿鲜花店）,花生活,红色预警,3,13,0.4,0.461538462,0.2,0.153846154,4,2,2,9.1,5,,,74
9776746,花好月缘,花生活,红色预警,5,14,0,0.142857143,0,0.285714286,2,2,2,9.8,6,,,83
8116641,群磊花艺,花生活,红色预警,3,33,0,0.787878788,0,0.696969697,10,2,3,23.1,14,,,64
9578994,好日子花艺（七夕情人节，礼物，鲜花）,花生活,红色预警,8,13,0,0.461538462,0,0.153846154,4,2,2,9.1,5,,,86
7207851,花生活鲜花（龙兴花艺）,花生活,0,15,168,0,0.017857143,0,0.017857143,17,4,7,117.6,71,,,94
7634499,花生活鲜花（鲜花绿植）,花生活,红色预警,6,83,0,0.168674699,0,0.156626506,14,3,4,58.1,35,,,79
9022891,小芳鲜花,花生活,0,5,13,0,0,0,0,4,2,2,9.1,5,,,82
7349052,花生活鲜花（赢聚花行）,花生活,红色预警,0,7,0,0.571428571,0,0.714285714,3,2,2,4.9,3,,,65
8755680,馨语鲜花（七夕情人节，表白，鲜花）,花生活,黄色预警,6,20,0.5,0.1,0.25,0.1,6,2,2,14,8,,,72
6882165,花生活鲜花（栋梁花卉）,花生活,红色预警,10,108,0,0.12962963,0,0.268518519,14,3,4,75.6,46,,,81
8983878,鹿角花坊（七夕情人节，告白，鲜花）,花生活,红色预警,0,5,0,0.4,0,0.4,3,2,2,3.5,2,,,59
9480898,花漾年华・七夕鲜花,花生活,红色预警,4,15,0.4,0.2,0,0.333333333,6,2,2,10.5,7,,,68
772683,花生活鲜花（杏福花店）,花生活,红色预警,11,16,0,0.1875,0,0.0625,3,2,2,11.2,7,,,78
2666240,花生活鲜花（祥和鲜花）,花生活,红色预警,12,55,0.090909091,0.363636364,0.181818182,0.236363636,9,2,3,38.5,23,,,74
8207120,馨之园鲜花（螺蛳湾店，・七夕鲜花）,花生活,0,20,48,0,0.020833333,0.066666667,0.041666667,7,2,3,33.6,20,,,86
9803685,初见花艺,花生活,红色预警,6,4,0.333333333,0.25,0,0.25,2,2,2,2.8,2,,,83
7349060,花生活鲜花（饰美鲜花）,花生活,红色预警,5,17,0.333333333,0.176470588,0,0.058823529,3,2,2,0,0,0,0,55
6944778,花生活鲜花（伟爵爷仪嘉花艺馆）,花生活,红色预警,3,38,0.714285714,0.105263158,0,0.105263158,9,2,3,26.6,16,,,72
7642073,花生活鲜花（花花小娴）,花生活,红色预警,0,8,0,0.25,0,0.375,2,2,2,5.6,4,,,64
9599503,花落谁家（七夕情人节，礼物，鲜花）,花生活,红色预警,0,11,0,0.454545455,0,0.181818182,4,2,2,7.7,5,,,59
9272664,花生活鲜花（凯悦花卉顺义店）,花生活,橙色预警,19,54,0.066666667,0.018518519,0,0.037037037,7,2,2,37.8,23,,,89
8958028,时尚花店,花生活,0,1,4,0,0,1,0,1,2,2,2.8,2,,,67
7934071,花生活鲜花（花艺学院）,花生活,红色预警,3,11,0,0.181818182,0,0.363636364,3,2,2,7.7,5,,,72
9616887,花夫籽花店・七夕鲜花,花生活,红色预警,0,6,1,0.666666667,1,0.333333333,2,2,2,4.2,2,,,62
9096059,爱尚花屋（七夕节日，表白，鲜花）,花生活,红色预警,3,25,0,0.28,0,0.2,6,2,2,17.5,11,,,65
9288206,有你知花（七夕情人节，告白，生日）,花生活,0,2,19,0,0.105263158,0,0,6,2,3,13.3,8,,,87
8743603,玫瑰花坊・七夕鲜花,花生活,红色预警,4,5,0.333333333,0.6,0.166666667,0.6,2,2,2,3.5,2,,,67
9608759,妙语花香・七夕鲜花,花生活,蓝色预警,28,70,0,0.1,0.15,0.085714286,15,3,5,49,29,,,85
9718690,别处生花,花生活,0,6,22,0,0.045454545,0.4,0.045454545,5,2,2,15.4,9,,,80
8849779,意达鲜花店（七夕节日，表白，鲜花）,花生活,0,0,13,0,0,0,0.076923077,4,2,2,9.1,5,,,57
7166113,花生活鲜花（浪漫鲜花坊）,花生活,0,0,4,0,0,0,0,2,2,2,2.8,2,,,56
9616927,鲜花绿植（七夕情人节，告白，生日）,花生活,0,1,1,0,0,0,0,1,2,2,0.7,1,,,73
9788967,丁马花艺,花生活,0,2,2,0.666666667,0,0.666666667,0,1,2,2,1.4,1,,,59
9475397,小敏花坊,花生活,0,0,1,0,0,0,0,1,2,2,0,0,0,0,73
8070349,花生活鲜花（花瓣雨鲜花总汇）,花生活,红色预警,4,35,0.333333333,0.085714286,0,0.285714286,9,2,3,24.5,15,,,69
6773725,花生活鲜花（荣浩千寻花艺）,花生活,红色预警,0,13,0,0.692307692,0,0.230769231,3,2,2,9.1,5,,,59
7264476,邀邀妮之鲜花店（七夕情人节，告白，生日）,花生活,红色预警,0,27,0,0.037037037,0,0.296296296,8,2,3,18.9,11,,,55
7785895,花生活鲜花（心愿屋鲜花店）,花生活,黄色预警,0,22,0,0,0,0.181818182,6,2,2,15.4,9,,,56
7994675,花生活鲜花（爱花居鲜花店）,花生活,0,11,31,0.090909091,0.064516129,0,0.064516129,5,2,2,21.7,13,,,78
7642076,花生活鲜花（百艳鲜花）,花生活,0,4,38,0,0.078947368,0,0,6,2,3,26.6,16,,,68
8253592,花生活鲜花（雅鲜花店）,花生活,红色预警,2,66,0,0.696969697,0,0.712121212,13,3,4,46.2,28,,,72
7743133,花生活鲜花（浪漫花语）,花生活,黄色预警,7,29,0,0,0,0.172413793,9,2,3,20.3,12,,,73
9760957,槿妍花舍,花生活,0,10,25,0.090909091,0.04,0.363636364,0.04,3,2,2,17.5,11,,,74
8278376,花生活鲜花（冬平花屋）,花生活,0,0,5,0,0,0,0,2,2,2,3.5,2,,,59
9619250,馨语鲜花（七夕情人节，告白，生日）,花生活,红色预警,1,27,0,0.37037037,0,0.222222222,7,2,2,18.9,11,,,74
8958031,香阁丽娜（七夕情人节，告白，生日）,花生活,红色预警,1,19,0,0.263157895,0,0.210526316,6,2,2,13.3,8,,,82
8709965,最爱花坊・七夕鲜花,花生活,黄色预警,1,20,0,0.15,0,0.1,3,2,2,14,8,,,80
3985407,花生活鲜花（柔兰花艺）,花生活,橙色预警,9,63,0,0.142857143,0,0.253968254,8,2,3,44.1,26,,,81
7514896,花生活鲜花（爱尚花艺）,花生活,0,9,46,0.2,0.043478261,0,0.02173913,6,2,3,32.2,19,,,76
9131463,I DO鲜花・七夕鲜花,花生活,橙色预警,13,25,0.285714286,0.2,0,0.24,10,2,3,17.5,11,,,80
9139414,花亭园艺（七夕情人节，表白，鲜花）,花生活,黄色预警,7,19,0,0.157894737,0.25,0.157894737,5,2,2,13.3,8,,,81
7514879,花生活鲜花（艺轩鲜花）,花生活,红色预警,1,13,0,0.230769231,0,0.076923077,4,2,2,9.1,5,,,69
9415524,百花源・七夕鲜花,花生活,红色预警,2,25,0,0.32,0,0.08,5,2,2,17.5,11,,,75
9723609,怡情缘花生活,花生活,0,2,31,0,0.096774194,0,0.064516129,6,2,3,21.7,13,,,87
9647263,向日葵花店・七夕鲜花,花生活,红色预警,3,18,0,0.222222222,0,0.222222222,4,2,2,12.6,8,,,66
6104153,花生活鲜花（花伴鲜花）,花生活,红色预警,3,49,0,0.428571429,0,0.142857143,7,2,2,34.3,20,,,75
9629133,尚品花艺（七夕情人节，告白，生日）,花生活,黄色预警,4,10,0,0.1,1,0.2,5,2,2,7,4,,,77
8357588,花生活鲜花（艺朵花艺）,花生活,红色预警,2,29,0,0.275862069,1,0.206896552,11,2,3,20.3,12,,,77
9530565,馨语鲜花店（七夕节日，表白，鲜花）,花生活,橙色预警,18,59,0,0.169491525,0.181818182,0.220338983,14,3,4,41.3,25,,,92
9228406,夜来香鲜花（七夕节日，表白，鲜花）,花生活,红色预警,13,31,0,0.161290323,0,0.064516129,11,2,3,21.7,13,,,75
7094045,花生活鲜花（铭相花缘）,花生活,红色预警,10,112,0,0.017857143,0.142857143,0.008928571,14,3,4,78.4,47,,,68
9412649,瑞瑞鲜花坊（七夕情人节，告白，生日）,花生活,0,0,6,0,0,0,0,1,2,2,4.2,2,,,58
6026797,白爵至尊婚庆公司・七夕鲜花,花生活,红色预警,1,10,0,0.1,0,0,3,2,2,7,4,,,68
2006070,花生活鲜花（伊馨花坊）,花生活,红色预警,16,47,0,0.553191489,0.111111111,0.340425532,10,2,3,32.9,20,,,86
8278272,久久花店・七夕鲜花,花生活,红色预警,2,32,0,0.375,0,0.40625,7,2,2,22.4,13,,,68
9713959,佳缘花艺,花生活,红色预警,2,18,0,0.444444444,0,0.388888889,4,2,2,12.6,8,,,66
8258612,初心花坊（七夕情人节，告白，鲜花）,花生活,蓝色预警,0,24,0,0.125,0,0.041666667,7,2,3,16.8,10,,,59
9132248,花之恋鲜花婚庆（七夕节日，表白，鲜花）,花生活,红色预警,10,32,0.1,0.15625,0.1,0.34375,10,2,3,22.4,13,,,74
9531957,梁氏花艺（七夕情人节，礼物，鲜花）,花生活,橙色预警,8,29,0,0.206896552,0,0.206896552,9,2,3,20.3,12,,,87
8435962,花生活鲜花（FlowerLife）,花生活,红色预警,2,27,0,0.407407407,0,0.148148148,5,2,2,18.9,11,,,76
9636924,创意花店・七夕鲜花,花生活,蓝色预警,2,39,0,0.128205128,0,0.025641026,8,2,3,27.3,16,,,88
6390095,花生活鲜花（倾城鲜花）,花生活,0,1,30,0,0.066666667,0,0,4,2,2,21,13,,,67
7318032,花生活鲜花（朵美鲜花）,花生活,蓝色预警,7,11,0,0.090909091,0.166666667,0.090909091,2,2,2,7.7,5,,,67
6405229,花生活鲜花（天缘花艺）,花生活,红色预警,0,5,0,0.6,0,0.6,2,2,2,3.5,2,,,67
9704439,栀子花开,花生活,0,1,12,0,0.083333333,0,0.083333333,5,2,2,8.4,5,,,69
8278384,花生活鲜花（美俪汇花艺）,花生活,红色预警,1,12,0,0.416666667,0,0.25,4,2,2,8.4,5,,,71
9561202,温馨鲜花店,花生活,蓝色预警,3,11,0,0.090909091,0,0,3,2,2,7.7,5,,,79
9566664,小仙女花艺・七夕鲜花,花生活,蓝色预警,5,38,0,0.026315789,0,0.052631579,8,2,3,26.6,16,,,85
9393935,花无缺鲜花绿植,花生活,红色预警,0,5,0,0.6,0,0.4,3,2,2,3.5,2,,,69
8278263,绿宇花卉（七夕情人节，礼物，鲜花）,花生活,红色预警,1,12,0.666666667,0.333333333,0.333333333,0.25,2,2,2,8.4,5,,,57
9754991,禾朵花坊,花生活,0,0,1,0,0,0,0,1,2,2,0.7,1,,,61
9346985,温馨花艺（七夕情人节，礼物，鲜花）,花生活,红色预警,0,4,0,1,0,0.75,3,2,2,2.8,2,,,58
9616921,花仙子・七夕鲜花,花生活,0,2,6,0,0.166666667,0,0.166666667,2,2,2,4.2,2,,,66
9409927,花生活鲜花（花样年华）,花生活,0,0,1,0,0,0,0,1,2,2,0.7,1,,,75
3464481,花生活鲜花（香侬鲜花水果）,花生活,黄色预警,4,6,0.333333333,0.166666667,0.166666667,0,1,2,2,4.2,2,,,62
7642074,花生活鲜花（云艳花坊）,花生活,红色预警,8,35,0,0.257142857,0,0.2,10,2,3,24.5,15,,,90
8989667,佰花草（七夕情人节，告白，生日）,花生活,蓝色预警,6,28,0.2,0.107142857,0.4,0.142857143,7,2,3,19.6,12,,,71
9599509,木上・花（七夕节日，表白，鲜花）,花生活,蓝色预警,3,17,0,0.058823529,0,0.117647059,5,2,2,11.9,7,,,84
9221147,怡芬花店,花生活,红色预警,13,45,0,0.488888889,0,0.466666667,8,2,3,31.5,19,,,94
8278261,花生活鲜花（一品花艺）,花生活,0,9,45,0,0.022222222,0.142857143,0.044444444,8,2,3,31.5,19,,,84
9713957,妙语花香,花生活,黄色预警,5,46,0,0.130434783,0,0.086956522,7,2,3,32.2,19,,,72
9756325,花点时间,花生活,0,4,13,0,0,0.5,0.076923077,3,2,2,9.1,5,,,87
8989546,如意花店（七夕情人节，告白，生日）,花生活,蓝色预警,5,18,0.2,0.055555556,0,0.166666667,3,2,2,12.6,8,,,70
8258610,花生活鲜花（尚艺空间花艺）,花生活,蓝色预警,1,9,0,0.111111111,0,0,2,2,2,6.3,4,,,69
9111025,花花世界（七夕预定，表白，鲜花）,花生活,红色预警,1,13,0.5,0.230769231,0.5,0.153846154,3,2,2,9.1,5,,,72
8865561,清原鲜花批发（七夕情人节，告白，生日）,花生活,红色预警,1,20,0.5,0.25,0,0,5,2,2,14,8,,,66
9638179,美誉鲜花,花生活,红色预警,8,32,0,0.09375,0.166666667,0.28125,9,2,3,22.4,13,,,78
9100495,心愿花屋（一分店）,花生活,红色预警,6,28,0.428571429,0.25,0.285714286,0.285714286,7,2,2,19.6,12,,,72
9553744,俪缘鲜花生活馆（七夕预定，表白，鲜花）,花生活,红色预警,7,44,0,0.227272727,0,0.227272727,8,2,3,30.8,19,,,89
8488490,花生活鲜花（茉莉花社青年路店）,花生活,橙色预警,12,45,0.125,0.155555556,0.125,0.2,12,2,4,31.5,19,,,90
6729448,千百卉鲜花店（七夕预定，表白，鲜花）,花生活,红色预警,39,203,0.2,0.088669951,0.36,0.054187192,30,5,8,142.1,85,,,83
3072588,花生活鲜花（如意鲜花）,花生活,0,3,13,0.5,0,0.25,0.076923077,3,2,2,9.1,5,,,67
8755678,青青鲜花礼品（七夕情人节，告白，生日）,花生活,红色预警,5,26,0,0.269230769,0,0.461538462,5,2,2,18.2,11,,,70
8959452,完美花艺喜铺（七夕预定，表白，鲜花）,花生活,红色预警,0,11,1,0.454545455,0,0.181818182,2,2,2,7.7,5,,,78
9599501,沁园春（七夕预定，表白，鲜花）,花生活,0,5,11,0.444444444,0,0.333333333,0,3,2,2,7.7,5,,,70
9629955,倾心花坊(生日鲜花丶开业花篮),花生活,黄色预警,14,24,0.181818182,0.041666667,0.090909091,0.208333333,5,2,2,16.8,10,,,83
8471193,花生活鲜花（玫瑰小镇）,花生活,黄色预警,8,53,0.454545455,0.094339623,0,0.094339623,7,2,3,37.1,22,,,73
7785893,花生活鲜花（百缘鲜花坊）,花生活,红色预警,0,5,0,0.2,0,0.4,1,2,2,3.5,2,,,61
9756277,遇见花开,花生活,红色预警,1,4,0.5,0.25,0,0.25,1,2,2,2.8,2,,,68
7934077,花生活鲜花（夜来香鲜花）,花生活,红色预警,9,53,0,0.245283019,0,0.226415094,9,2,3,37.1,22,,,84
9074918,花之语鲜花店,花生活,0,15,45,0,0,0,0,8,2,3,31.5,19,,,84
9394180,花千树花艺（七夕情人节，告白，生日）,花生活,红色预警,0,2,0,1,0,0.5,1,2,2,1.4,1,,,62
9139412,石楠鲜花（七夕预定，表白，鲜花）,花生活,橙色预警,3,11,0.6,0.090909091,0.2,0,3,2,2,7.7,5,,,77
9346983,爱菲尔鲜花蛋糕店（七夕情人节，告白，生日）,花生活,红色预警,3,11,0,0.090909091,0,0.272727273,4,2,2,7.7,5,,,79
8849777,鸢尾花艺坊（七夕预定，表白，鲜花）,花生活,蓝色预警,4,45,0,0.111111111,0,0.111111111,7,2,3,31.5,19,,,73
9687570,1花汇,花生活,红色预警,1,25,0.5,0.24,0,0.24,6,2,2,17.5,11,,,77
8983876,熹媛（七夕情人节，告白，生日）,花生活,黄色预警,0,7,0,0.142857143,0,0,2,2,2,4.9,3,,,56
8471409,花生活鲜花（香谷鲜花）,花生活,红色预警,3,13,0.666666667,0,0,0.461538462,2,2,2,9.1,5,,,78
9415136,花样屋・七夕鲜花,花生活,橙色预警,0,9,0,0,0,0.222222222,4,2,2,6.3,4,,,63
9805758,秘密花园,花生活,0,0,1,0,0,0,0,1,2,2,0.7,1,,,68
9529961,含笑花坊,花生活,红色预警,0,12,0,0.416666667,0,0.166666667,4,2,2,8.4,5,,,61
7392799,花生活鲜花（幸福花店遵义店）,花生活,红色预警,1,2,0.5,1,0,0,1,2,2,1.4,1,,,62
9131461,悦尚鲜花（霄边大街店）,花生活,0,4,1,0,0,0,0,1,2,2,0.7,1,,,73
9715470,紫桐鲜花,花生活,橙色预警,8,8,0.111111111,0,0.111111111,0.25,2,2,2,5.6,4,,,76
9636922,钟爱Flower（七夕预定，表白，鲜花）,花生活,红色预警,0,8,0,0.625,0,0.5,3,2,2,5.6,4,,,59
8094434,花生活鲜花（浩美鲜花礼品）,花生活,0,3,2,0,0,0,0,1,2,2,1.4,1,,,69
9720811,花开相爱,花生活,红色预警,1,3,1,0.666666667,0,0.333333333,2,2,2,2.1,1,,,74
6012181,花生活鲜花（韦爵爷鲜花）,花生活,红色预警,0,2,0,1,0,1,1,2,2,1.4,1,,,57
5332337,花生活鲜花（四季花屋）,花生活,橙色预警,32,133,0,0.030075188,0.058823529,0.15037594,22,4,7,93.1,56,,,89
7392897,花生活鲜花（阿紫鲜花店）,花生活,黄色预警,17,44,0.090909091,0.136363636,0.090909091,0.090909091,8,2,3,30.8,19,,,66
7514880,花生活鲜花（小姐姐花店）,花生活,红色预警,5,20,0.333333333,0.7,0,0.4,5,2,2,14,8,,,79
9414380,花匠・七夕鲜花,花生活,0,3,34,1,0.117647059,1,0,5,2,2,23.8,14,,,70
9713960,柒月拾花,花生活,蓝色预警,9,18,0,0.055555556,0,0.111111111,4,2,2,12.6,8,,,78
6582771,花生活鲜花（七彩花艺坊）,花生活,0,0,18,0,0,0,0,3,2,2,12.6,8,,,64
642989,花生活鲜花（春季花艺）,花生活,0,6,29,0,0.034482759,0,0.068965517,4,2,2,20.3,12,,,79
8958023,钟爱一生婚庆策划,花生活,黄色预警,0,22,0,0.136363636,0,0.090909091,4,2,2,15.4,9,,,72
9474014,忘不了花店,花生活,橙色预警,13,38,0.166666667,0.157894737,0,0.131578947,11,2,4,26.6,16,,,90
8849788,鲜花店（七夕情人节，表白，鲜花）,花生活,红色预警,7,35,0.166666667,0.2,0,0.114285714,5,2,2,24.5,15,,,69
9096605,花栈鲜花店（七夕预定鲜花、表白、生日）,花生活,橙色预警,9,83,0,0.144578313,0,0.21686747,11,2,4,58.1,35,,,86
7028637,花生活鲜花（鲜花批发）,花生活,黄色预警,7,5,0,0,0,0.2,2,2,2,3.5,2,,,74
2527715,花生活鲜花（情缘鲜花店遵义店）,花生活,蓝色预警,7,65,0.5,0.092307692,0.142857143,0.107692308,9,2,3,45.5,28,,,63
9346986,那一朵花坊・七夕鲜花,花生活,红色预警,1,18,0,0.5,0,0.388888889,4,2,2,12.6,8,,,71
7785896,花生活鲜花（湘湘鲜花蛋糕）,花生活,蓝色预警,1,9,0,0,0,0.111111111,2,2,2,6.3,4,,,68
4885878,花生活鲜花（阿西木花艺工作室）,花生活,红色预警,2,12,0,0.416666667,0,0.333333333,4,2,2,8.4,5,,,63
4192177,花生活鲜花（国色天香鲜花店）,花生活,红色预警,2,9,0.333333333,0.444444444,0,0.555555556,2,2,2,6.3,4,,,66
8801126,左花生活馆（七夕预定，表白，鲜花）,花生活,蓝色预警,8,8,0.142857143,0,0,0,1,2,2,5.6,4,,,71
9022886,未晚花艺（七夕情人节，礼物，鲜花）,花生活,红色预警,0,5,0,0.4,0,0.4,2,2,2,3.5,2,,,68
9608768,婷雅花坊（七夕情人节，告白，鲜花）,花生活,0,8,3,0,0,0,0,2,2,2,2.1,1,,,71
8207115,花生活鲜花（暖花艺鲜花店）,花生活,红色预警,0,8,0,0.375,0,0,3,2,2,5.6,4,,,62
8970947,四季花港鲜花婚庆（七夕情人节，礼物，鲜花）,花生活,红色预警,1,27,0,0.37037037,0,0.111111111,9,2,3,18.9,11,,,68
9616922,花之家花坊（七夕预定，表白，鲜花）,花生活,蓝色预警,0,23,0,0.086956522,0,0,4,2,2,16.1,10,,,69
9652804,刘岚鲜花,花生活,蓝色预警,1,35,0,0.142857143,0,0,6,2,2,24.5,15,,,82
8982838,花度花艺（七夕情人节，礼物，鲜花）,花生活,红色预警,0,13,0,0.153846154,0,0.307692308,3,2,2,9.1,5,,,65
8801607,朝夕花舍,花生活,橙色预警,5,27,0.2,0.111111111,0,0.222222222,5,2,2,18.9,11,,,68
9271168,尚典花艺（七夕情人节，表白，鲜花）,花生活,红色预警,1,3,0,0,0,0,1,2,2,2.1,1,,,70
6968235,花生活鲜花（奢漫花艺）,花生活,0,6,26,0,0.038461538,0,0.038461538,11,3,4,18.2,11,,,83
9490934,田歆花艺馆・七夕鲜花,花生活,红色预警,2,20,0,0.6,0,0.5,6,2,2,14,8,,,80
9217395,花生活鲜花（婚礼策划）,花生活,0,1,8,0.5,0,0,0,2,2,2,5.6,4,,,62
8989549,千雅鲜花,花生活,0,11,16,0.3,0,0.1,0.0625,5,2,2,11.2,7,,,71
9687533,樱木花都,花生活,红色预警,0,6,0,0.333333333,0,0.333333333,2,2,2,4.2,2,,,57
9398933,新光鲜花批发（七夕节日，表白，鲜花）,花生活,蓝色预警,8,31,0,0.129032258,0,0.064516129,6,2,2,21.7,13,,,82
7514888,花生活鲜花（名媛花希,花生活,红色预警,2,18,0,0.388888889,0,0.111111111,6,2,2,12.6,8,,,79
9370361,一生之爱鲜花店（七夕情人节，表白，鲜花）,花生活,红色预警,0,7,0,1,0,0.714285714,2,2,2,4.9,3,,,70
8207107,花生活鲜花（花叙鲜花店）,花生活,红色预警,0,8,1,0.5,0.166666667,0.375,3,2,2,5.6,4,,,68
6773717,花生活鲜花（紫薇鲜花坊）,花生活,红色预警,2,6,0,0.333333333,0,0.333333333,2,2,2,4.2,2,,,66
9139809,灯火花舍（七夕预定，表白，鲜花）,花生活,红色预警,2,7,0,0,0,0.428571429,2,2,2,4.9,3,,,83
8280460,花生活鲜花（遇见花坊）,花生活,红色预警,12,70,0,0.071428571,0,0.028571429,10,2,3,49,29,,,93
9687527,喜多多婚庆,花生活,红色预警,4,29,0.2,0.517241379,0,0.206896552,8,2,3,20.3,12,,,69
6881023,花生活鲜花（爱花行）,花生活,黄色预警,5,30,0,0.166666667,0.25,0.133333333,7,2,3,21,13,,,66
7546953,花生活鲜花（爱琴海鲜花店）,花生活,蓝色预警,8,21,0,0.095238095,0,0.095238095,5,2,2,14.7,9,,,88
9517329,吉祥花店（七夕预定，表白，鲜花）,花生活,红色预警,2,33,0,0.484848485,1,0.363636364,7,2,2,23.1,14,,,75
9630264,城城婚庆鲜花店,花生活,蓝色预警,5,45,0.5,0.088888889,0,0.088888889,14,3,5,31.5,19,,,83
8278457,花生活鲜花（花痴花坊）,花生活,红色预警,3,5,0,0.6,0,0.2,2,2,2,3.5,2,,,83
7672370,花生活鲜花（麦花阁鲜花）,花生活,红色预警,3,16,0,0.25,0,0.375,3,2,2,11.2,7,,,85
8849782,约定花行（七夕节日，表白，鲜花）,花生活,黄色预警,2,10,0.5,0,0.25,0.1,3,2,2,7,4,,,60
7475402,花生活鲜花（百合花坊）,花生活,红色预警,7,24,0.222222222,0.25,0.222222222,0.291666667,7,2,2,16.8,10,,,80
9608866,花轻悦鲜花店,花生活,红色预警,1,31,1,0.225806452,1,0.322580645,8,2,3,21.7,13,,,66
9663328,豆蔻花坊,花生活,红色预警,0,9,1,0.555555556,1,0.111111111,2,2,2,6.3,4,,,68
9615408,俪缘花店・七夕鲜花,花生活,0,13,24,0,0.041666667,0,0.041666667,3,2,2,16.8,10,,,84
8364414,花生活鲜花（花艺坊聊城店）,花生活,蓝色预警,1,9,0.75,0.111111111,0.5,0.111111111,2,2,2,6.3,4,,,57
9608762,花伴FLOWER・七夕鲜花,花生活,红色预警,1,9,0,0.444444444,0,0.222222222,3,2,2,6.3,4,,,70
7475298,花生活鲜花（香阁丽娜）,花生活,黄色预警,2,79,0,0.101265823,0,0.113924051,14,3,5,55.3,33,,,78
5121244,花生活鲜花（贡贡鲜花坊）,花生活,橙色预警,3,12,0,0.166666667,0,0.25,5,2,2,8.4,5,,,70
7672499,花生活鲜花（绿之源花卉园艺）,花生活,红色预警,0,11,0,0.545454545,0,0.545454545,3,2,2,7.7,5,,,58
9616890,后花园・七夕鲜花,花生活,黄色预警,3,41,0.4,0.12195122,0,0.146341463,5,2,2,28.7,17,,,84
8472854,简爱花舍（七夕情人节，表白，鲜花）,花生活,红色预警,3,12,0,0.166666667,0.333333333,0.083333333,3,2,2,8.4,5,,,65
9531960,一家花店・七夕鲜花,花生活,红色预警,5,24,0,0.25,0,0.166666667,4,2,2,16.8,10,,,85
8902545,e彩鲜花（七夕情人节，告白，鲜花）,花生活,0,0,8,1,0,0,0,2,2,2,5.6,4,,,75
8488486,梁氏花木・七夕鲜花,花生活,黄色预警,10,23,0,0.043478261,0,0.173913043,6,2,2,16.1,10,,,84
9394618,兰亭花屿,花生活,红色预警,2,33,0.666666667,0.454545455,0.666666667,0.363636364,6,2,2,23.1,14,,,62
9221144,香百合鲜花（七夕节日，表白，鲜花）,花生活,0,3,8,0,0,0.333333333,0,2,2,2,5.6,4,,,66
9621342,迪艺馨花坊,花生活,蓝色预警,6,17,0,0.117647059,0,0.117647059,4,2,2,11.9,7,,,82
9096062,馨悦花店,花生活,红色预警,5,23,0.166666667,0.260869565,0,0.043478261,3,2,2,16.1,10,,,74
9022888,壹花境@秘密花园（七夕预定，表白，鲜花）,花生活,黄色预警,4,36,0.75,0.111111111,0.25,0.138888889,7,2,3,25.2,15,,,67
6773711,花生活鲜花（o用花艺）,花生活,黄色预警,7,31,0,0.064516129,0.666666667,0.032258065,6,2,2,21.7,13,,,74
7063793,花生活鲜花（森森鲜花）,花生活,红色预警,7,28,0.2,0.285714286,0.4,0.071428571,6,2,2,19.6,12,,,67
8250903,花生活鲜花（花之韵鲜花店）,花生活,橙色预警,15,30,0.090909091,0.066666667,0,0,8,2,3,21,13,,,83
9288065,花漾年华（文化街店）,花生活,橙色预警,0,4,0,0,0,0.25,2,2,2,2.8,2,,,58
7545488,花生活鲜花（海天花艺）,花生活,红色预警,6,7,0.2,0.285714286,0.2,0.285714286,3,2,2,4.9,3,,,69
9228743,花铺,花生活,红色预警,3,2,0.333333333,0.5,0.666666667,0,1,2,2,1.4,1,,,58
1937925,花生活鲜花（花心苑花店）,花生活,红色预警,2,3,0,0,0,0.333333333,2,2,2,2.1,1,,,68
7311299,花生活鲜花（筱月鲜花店）,花生活,0,0,4,0,0,0,0,4,2,2,2.8,2,,,61
9616994,金喜缘鲜花批发・七夕鲜花,花生活,0,1,1,0,0,0,0,1,2,2,0.7,1,,,68
9415189,幸福来鲜花婚庆（七夕情人节，告白，鲜花）,花生活,红色预警,4,1,0,1,0,1,1,2,2,0.7,1,,,70
8253593,花生活鲜花（花语鲜花坊花店）,花生活,0,6,16,0,0.125,0,0.0625,4,2,2,11.2,7,,,72
7907142,花生活鲜花（馨悦花店）,花生活,0,1,47,0,0.063829787,0,0.021276596,8,2,3,32.9,20,,,65
9616889,温馨花艺（七夕节日，表白，鲜花）,花生活,红色预警,2,19,0,0.210526316,0,0.315789474,3,2,2,13.3,8,,,64
9267541,锦相苑花卉,花生活,0,0,8,0,0,0,0,2,2,2,5.6,4,,,69
9785821,唯美花艺,花生活,0,5,5,0,0,0,0,2,2,2,3.5,2,,,82
8437924,卡斯曼鲜花店(衡阳先峰路店）,花生活,0,50,164,0,0.018292683,0.037037037,0.018292683,19,5,7,114.8,69,,,87
9524463,三角形花艺（蓝色港湾店）,花生活,红色预警,5,4,0.8,1,0.6,0.25,1,2,2,2.8,2,,,61
7392906,花生活鲜花（云槿花艺）,花生活,橙色预警,5,30,0,0.133333333,0,0.166666667,6,2,2,21,13,,,78
9412651,花之蜜语花艺（七夕节日，表白，鲜花）,花生活,红色预警,2,19,0.333333333,0.315789474,0,0.473684211,4,2,2,13.3,8,,,65
8790380,水晶花房（七夕预定，表白，鲜花）,花生活,红色预警,2,88,0,0.113636364,0,0.261363636,22,4,6,61.6,37,,,70
8849789,朝花夕拾花艺（七夕情人节，告白，鲜花）,花生活,蓝色预警,24,125,0,0.024,0.083333333,0.08,14,3,5,87.5,53,,,93
8284382,安宁胡子花卉店(花生活鲜花胡子花艺),花生活,黄色预警,35,81,0,0.024691358,0.043478261,0.197530864,19,4,6,56.7,34,,,91
7515288,花生活鲜花（绿如蓝花店）,花生活,红色预警,8,37,0,0.027027027,0,0.243243243,5,2,2,25.9,16,,,78
3713872,泽凤花店,花生活,黄色预警,2,19,0,0.105263158,0,0,5,2,2,13.3,8,,,81
9650538,花海阁婚庆花艺,花生活,橙色预警,2,18,0,0.222222222,0,0.166666667,3,2,2,12.6,8,,,78
7194721,花生活鲜花（四季春花艺美学馆）,花生活,0,2,56,0,0.071428571,0,0.035714286,7,2,3,39.2,23,,,82
4439411,花生活鲜花（花田故事）,花生活,红色预警,3,30,0.6,0.833333333,0.6,0.666666667,6,2,2,21,13,,,59
7994668,花生活鲜花（彩・鲜花）,花生活,橙色预警,12,28,0.1,0.107142857,0,0.214285714,5,2,2,19.6,12,,,84
9231498,皇的花园（七夕节日，表白，鲜花）,花生活,红色预警,1,19,0,0.210526316,0,0.263157895,4,2,2,13.3,8,,,85
8755673,千寻花道生活馆（七夕预定，表白，鲜花）,花生活,黄色预警,4,42,0.25,0.071428571,0,0.047619048,8,2,3,29.4,17,,,82
7642004,花生活鲜花（第三居鲜花店）,花生活,红色预警,4,14,0.555555556,0.857142857,0.111111111,0.142857143,4,2,2,9.8,6,,,63
9524632,海岱鲜花店・七夕鲜花,花生活,0,1,2,0,0,0,0,1,2,2,1.4,1,,,69
9387017,花生活・_m时尚花艺,花生活,红色预警,0,31,1,0.35483871,1,0.322580645,12,2,4,21.7,13,,,61
9268477,伊人婚庆（七夕情人节，告白，生日）,花生活,黄色预警,4,6,0,0.166666667,0,0,3,2,2,4.2,2,,,76
9393936,挚爱一生（七夕情人节，告白，鲜花）,花生活,红色预警,6,10,0.2,0.3,0.4,0.4,4,2,2,7,4,,,76
9548190,花颜草语花坊,花生活,红色预警,0,4,0,1,0,1,2,2,2,2.8,2,,,58
8364413,花生活鲜花（水仙百合居）,花生活,黄色预警,0,24,0,0.125,0,0.208333333,7,2,3,16.8,10,,,60
9389059,花生活鲜花（寻花集花艺）,花生活,0,2,21,0,0,0,0.095238095,4,2,2,14.7,9,,,82
9394617,拾光花艺（七夕节日，表白，鲜花）,花生活,蓝色预警,0,17,0,0,0,0,7,2,3,11.9,7,,,75
7641996,花生活鲜花（花幸福花店襄阳店）,花生活,0,5,29,0,0,0,0,5,2,2,20.3,12,,,83
9619468,花玉轩（七夕情人节，告白，生日）,花生活,橙色预警,3,30,0,0.166666667,0,0.1,9,2,3,21,13,,,69
9615401,娜时花开（七夕情人节，表白，鲜花）,花生活,蓝色预警,0,8,0,0.125,0,0,2,2,2,5.6,4,,,58
9619251,smiLe花店（七夕情人节，告白，鲜花）,花生活,红色预警,15,17,0,0.411764706,0,0.294117647,6,2,2,11.9,7,,,72
9629140,花瓣里・七夕鲜花,花生活,黄色预警,4,6,0,0.166666667,0,0,2,2,2,4.2,2,,,78
9346978,鲜花坊・七夕鲜花,花生活,红色预警,0,9,1,0.777777778,0.5,0.444444444,3,2,2,6.3,4,,,59
9741754,金百合鲜花坊,花生活,蓝色预警,3,24,0,0.125,1,0.083333333,8,2,3,16.8,10,,,68
9217427,花时尚,花生活,蓝色预警,0,8,0,0.125,0,0.125,2,2,2,5.6,4,,,58
9586803,喜盈盈,花生活,红色预警,1,3,0,1,0,1,1,2,2,2.1,1,,,69
7514889,花生活鲜花（米粒鲜花之家）,花生活,红色预警,0,1,0,1,0,0,1,2,2,0.7,1,,,68
9132249,汇芳缘花坊,花生活,0,0,3,1,0,0,0,1,2,2,2.1,1,,,64
9056788,花瓣雨・七夕鲜花,花生活,橙色预警,20,83,0,0.108433735,0.111111111,0.012048193,12,2,4,58.1,35,,,88
6355077,花生活鲜花（花述鲜花生活馆）,花生活,0,2,11,0.333333333,0,0.333333333,0.090909091,3,2,2,7.7,5,,,69
8278455,花生活鲜花（启美花卉）,花生活,橙色预警,0,23,0,0.043478261,0,0,4,2,2,16.1,10,,,57
9470898,千色花艺（七夕情人节，礼物，鲜花）,花生活,红色预警,0,35,0,0.2,0,0.228571429,8,2,3,24.5,15,,,59
9586794,那一朵花店（七夕情人节，告白，生日）,花生活,0,10,33,0,0,0.125,0.060606061,9,2,4,23.1,14,,,81
9500719,幸福驿站鲜花（七夕情人节，告白，鲜花）,花生活,红色预警,5,21,0.25,0.047619048,0,0.047619048,5,2,2,14.7,9,,,86
9619338,怦怦花艺（七夕情人节，告白，生日）,花生活,0,5,26,0.285714286,0.076923077,0.285714286,0.038461538,6,2,3,18.2,11,,,77
9615414,鲜花店,花生活,红色预警,1,9,0,0.333333333,0,0.333333333,2,2,2,6.3,4,,,73
9608760,浪漫花苑（七夕预定，表白，鲜花）,花生活,蓝色预警,0,10,0,0.1,0,0,2,2,2,7,4,,,60
3128450,花生活鲜花（花之恋鲜花店）,花生活,蓝色预警,21,120,0.076923077,0.025,0,0.05,18,4,6,84,50,,,81
8278326,花生活鲜花（知心花卉）,花生活,红色预警,2,5,0.5,0.4,0,0.4,2,2,2,3.5,2,,,66
9434509,家美花卉水族馆・七夕鲜花,花生活,黄色预警,1,20,0,0.15,0,0.05,4,2,2,14,8,,,89
8435960,花生活鲜花（米莱婚礼鲜花店）,花生活,红色预警,4,28,0.666666667,0.464285714,0.416666667,0.464285714,6,2,2,19.6,12,,,61
9566662,花生活鲜花（红绿蓝鲜花）,花生活,红色预警,1,36,0.5,0.194444444,0.5,0.194444444,8,2,3,25.2,15,,,73
7994673,花生活鲜花（禾木鲜花店）,花生活,橙色预警,11,62,0,0.14516129,0,0.225806452,23,4,7,43.4,26,,,87
9616888,花生活鲜花（鲜花物语）,花生活,红色预警,6,6,0,0.166666667,0.2,0.166666667,2,2,2,4.2,2,,,68
9466732,花里花礼・七夕鲜花,花生活,橙色预警,1,5,0,0.2,0,0.2,2,2,2,3.5,2,,,68
5346237,花生活鲜花（有钱花）,花生活,红色预警,2,20,0.333333333,0.35,0,0.55,4,2,2,14,8,,,62
8958029,花友鲜花（七夕情人节，礼物，鲜花）,花生活,红色预警,12,19,0.307692308,0.368421053,0.307692308,0.105263158,3,2,2,13.3,8,,,62
9786197,偶遇花店,花生活,红色预警,6,5,0,0.6,0,0.4,1,2,2,3.5,2,,,75
9388448,蔷薇花艺坊（七夕情人节，告白，生日）,花生活,红色预警,4,27,0,0.296296296,0,0.222222222,6,2,2,18.9,11,,,82
799254,花生活鲜花（花好月缘鲜花店）,花生活,蓝色预警,7,11,0.25,0.090909091,0,0,4,2,2,7.7,5,,,72
9224328,一间鲜花店（七夕情人节，表白，鲜花）,花生活,黄色预警,4,35,0,0.085714286,0,0.171428571,11,2,4,24.5,15,,,70
9288063,华鹏花卉鲜花（道城路店）,花生活,红色预警,4,28,0,0.392857143,0,0.464285714,6,2,2,19.6,12,,,78
8071981,花生活鲜花（红豆情鲜花）,花生活,红色预警,15,7,0.25,0.142857143,0.25,0.285714286,3,2,2,4.9,3,,,64
9418486,君子兰花艺（七夕预定，表白，鲜花）,花生活,黄色预警,1,18,0,0.111111111,0,0,3,2,2,12.6,8,,,72
9413713,花生活鲜花（阳光花坊鲜花店）,花生活,红色预警,0,3,1,0.333333333,0.2,0.333333333,1,2,2,2.1,1,,,61
8881539,佳怡鲜花批发（七夕情人节，礼物，鲜花）,花生活,红色预警,0,11,0,0.727272727,0,0.636363636,6,2,2,7.7,5,,,57
5565851,花生活鲜花（仙丽鲜花）,花生活,红色预警,3,7,0.333333333,0.285714286,0.333333333,0.285714286,2,2,2,4.9,3,,,60
9566670,红苑鲜花庆典（七夕预定，表白，鲜花）,花生活,红色预警,1,24,1,0.666666667,1,0.625,5,2,2,16.8,10,,,64
9318309,花兮花店,花生活,0,1,3,0,0,0,0,1,2,2,2.1,1,,,87
9725640,美尚美花坊,花生活,红色预警,0,3,1,1,0.5,1,2,2,2,2.1,1,,,60
9726130,禧溪花坊,花生活,0,0,3,0,0,0,0,1,2,2,2.1,1,,,60
9098574,R证位ǖ辏ㄆ呦η槿私冢表白，鲜花）,花生活,红色预警,0,3,1,1,0.428571429,0.666666667,2,2,2,2.1,1,,,64
9740904,天下花,花生活,红色预警,4,4,0,0.5,0,0.5,2,2,2,2.8,2,,,87
9615406,生如夏花（沙河西路店）,花生活,红色预警,3,2,0,0,0,0,2,2,2,1.4,1,,,68
9267506,槿妍花舍,花生活,红色预警,1,1,0.666666667,1,0.666666667,1,1,2,2,0.7,1,,,57
9593717,世纪花缘,花生活,0,4,7,0.5,0,0.333333333,0,2,2,2,4.9,3,,,76
9159613,有间花店（七夕情人节，礼物，鲜花）,花生活,蓝色预警,3,45,0,0.133333333,0,0.155555556,8,2,3,31.5,19,,,73
7672411,花生活鲜花（k艺轩）,花生活,红色预警,18,33,0.083333333,0.03030303,0.333333333,0,7,2,2,23.1,14,,,81
9415135,鲜花婚庆复印,花生活,红色预警,1,9,0,0.555555556,0,0.444444444,2,2,2,6.3,4,,,77
8902595,千卉阁花艺（七夕节日，表白，鲜花）,花生活,蓝色预警,17,39,0,0.102564103,0,0.102564103,14,3,5,27.3,16,,,90
9490944,beriscouture（七夕预定，表白，鲜花）,花生活,红色预警,7,33,0,0.151515152,0,0.363636364,19,3,5,23.1,14,,,70
8709967,紫香苑鲜花礼品坊・七夕鲜花,花生活,黄色预警,1,16,0,0.1875,0,0,3,2,2,11.2,7,,,70
7475300,花生活鲜花（花缘花店）,花生活,0,2,38,0,0.026315789,0,0,7,2,3,26.6,16,,,81
9566666,瑾萱花艺,花生活,红色预警,0,13,0,0.153846154,0,0.384615385,4,2,2,9.1,5,,,58
9356229,爱尚花艺生活馆（七夕预定，表白，鲜花）,花生活,红色预警,1,1,1,0,1,0,1,2,2,0.7,1,,,55
5762294,花生活鲜花（厦门陌上花开）,花生活,黄色预警,1,26,0,0,0,0.038461538,4,2,2,18.2,11,,,80
9615410,陶渊芳谷,花生活,蓝色预警,3,29,0,0.034482759,0,0.103448276,8,2,3,20.3,12,,,81
714142,花生活鲜花（情意浓花店）,花生活,0,5,38,0,0,0.333333333,0.026315789,5,2,2,26.6,16,,,72
7743130,花生活鲜花（静静花艺凤凰北街店）,花生活,红色预警,6,14,0,0.214285714,0,0.071428571,3,2,2,9.8,6,,,87
8764356,辽宁起航（鲜花婚庆婚车）,花生活,蓝色预警,12,52,0.111111111,0.096153846,0.111111111,0.019230769,8,2,3,36.4,22,,,74
9616923,好百年花店（七夕情人节，告白，鲜花）,花生活,橙色预警,1,17,0,0.176470588,0,0,6,2,2,11.9,7,,,78
9756324,花漾拾光,花生活,红色预警,11,43,0,0.23255814,0.333333333,0.209302326,10,2,3,30.1,18,,,83
8471191,幸福里花艺（七夕情人节，表白，鲜花）,花生活,红色预警,6,36,0,0.027777778,0,0,7,2,2,25.2,15,,,75
9486500,金娃娃鲜花（七夕情人节，礼物，鲜花）,花生活,0,6,25,0.642857143,0.04,0.642857143,0.08,4,2,2,17.5,11,,,75
9228737,花拾间,花生活,红色预警,0,28,0,0.392857143,0,0.035714286,5,2,2,19.6,12,,,58
9803729,满天星花艺,花生活,蓝色预警,3,34,0.333333333,0.088235294,0.333333333,0.058823529,6,2,2,23.8,14,,,81
6773727,花生活鲜花（水滴鲜花花艺）,花生活,橙色预警,24,93,0,0.107526882,0.1875,0.064516129,18,3,5,65.1,39,,,87
7207848,花生活鲜花（原色花店）,花生活,0,0,6,0,0,0,0,2,2,2,4.2,2,,,66
7672420,花生活鲜花（义乌鲜花婚庆）,花生活,黄色预警,4,29,0.333333333,0.172413793,0.333333333,0.206896552,6,2,2,20.3,12,,,72
9725349,花阁,花生活,黄色预警,4,7,0,0.142857143,0,0.142857143,1,2,2,4.9,3,,,66
9629135,月月花屋（七夕预定，表白，鲜花）,花生活,红色预警,0,19,0,0.210526316,0,0.105263158,5,2,2,13.3,8,,,72
9580543,百花园・七夕鲜花,花生活,红色预警,5,33,0.166666667,0.272727273,0,0.121212121,9,2,3,23.1,14,,,84
9287578,好心情花艺（七夕情人节，礼物，鲜花）,花生活,0,3,32,0,0.0625,0,0.03125,5,2,2,22.4,13,,,88
7331152,洋洋花语屋（七夕情人节，告白，生日）,花生活,0,1,12,0,0,0,0.083333333,2,2,2,8.4,5,,,75
9096064,俪缘花店（七夕情人节，表白，鲜花）,花生活,黄色预警,1,30,0.666666667,0.033333333,0.666666667,0.166666667,5,2,2,21,13,,,61
7475292,花生活鲜花（馨语花屋）,花生活,0,13,47,0.1,0.063829787,0,0.063829787,6,2,3,32.9,20,,,89
8197675,蔚然花坊（七夕情人节，告白，鲜花）,花生活,黄色预警,2,15,0,0.133333333,0,0.2,4,2,2,10.5,7,,,76
9704576,娜时花开,花生活,0,4,7,0,0,0,0,2,2,2,4.9,3,,,69
7392907,花生活鲜花（玫瑰园鲜花）,花生活,红色预警,0,7,0,0.285714286,0,0.428571429,3,2,2,4.9,3,,,59
2622811,花生活鲜花（品蕊花屋）,花生活,蓝色预警,4,22,0,0.045454545,0.333333333,0.136363636,3,2,2,15.4,9,,,65
8902547,玫瑰花屋・七夕鲜花,花生活,红色预警,0,15,1,0.533333333,1,0.333333333,3,2,2,10.5,7,,,67
8958033,满园春色花行（七夕预定，表白，鲜花）,花生活,橙色预警,3,9,0.25,0,0,0.222222222,2,2,2,6.3,4,,,75
4389748,花生活鲜花（玫瑰花店2店）,花生活,黄色预警,7,20,0.142857143,0.15,0.285714286,0,4,2,2,14,8,,,73
7264470,花生活鲜花（栖梧花店）,花生活,红色预警,0,2,0,0,0,0,1,2,2,1.4,1,,,56
8607428,馨艺花店・七夕鲜花,花生活,红色预警,0,6,0,0.333333333,0,0,1,2,2,4.2,2,,,65
9288059,有道设计花艺（花生活鲜花店）,花生活,红色预警,1,3,0,1,0,1,2,2,2,2.1,1,,,66
9608868,兴燕鲜花批发（七夕情人节，告白，生日）,花生活,红色预警,4,4,0,0,0,0.5,2,2,2,2.8,2,,,79
8207108,花生活鲜花（艺尚鲜花）,花生活,红色预警,0,8,0,1,0,0.75,4,2,2,5.6,4,,,55
9783774,心意花屋,花生活,橙色预警,2,5,0,0.2,0,0.2,1,2,2,3.5,2,,,74
9393698,Too兔花艺（七夕节日，表白，鲜花）,花生活,黄色预警,1,7,0,0.142857143,0,0.142857143,3,2,2,4.9,3,,,75
9531956,华艺鲜花（七夕情人节，告白，鲜花）,花生活,蓝色预警,1,21,1,0.047619048,1,0.142857143,7,2,3,14.7,9,,,69
8755679,诗情花艺,花生活,0,11,46,0,0,0,0.065217391,6,2,3,32.2,19,,,94
9687531,梧桐雨鲜花店,花生活,0,14,33,0.090909091,0.060606061,0,0.060606061,9,2,4,23.1,14,,,70
8801124,XLREN FLORLST袭人花店,花生活,蓝色预警,2,27,0.333333333,0.111111111,0.666666667,0.074074074,5,2,2,18.9,11,,,68
7207850,花生活鲜花（尚花坊）,花生活,蓝色预警,4,10,0,0.1,0,0.1,2,2,2,7,4,,,69
3095162,花生活鲜花（花瓣雨花坊）,花生活,红色预警,0,26,0,0.884615385,0,0.807692308,5,2,2,18.2,11,,,61
9704572,花语花艺・七夕鲜花,花生活,蓝色预警,3,35,0.25,0.057142857,0,0.057142857,8,2,3,24.5,15,,,74
6773715,花生活鲜花（花城花艺）,花生活,0,8,34,0,0,0,0,5,2,2,23.8,14,,,81
7022374,花生活鲜花（萍萍花店）,花生活,红色预警,2,148,0.333333333,0.195945946,0,0.135135135,20,4,6,103.6,62,,,77
9049510,紫藤花坊,花生活,红色预警,0,10,1,0.6,0,0.3,2,2,2,7,4,,,62
7514886,花生活鲜花（七彩花卉）,花生活,蓝色预警,6,23,0.333333333,0.043478261,0.333333333,0,3,2,2,16.1,10,,,81
8902541,20.时光（七夕情人节，礼物，鲜花）,花生活,橙色预警,4,25,0,0.12,0.333333333,0.08,4,2,2,17.5,11,,,66
9756278,四季鲜花,花生活,红色预警,1,7,0,0.285714286,0,0,2,2,2,4.9,3,,,82
7475294,花生活鲜花（苔米花艺）,花生活,0,3,13,0.25,0,0,0.076923077,3,2,2,9.1,5,,,80
9426612,博艺坊・七夕鲜花,花生活,红色预警,2,13,0.5,0.615384615,0.25,0.538461538,2,2,2,9.1,5,,,62
9426694,春天鲜花（七夕情人节，礼物，鲜花）,花生活,0,0,5,1,0,1,0,1,2,2,3.5,2,,,67
9217393,爱恋婚庆花艺,花生活,红色预警,0,10,0,0.7,0,0.7,3,2,2,7,4,,,61
9619721,唯美鲜花园艺（七夕情人节，告白，生日）,花生活,红色预警,2,18,1,0.277777778,0,0.222222222,3,2,2,12.6,8,,,77
9615404,花开半夏（七夕情人节，表白，鲜花）,花生活,蓝色预警,1,9,0,0,0,0,3,2,2,6.3,4,,,82
9436622,馨缘花店,花生活,红色预警,1,12,0,0.25,0,0.166666667,2,2,2,8.4,5,,,77
8258611,花生活鲜花（旺达鲜花店）,花生活,红色预警,2,12,0,0.916666667,0,0.5,4,2,2,8.4,5,,,59
8985806,绿荫花店・七夕鲜花,花生活,橙色预警,0,42,0,0.023809524,0,0.214285714,8,2,3,29.4,17,,,56
9230086,娅娅花艺（七夕节日，表白，鲜花）,花生活,红色预警,3,12,0.833333333,0.25,0.833333333,0.166666667,3,2,2,8.4,5,,,68
9650535,怜花轩・七夕鲜花,花生活,蓝色预警,8,38,0,0.131578947,0,0.105263158,11,3,4,26.6,16,,,87
9582261,幸福花艺（七夕情人节，告白，生日）,花生活,红色预警,3,9,0,0.666666667,0,0.333333333,2,2,2,6.3,4,,,86
9288061,思之恋花坊,花生活,红色预警,1,2,0,0,0,0.5,1,2,2,1.4,1,,,69
7934078,花生活鲜花（情缘鲜花店榆林店）,花生活,红色预警,11,30,0.1,0.066666667,0.1,0.3,7,2,2,21,13,,,68
8863767,玫瑰花店（七夕预定，表白，鲜花）,花生活,0,10,4,0,0,0,0,1,2,2,2.8,2,,,77
8989547,鸳鸯鲜花店（七夕情人节，礼物，鲜花）,花生活,0,8,10,0.166666667,0,0.166666667,0,5,2,2,7,4,,,75
8278262,花生活鲜花（拾秋花店）,花生活,橙色预警,3,45,0.25,0.155555556,0,0.044444444,7,2,2,31.5,19,,,72
9548187,花颜花艺・七夕鲜花,花生活,0,0,6,1,0.166666667,1,0,1,2,2,4.2,2,,,55
9616925,花汐故里,花生活,蓝色预警,0,11,1,0.090909091,0.5,0,3,2,2,7.7,5,,,67
9448370,花田舍（七夕预定，表白，鲜花）,花生活,红色预警,2,37,0,0.135135135,0,0.27027027,9,2,3,25.9,16,,,71
8804150,唯爱花艺・七夕鲜花,花生活,红色预警,3,12,0,0.333333333,0,0,6,2,2,8.4,5,,,70
9228404,悠悠花坊,花生活,红色预警,0,10,1,0.6,1,0.6,3,2,2,7,4,,,58
8963601,密朗格蛋糕鲜花（七夕情人节，告白，生日）,花生活,红色预警,6,3,0.25,0,0.125,0.333333333,1,2,2,2.1,1,,,68
9756326,耘梦花坊,花生活,橙色预警,7,9,0,0,0.5,0.222222222,4,2,2,6.3,4,,,74
2220100,花生活鲜花（花花世界鲜花）,花生活,红色预警,11,4,0.166666667,0,0.166666667,0.5,1,2,2,2.8,2,,,70
9693778,花嫁喜铺鲜花,花生活,0,2,1,0,0,0,0,1,2,2,0.7,1,,,74
8849786,简一鲜花（七夕预定，表白，鲜花）,花生活,红色预警,6,2,0,0.5,0,0,1,2,2,1.4,1,,,67
9608766,真爱婚庆花艺・七夕鲜花,花生活,红色预警,1,5,0.666666667,0.2,0.666666667,0.2,2,2,2,3.5,2,,,61
9608870,雨诺花坊,花生活,红色预警,1,3,0,0.333333333,0,0.333333333,3,2,2,2.1,1,,,75
5196478,郁涧鲜花坊（七夕情人节，礼物，鲜花）,花生活,蓝色预警,14,152,0,0.105263158,0,0.105263158,23,5,8,106.4,64,,,86
8958024,蓝星星花屋（七夕情人节，表白，鲜花）,花生活,0,5,16,0.4,0,0.4,0.0625,6,2,3,11.2,7,,,67
8865559,花仙子花坊（七夕节日，表白，鲜花）,花生活,0,4,33,0,0.060606061,0,0.060606061,10,3,4,23.1,14,,,82
8959450,花为媒鲜花店（七夕预定，表白，鲜花）,花生活,红色预警,3,11,0.6,0.363636364,0.4,0.363636364,4,2,2,7.7,5,,,65
6773712,花生活鲜花（花之翼）,花生活,红色预警,0,57,0,0.245614035,0,0.210526316,10,2,3,39.9,24,,,60
6774016,花生活鲜花（婷雅花坊）,花生活,0,16,30,0,0.066666667,0,0.033333333,6,2,3,21,13,,,80
6928399,花生活鲜花（有间鲜花店）,花生活,红色预警,11,33,0.272727273,0.121212121,0.454545455,0.303030303,7,2,2,23.1,14,,,82
9536748,花市花乡（七夕情人节，表白，鲜花）,花生活,红色预警,4,4,0.4,0.5,0.4,0.5,1,2,2,2.8,2,,,65
2482113,花生活鲜花（玫瑰坊）,花生活,红色预警,6,13,0.285714286,0.307692308,0,0.076923077,4,2,2,9.1,5,,,64
7785891,别样花艺（怀柔店）,花生活,橙色预警,3,20,0.25,0.15,0.25,0.3,4,2,2,14,8,,,76
7743129,花生活鲜花（土土花店婚庆）,花生活,红色预警,0,9,0,0.888888889,0,0.444444444,4,2,2,6.3,4,,,53
9631770,牵手花艺（七夕预定，表白，鲜花）,花生活,红色预警,6,26,0.285714286,0.384615385,0.142857143,0.423076923,6,2,2,18.2,11,,,61
8278459,花生活鲜花（蝶恋花花店）,花生活,0,5,47,0,0,0,0.063829787,10,3,4,32.9,20,,,72
8226888,花生活鲜花（锦绣花艺坊）,花生活,橙色预警,6,25,0.666666667,0.08,0,0.24,5,2,2,17.5,11,,,74
9670951,花开相爱・七夕鲜花,花生活,黄色预警,10,27,0,0.148148148,0,0.074074074,5,2,2,18.9,11,,,75
9466736,梦缘鲜花店・七夕鲜花,花生活,橙色预警,4,41,0.333333333,0.195121951,0,0.219512195,8,2,3,28.7,17,,,84
8983874,802花店（七夕情人节，告白，生日）,花生活,蓝色预警,2,63,0,0.047619048,0,0.142857143,12,3,4,44.1,26,,,71
8755676,勿忘我鲜花（七夕预定，表白，鲜花）,花生活,0,1,23,0,0,0,0,3,2,2,16.1,10,,,78
9394178,花之薏花店（七夕情人节，告白，生日）,花生活,蓝色预警,3,22,0,0.090909091,0,0.045454545,4,2,2,15.4,9,,,85
7207847,花生活鲜花（花匠花艺）,花生活,红色预警,1,33,0,0.272727273,0,0.393939394,11,2,3,23.1,14,,,73
9517418,花无缺鲜花（七夕情人节，礼物，鲜花）,花生活,红色预警,5,27,0,0.444444444,0,0.333333333,6,2,2,18.9,11,,,87
7093976,花生活鲜花（花筵万达店）,花生活,黄色预警,7,44,0.166666667,0.090909091,0.166666667,0.181818182,11,2,4,30.8,19,,,77
7934075,花生活鲜花（红玫瑰鲜花婚庆）,花生活,黄色预警,2,15,0,0,0,0.2,6,2,2,10.5,7,,,83
9766741,花世界,花生活,红色预警,0,8,0,0.25,0,0.25,2,2,2,5.6,4,,,57
7166109,花生活鲜花（花研巧遇）,花生活,0,6,6,0,0,0,0,3,2,2,4.2,2,,,70
9221145,卧龙鲜花坊（车站南路店）,花生活,红色预警,3,13,0,0.230769231,0,0.153846154,3,2,2,9.1,5,,,83
9566665,幸福花艺婚庆店・七夕鲜花,花生活,0,2,11,0,0,0,0,2,2,2,7.7,5,,,71
7672419,花生活鲜花（幸福の花）,花生活,红色预警,0,16,0,0.4375,0,0.4375,6,2,2,11.2,7,,,58
7022273,花生活鲜花（花漾flower鲜花店）,花生活,蓝色预警,3,8,0.5,0.125,0.666666667,0,4,2,2,5.6,4,,,72
7429078,花生活鲜花（印象花坊）,花生活,红色预警,4,9,0.333333333,0.222222222,0,0.222222222,2,2,2,6.3,4,,,66
8435955,花生活鲜花（花之都鲜花批发行）,花生活,橙色预警,1,18,0.666666667,0.277777778,0.666666667,0.222222222,3,2,2,12.6,8,,,59
9030472,扬子花坊・七夕鲜花,花生活,红色预警,4,13,0.2,0.230769231,0.2,0.384615385,6,2,2,9.1,5,,,82
9415134,8号花舍鲜花（七夕情人节，告白，生日）,花生活,橙色预警,8,54,0,0.111111111,0,0.092592593,10,2,3,37.8,23,,,81
8803762,芳君花艺（七夕情人节，表白，鲜花）,花生活,黄色预警,2,27,0,0.074074074,0,0.111111111,7,2,3,18.9,11,,,84
9678087,屯爵花卉・七夕鲜花,花生活,红色预警,1,8,0,0.875,0,0.5,2,2,2,5.6,4,,,72
3994932,花生活鲜花（雅心花艺）,花生活,红色预警,1,13,0,0.230769231,0,0.153846154,3,2,2,9.1,5,,,77
9267510,苏悦鲜花店（七夕情人节，礼物，鲜花）,花生活,0,0,1,0,0,0,0,1,2,2,0.7,1,,,58
9653398,茉里・七夕鲜花,花生活,蓝色预警,8,8,0,0.125,0,0,2,2,2,5.6,4,,,77
9608763,花开相爱（七夕情人节，表白，鲜花）,花生活,红色预警,0,2,0,0.5,0,0,1,2,2,1.4,1,,,66
8472856,遇见鲜花批发,花生活,红色预警,0,3,0,0.666666667,0,0.666666667,2,2,2,2.1,1,,,66
9577701,喜＋喜花艺（七夕情人节，告白，鲜花）,花生活,红色预警,8,45,0,0.155555556,0.142857143,0.177777778,8,2,3,31.5,19,,,77
7207846,花生活鲜花（极乐莲华鲜花）,花生活,蓝色预警,0,115,0,0.104347826,0,0.043478261,16,4,6,80.5,49,,,72
6773720,花生活鲜花（花灵珑鲜花）,花生活,红色预警,1,10,0,0.5,0,0,2,2,2,7,4,,,63
9628422,芙罗拉花坊・七夕鲜花,花生活,黄色预警,3,23,0,0.130434783,0,0.086956522,5,2,2,16.1,10,,,71
653643,花生活鲜花（雅景花艺）,花生活,红色预警,3,23,0,0.086956522,0,0.086956522,4,2,2,16.1,10,,,63
9723610,唯e爱花坊,花生活,黄色预警,2,22,0,0.090909091,0,0,6,2,2,0,0,0,0,76
9393930,梦想花园（七夕预定，表白，鲜花）,花生活,蓝色预警,23,76,0,0.065789474,0.1,0.039473684,15,3,5,53.2,32,,,93
9704569,朝阳园艺,花生活,红色预警,1,49,0,0.265306122,0,0.530612245,14,3,4,34.3,20,,,73
9494098,No.1花艺美学馆,花生活,黄色预警,3,20,0,0.15,0,0.2,3,2,2,14,8,,,64
8803761,大顺鲜花礼仪（七夕节日，表白，鲜花）,花生活,0,6,11,0.2,0,0.2,0,3,2,2,7.7,5,,,69
5641328,花生活鲜花（成都陌上花开）,花生活,红色预警,9,52,0,0.115384615,0.142857143,0.076923077,10,2,3,36.4,22,,,88
8358888,花生活鲜花（圣格花艺）,花生活,橙色预警,2,5,0,0.2,0,0.2,1,2,2,3.5,2,,,71
7743128,花生活鲜花（流星花园）,花生活,0,4,8,0.5,0,0,0,3,2,2,5.6,4,,,74
8709974,温情花艺工作室（七夕情人节，告白，鲜花）,花生活,黄色预警,6,18,0,0.111111111,0.333333333,0.166666667,6,2,2,12.6,8,,,71
9517330,鲜花主题创意坊（七夕情人节，礼物，鲜花）,花生活,红色预警,7,32,0.142857143,0.6875,0.285714286,0.53125,11,2,3,22.4,13,,,60
3468033,花生活鲜花（家美园艺）,花生活,黄色预警,43,178,0.076923077,0.050561798,0.076923077,0.123595506,34,6,10,124.6,75,,,89
8472855,花生活鲜花（花宴鲜花店）,花生活,黄色预警,5,18,0.333333333,0.055555556,0,0.166666667,3,2,2,12.6,8,,,74
5845622,花生活鲜花（达奇花艺）,花生活,橙色预警,6,34,0,0.088235294,0.166666667,0.176470588,11,2,4,23.8,14,,,71
9023336,天晨花艺・七夕鲜花,花生活,蓝色预警,5,48,0,0.0625,0,0.125,12,3,4,33.6,20,,,88
3018522,花生活鲜花（源达花艺）,花生活,0,0,22,0,0.045454545,0,0.045454545,5,2,2,15.4,9,,,69
9347419,蓝飞雁花艺吧（七夕情人节，告白，鲜花）,花生活,红色预警,1,26,0,0.423076923,0,0.346153846,6,2,2,0,0,0,0,65
7907144,花生活鲜花（千卉阁花艺）,花生活,红色预警,2,12,0.666666667,0.666666667,0.333333333,0.333333333,3,2,2,8.4,5,,,56
8492059,兰星花行（七夕预定，表白，鲜花）,花生活,蓝色预警,2,12,0,0.083333333,0,0,3,2,2,8.4,5,,,63
9343729,红玫花坊（七夕情人节，礼物，鲜花）,花生活,红色预警,6,36,0,0.027777778,0,0.25,6,2,2,25.2,15,,,76
9415190,德国花店（七夕情人节，表白，鲜花）,花生活,0,0,5,0,0,0,0,1,2,2,3.5,2,,,58
9302112,亮亮鲜花婚庆・七夕鲜花,花生活,红色预警,3,6,0,0.5,0,0.5,2,2,2,4.2,2,,,71
9656666,零距离花艺,花生活,黄色预警,3,6,0,0,0,0.166666667,2,2,2,4.2,2,,,73
9788858,花仙子鲜花,花生活,红色预警,3,3,0.5,0.666666667,0,0.333333333,1,2,2,2.1,1,,,64
9629207,花千朵花坊・七夕鲜花,花生活,红色预警,14,16,0,0.4375,0,0.3125,6,2,2,11.2,7,,,76
9348645,萱萱花都婚庆,花生活,红色预警,2,14,0,0.285714286,0,0.214285714,3,2,2,9.8,6,,,69
8488487,红珊瑚鲜花婚庆（七夕节日，表白，鲜花）,花生活,红色预警,2,18,0.333333333,0.388888889,0,0.277777778,4,2,2,12.6,8,,,64
9687528,ELOL・花舍,花生活,红色预警,2,4,0,1,0,0.75,2,2,2,2.8,2,,,69
9629134,虎娃鲜花（七夕生日表白铁西店）,花生活,红色预警,1,5,0,0.4,0,0.2,3,2,2,3.5,2,,,78
7934066,花生活鲜花（艾米拉花店）,花生活,红色预警,2,4,0.5,0.75,0.5,0.5,1,2,2,2.8,2,,,60
7475299,花生活鲜花（宇欣花店）,花生活,红色预警,0,5,0,0.4,0,0,1,2,2,3.5,2,,,56
2068451,花生活鲜花（花语人生）,花生活,红色预警,1,23,1,0.782608696,1,0.608695652,10,2,3,16.1,10,,,58
8902544,七彩花店,花生活,蓝色预警,3,10,0,0.1,0,0,2,2,2,7,4,,,75
1523142,花生活鲜花（明珠鲜花坊）,花生活,红色预警,13,51,0.222222222,0.294117647,0.111111111,0.215686275,11,2,3,35.7,22,,,71
9615415,沫沫鲜花,花生活,红色预警,7,28,0.125,0.392857143,0,0.321428571,6,2,2,19.6,12,,,74
9415227,世纪缘（七夕情人节，告白，鲜花）,花生活,红色预警,1,26,0,0.269230769,0,0.115384615,4,2,2,18.2,11,,,63
7475297,花生活鲜花（锦卉花艺）,花生活,红色预警,0,16,1,0.4375,0,0.125,6,2,2,11.2,7,,,76
1696175,花生活鲜花（520鲜花园艺）,花生活,红色预警,3,25,0,0,0,0,7,2,2,17.5,11,,,69
9754990,情窦初开・七夕鲜花,花生活,橙色预警,0,24,0,0.125,0,0.25,5,2,2,16.8,10,,,61
9288064,爱尚花艺鲜花（银座店）,花生活,黄色预警,4,33,0.4,0.121212121,0.4,0.090909091,6,2,2,23.1,14,,,80
2045211,花生活鲜花（阳光花坊）,花生活,橙色预警,13,49,0.272727273,0.102040816,0.363636364,0.102040816,7,2,2,34.3,20,,,68
9629132,温馨花店（七夕节日，表白，鲜花）,花生活,黄色预警,0,32,1,0.125,1,0.09375,5,2,2,22.4,13,,,76
9620570,初见花艺,花生活,红色预警,7,21,0.333333333,0.285714286,0.166666667,0.238095238,6,2,2,14.7,9,,,81
8435961,花生活鲜花（花非花艺鲜花店）,花生活,红色预警,0,1,0,0,0,1,1,2,2,0.7,1,,,69
6773940,花生活鲜花（鲜花婚庆）,花生活,橙色预警,4,31,0,0.032258065,0,0.129032258,10,2,3,21.7,13,,,75
9703796,小鹿与花鲜花店,花生活,红色预警,2,14,0.714285714,0.357142857,0.142857143,0.357142857,3,2,2,9.8,6,,,65
8803711,花遇画（七夕节日，表白，鲜花）,花生活,红色预警,11,88,0.090909091,0.454545455,0.272727273,0.545454545,18,3,5,61.6,37,,,80
9529970,碧玉鲜花店（七夕预定，表白，鲜花）,花生活,红色预警,0,37,0,0.243243243,0,0.108108108,9,2,3,25.9,16,,,59
8849837,花无缺鲜花(花生活鲜花林州店),花生活,0,2,94,0,0.010638298,0,0.095744681,17,4,6,65.8,40,,,88
9267507,浪漫花屋,花生活,橙色预警,0,20,0,0.2,0,0.2,4,2,2,14,8,,,70
9616993,幸福花舞（七夕情人节，表白，鲜花）,花生活,红色预警,1,11,0,0.727272727,0,0.363636364,3,2,2,7.7,5,,,85
9566671,倾城花艺（七夕预定，表白，鲜花）,花生活,红色预警,8,29,0,0.172413793,0.2,0.448275862,4,2,2,20.3,12,,,85
8471427,心爱之语鲜花（七夕情人节，表白，鲜花）,花生活,黄色预警,13,76,0,0.118421053,0,0.144736842,16,3,5,53.2,32,,,76
9111026,世锦鲜花（七夕情人节，告白，生日）,花生活,红色预警,0,14,1,0.785714286,1,0.285714286,4,2,2,9.8,6,,,56
9599510,时光花里（七夕情人节，礼物，鲜花）,花生活,红色预警,0,10,0,0.3,0,0.2,6,2,2,7,4,,,72
9490932,琦彩鲜花店（七夕情人节，告白，鲜花）,花生活,红色预警,12,53,0,0.132075472,0,0.283018868,14,3,4,37.1,22,,,88
9713958,星语星花坊,花生活,0,1,4,0,0,0,0,2,2,2,2.8,2,,,70
9250522,鑫缘花店（七夕预定，表白，鲜花）,花生活,0,12,39,0,0.025641026,0,0.025641026,9,2,4,27.3,16,,,77
6826712,花生活鲜花（流星花园鲜花）,花生活,黄色预警,4,34,0,0.088235294,0,0.205882353,6,2,2,23.8,14,,,84
8250907,花生活鲜花（恋恋繁花鲜花店）,花生活,红色预警,0,4,0,1,0,0.75,3,2,2,2.8,2,,,52
7785967,花生活鲜花（芸花坊）,花生活,蓝色预警,11,38,0,0.052631579,0,0.105263158,7,2,3,26.6,16,,,87
9412648,花坞鲜花绿植店,花生活,蓝色预警,0,42,0,0.095238095,0,0.119047619,6,2,2,29.4,17,,,57
5740741,花生活鲜花（唯爱花艺）,花生活,红色预警,19,46,0.153846154,0.086956522,0.461538462,0.065217391,14,3,4,32.2,19,,,75
7475288,花生活鲜花（幸福之花）,花生活,红色预警,0,4,0,0.75,0,0,2,2,2,2.8,2,,,58
9131462,花之洋花卉・七夕鲜花,花生活,红色预警,1,8,0,0.375,0,0.375,3,2,2,5.6,4,,,59
8068587,花生活鲜花（花轩子鲜花店）,花生活,0,2,6,1,0,0,0,2,2,2,4.2,2,,,75
6197578,花生活鲜花（翔远花艺）,花生活,红色预警,0,3,0,1,0,0.666666667,1,2,2,2.1,1,,,54
9288151,安琪花店（七夕情人节，礼物，鲜花）,花生活,红色预警,0,19,0,0.736842105,0,0.368421053,6,2,2,13.3,8,,,58
9107960,阳光花坊,花生活,红色预警,4,1,0.4,0,0.4,0,1,2,2,0.7,1,,,63
1330090,花生活鲜花（唯美花艺）,花生活,红色预警,1,2,0,0,0,0,1,2,2,0,0,0,0,72
9287583,鸟语花香花艺馆（七夕情人节，告白，生日）,花生活,红色预警,0,5,0,0.2,0,0.2,2,2,2,3.5,2,,,58
8983871,花点心思（七夕情人节，告白，鲜花）,花生活,0,0,1,1,0,0,0,1,2,2,0.7,1,,,63
9587011,留心花缘鲜花,花生活,红色预警,3,3,0,0.666666667,0,0.666666667,2,2,2,2.1,1,,,69
9287579,迷你鲜花店,花生活,黄色预警,6,12,0,0.166666667,0,0,3,2,2,8.4,5,,,70
7392900,花生活鲜花（如意花坊济南店）,花生活,红色预警,1,12,1,0.166666667,0,0.333333333,3,2,2,8.4,5,,,63
9766743,花匠花艺・七夕鲜花,花生活,橙色预警,6,5,0,0.2,0,0.2,1,2,2,3.5,2,,,65
8958026,花时花开,花生活,红色预警,0,17,1,0.352941176,1,0.411764706,3,2,2,11.9,7,,,56
9221395,四叶草鲜花店,花生活,红色预警,8,29,0,0.034482759,0.142857143,0.379310345,7,2,2,20.3,12,,,80
9111022,创意鲜花（七夕情人节，礼物，鲜花）,花生活,红色预警,1,88,1,0.306818182,0,0.136363636,19,3,5,61.6,37,,,66
9372605,满天星花卉・七夕鲜花,花生活,红色预警,11,26,0,0.115384615,0,0.230769231,5,2,2,18.2,11,,,72
8278275,花生活鲜花（一间花店）,花生活,黄色预警,19,40,0,0.075,0.090909091,0,12,3,4,28,17,,,64
9629176,鹿角花坊（七夕情人节，告白，鲜花）,花生活,蓝色预警,9,55,0.142857143,0.090909091,0,0.090909091,10,2,4,38.5,23,,,82
9100492,二小鲜花篮（七夕情人节，表白，鲜花）,花生活,红色预警,1,9,0,0.777777778,0,0.444444444,3,2,2,6.3,4,,,72
8207118,花生活鲜花（花开半夏鲜花店）,花生活,蓝色预警,4,9,0,0.111111111,0,0,2,2,2,6.3,4,,,73
2402349,花生活鲜花（静静花艺银盛路店）,花生活,红色预警,4,9,0,0.222222222,0,0.111111111,3,2,2,6.3,4,,,78
8435957,花生活鲜花（花之恋鲜花店）,花生活,0,20,69,0,0.014492754,0,0,7,2,3,48.3,29,,,92
9713963,花蓓花艺婚庆馆,花生活,红色预警,11,19,0,0.157894737,0,0.315789474,8,2,3,13.3,8,,,86
6952198,花生活鲜花（韦爵爷花店）,花生活,红色预警,1,27,0,0.185185185,0,0.296296296,6,2,2,18.9,11,,,72
9524465,百花心事（七夕预定，表白，鲜花）,花生活,蓝色预警,5,37,0,0.108108108,0,0.081081081,5,2,2,25.9,16,,,80
9636927,艺花园,花生活,橙色预警,6,58,0,0.068965517,0,0.224137931,11,2,4,40.6,25,,,77
9271466,中菲鲜花・七夕鲜花,花生活,红色预警,1,18,0,0.222222222,0,0.111111111,4,2,2,12.6,8,,,75
9648571,百合花艺（七夕节日，表白，鲜花）,花生活,蓝色预警,0,9,1,0.111111111,1,0.111111111,2,2,2,6.3,4,,,66
9725013,湘湘鲜花坊・七夕鲜花,花生活,黄色预警,8,38,0,0.157894737,0.142857143,0.184210526,8,2,3,26.6,16,,,87
8437926,花生活鲜花（金鳞花坊）,花生活,红色预警,3,49,0,0.755102041,0,0.551020408,15,3,4,34.3,20,,,66
9567829,花好月圆・七夕鲜花,花生活,红色预警,14,32,0,0.34375,0,0.375,14,3,4,22.4,13,,,91
8588169,小晴花艺（七夕情人节，告白，鲜花）,花生活,红色预警,0,9,0,0.555555556,0,0.444444444,2,2,2,6.3,4,,,74
8278267,花生活鲜花（时光对白花店）,花生活,黄色预警,3,15,0.25,0.133333333,0.5,0.133333333,3,2,2,10.5,7,,,66
9619422,甜蜜花派,花生活,红色预警,1,14,0,0.642857143,0,0.5,6,2,2,9.8,6,,,65
9615403,铂尔曼花都（七夕情人节，表白，鲜花）,花生活,红色预警,1,30,0.5,0.133333333,0,0.366666667,6,2,2,21,13,,,69
9217390,牵手鲜花店（七夕情人节，礼物，鲜花）,花生活,红色预警,5,16,0,0.4375,0,0.25,3,2,2,11.2,7,,,79
9475395,运通花艺（七夕情人节，告白，生日）,花生活,0,3,1,0,0,0,0,1,2,2,0.7,1,,,78
7514891,花生活鲜花（花之恋花卉）,花生活,红色预警,0,36,0,0.722222222,0,0.805555556,7,2,2,0,0,0,0,51
9653400,袭人花店・七夕鲜花,花生活,红色预警,7,27,0.25,0.296296296,0,0.185185185,3,2,2,18.9,11,,,88
9394619,花生活鲜花（鑫缘花店）,花生活,橙色预警,2,27,0,0.037037037,0,0.185185185,6,2,2,18.9,11,,,70
6865867,花生活鲜花（花满屋）,花生活,蓝色预警,11,25,0.125,0.08,0,0.04,5,2,2,17.5,11,,,69
9578992,众丽花店（七夕情人节，礼物，鲜花）,花生活,橙色预警,8,11,0.166666667,0.181818182,0.166666667,0.181818182,4,2,2,7.7,5,,,74
9022889,馨语花坊・七夕鲜花,花生活,黄色预警,10,22,0,0.090909091,0.285714286,0.045454545,4,2,2,15.4,9,,,91
7349050,花生活鲜花（馨灵花屋）,花生活,蓝色预警,8,35,0,0.114285714,0,0.057142857,7,2,3,24.5,15,,,86
7475293,花生活鲜花（520忆花坊）,花生活,橙色预警,6,33,0,0.090909091,0,0.242424242,12,2,4,23.1,14,,,83
9630681,花鲜谷,花生活,红色预警,0,6,0,0.833333333,0,0.5,3,2,2,4.2,2,,,60
7427902,花生活鲜花（同心花艺）,花生活,蓝色预警,5,11,0,0.090909091,0.2,0.090909091,4,2,2,7.7,5,,,67
9271171,墨香阁花饰礼仪（七夕节日，表白，鲜花）,花生活,红色预警,0,5,0,0.8,0,0.8,3,2,2,3.5,2,,,64
7317971,花生活鲜花（如意花坊银川店店）,花生活,黄色预警,1,11,0,0.181818182,0,0.181818182,2,2,2,7.7,5,,,66
7022275,花生活鲜花（太阳红花店）,花生活,红色预警,2,2,0,0,0,0,1,2,2,1.4,1,,,73
9075075,辉辉鲜花（七夕情人节，表白，鲜花）,花生活,红色预警,0,6,1,0.833333333,1,0.166666667,2,2,2,4.2,2,,,55
9393938,花店（七夕情人节，礼物，鲜花）,花生活,红色预警,5,8,0.333333333,0.375,0.333333333,0.375,3,2,2,5.6,4,,,76
9138121,琼瑛花坊,花生活,红色预警,3,9,0.4,0.555555556,0.2,0.444444444,3,2,2,6.3,4,,,62
7642006,花生活鲜花（爱人鲜花）,花生活,0,14,17,0,0.058823529,0,0,5,2,2,11.9,7,,,71
9257823,小雨点花屋（七夕情人节，告白，生日）,花生活,0,7,6,0.166666667,0,0.166666667,0,2,2,2,4.2,2,,,63
9616920,匠心花艺馆・七夕鲜花,花生活,0,3,17,0,0.117647059,0,0,3,2,2,11.9,7,,,79
8709973,鲜花礼品・七夕鲜花,花生活,黄色预警,6,21,0,0,0,0.047619048,3,2,2,14.7,9,,,81
9547684,丽人鲜花婚庆（七夕预定，表白，鲜花）,花生活,红色预警,3,25,0,0.24,0,0.12,4,2,2,17.5,11,,,71
9529971,满天星鲜花・七夕鲜花,花生活,红色预警,0,36,0,0.25,0,0.166666667,6,2,2,25.2,15,,,59
9670949,花阁・七夕鲜花,花生活,红色预警,1,8,0,0.375,0,0.375,2,2,2,5.6,4,,,72
4464626,花生活鲜花（雪莲花艺）,花生活,红色预警,5,67,0,0.179104478,0,0.134328358,12,2,4,46.9,28,,,87
9490933,鼎胜婚礼,花生活,红色预警,1,39,0,0.384615385,0,0.256410256,7,2,2,27.3,16,,,72
8958030,不忘初心花艺・七夕鲜花,花生活,红色预警,6,91,0,0.186813187,0,0.285714286,13,3,4,63.7,38,,,91
8983872,富康蛋糕店,花生活,红色预警,5,14,0.375,0.142857143,0.125,0.285714286,3,2,2,9.8,6,,,68
9393830,敏盈花店（七夕情人节，告白，生日）,花生活,橙色预警,7,5,0,0,0,0.2,2,2,2,3.5,2,,,90
3114926,花生活鲜花（艺博花艺）,花生活,红色预警,4,29,0,0.24137931,0,0.068965517,7,2,2,20.3,12,,,68
6543684,花生活鲜花（椰林花店）,花生活,黄色预警,20,39,0.142857143,0.128205128,0.285714286,0.076923077,6,2,2,27.3,16,,,76
6773941,花生活鲜花（百合馆鲜花店）,花生活,蓝色预警,2,37,0,0.081081081,0,0.135135135,5,2,2,25.9,16,,,67
9650544,水培花艺（七夕节日，表白，鲜花）,花生活,红色预警,5,31,0.285714286,0.419354839,0,0.225806452,6,2,2,21.7,13,,,62
9220398,情之源花艺（七夕情人节，告白，生日）,花生活,红色预警,4,18,0,0.333333333,0.25,0.166666667,4,2,2,12.6,8,,,68
9644106,四新花卉・七夕鲜花,花生活,红色预警,0,15,1,0.733333333,1,0.533333333,3,2,2,10.5,7,,,59
8803816,竹蜻蜓花艺坊・七夕鲜花,花生活,红色预警,3,9,0,0.666666667,0,0.666666667,3,2,2,6.3,4,,,69
9485288,鑫苑花坊・七夕鲜花,花生活,0,5,41,0.571428571,0.048780488,0.142857143,0.048780488,8,2,3,28.7,17,,,84
7310176,花生活鲜花（新罗区石斛花坊）,花生活,红色预警,0,5,1,0.6,1,0.4,1,2,2,3.5,2,,,58
7642002,花生活鲜花（拾花者）,花生活,红色预警,1,26,0,0.538461538,0,0.346153846,4,2,2,18.2,11,,,75
9579820,制谈叨讼驶ㄆ球party（七夕预定，表白，鲜花）,花生活,红色预警,0,8,0,0.125,0,0.125,3,2,2,5.6,4,,,59
2922099,花生活鲜花（小草堂花艺生活馆）,花生活,红色预警,8,16,0.111111111,0.3125,0.333333333,0.375,10,2,3,11.2,7,,,82
7196730,友缘鲜花（七夕节日，表白，鲜花）,花生活,0,23,100,0.045454545,0.05,0.227272727,0.08,15,4,6,70,42,,,84
8435953,有间花店・七夕鲜花,花生活,红色预警,9,75,0,0.106666667,0,0.306666667,13,3,4,52.5,32,,,81
9649135,娄阑花艺,花生活,红色预警,4,31,0.666666667,0.35483871,0.416666667,0.35483871,7,2,2,21.7,13,,,69
6503029,花生活鲜花（漫漫鲜花坊）,花生活,0,1,11,0,0,0,0,3,2,2,7.7,5,,,67
9291611,红果心悦花艺（七夕情人节，礼物，鲜花）,花生活,红色预警,7,23,0.5,0.260869565,0.25,0.217391304,3,2,2,16.1,10,,,80
7022271,花生活鲜花（心艺花店）,花生活,黄色预警,4,11,0,0.090909091,0,0.181818182,2,2,2,7.7,5,,,75
7022375,花生活鲜花（冉绘鲜花）,花生活,0,4,29,0,0.034482759,0,0.034482759,7,2,3,20.3,12,,,79
9553866,鑫源鲜花店・七夕鲜花,花生活,红色预警,10,16,0.222222222,0.5625,0.111111111,0.3125,5,2,2,11.2,7,,,82
7392896,花生活鲜花（花之物语花店）,花生活,红色预警,0,4,0,1,0,0.75,2,2,2,2.8,2,,,57
9704573,凡花小筑,花生活,蓝色预警,6,32,0.166666667,0.09375,0.166666667,0.0625,5,2,2,22.4,13,,,84
9074936,十三花艺奶茶馆（七夕预定，表白，鲜花）,花生活,橙色预警,2,15,0.5,0.133333333,0.5,0.2,4,2,2,10.5,7,,,65
9673888,雪艳鲜花,花生活,红色预警,6,15,0.2,0.2,0,0.4,3,2,2,10.5,7,,,75
7349110,花生活鲜花（芳香花艺馆）,花生活,红色预警,5,6,0,0,0.25,0.666666667,2,2,2,4.2,2,,,75
9490941,茗蔓花艺（七夕情人节，告白，鲜花）,花生活,红色预警,7,9,0,0.222222222,0,0.333333333,3,2,2,6.3,4,,,76
9346984,爱琴海（七夕情人节，表白，鲜花）,花生活,0,1,5,0,0,0,0,2,2,2,3.5,2,,,71
9217394,花店,花生活,0,0,2,1,0,1,0,1,2,2,1.4,1,,,60
8207114,花生活鲜花（初吻花坊）,花生活,橙色预警,0,5,1,0.2,1,0,2,2,2,3.5,2,,,59
5962302,花生活鲜花（众里寻Ta花舍）,花生活,红色预警,0,9,0,0.222222222,0,0,3,2,2,6.3,4,,,67
7642075,花生活鲜花（紫罗兰花艺坊）,花生活,红色预警,0,6,0,0.5,0,0.333333333,3,2,2,4.2,2,,,63
9466734,应姐鲜花店（七夕情人节，告白，生日）,花生活,红色预警,7,35,0.25,0.285714286,0.125,0.428571429,9,2,3,24.5,15,,,79
9653396,花之园鲜花,花生活,0,3,12,0,0.083333333,0,0.083333333,4,2,2,8.4,5,,,85
7514887,花生活鲜花（平价鲜花坊）,花生活,红色预警,1,12,1,0.416666667,0.666666667,0.166666667,3,2,2,8.4,5,,,59
9267508,福俊王花艺,花生活,红色预警,0,4,0,1,0,0.5,2,2,2,2.8,2,,,58
9288056,云朵鲜花（重庆路店）,花生活,红色预警,0,2,0,1,0,1,1,2,2,1.4,1,,,66
7207845,花生活鲜花（花言巧语花艺坊）,花生活,0,1,3,1,0.333333333,1,0,1,2,2,2.1,1,,,60
9221143,明明鲜花店（七夕情人节，礼物，鲜花）,花生活,红色预警,1,1,0,1,0,0,1,2,2,0.7,1,,,81
2095123,花生活鲜花（遇见花艺馆）,花生活,蓝色预警,75,260,0.127272727,0.026923077,0.090909091,0.111538462,35,7,12,182,109,,,95
9609014,幸运小葵花艺馆（七夕情人节，告白，生日）,花生活,蓝色预警,15,37,0,0,0,0.108108108,8,2,3,25.9,16,,,84
7515286,花生活鲜花（窑辉鲜花礼仪）,花生活,蓝色预警,7,102,0.2,0.068627451,0,0.12745098,26,6,9,71.4,43,,,72
8435959,花生活鲜花（玫瑰花坊）,花生活,0,9,39,0.25,0.076923077,0.166666667,0.102564103,5,2,2,27.3,16,,,75
9287581,缘来,花生活,红色预警,1,7,0,0.142857143,0,0.285714286,2,2,2,4.9,3,,,72
9346976,花悦鲜花店・七夕鲜花,花生活,橙色预警,5,16,0,0.1875,0,0.125,4,2,2,11.2,7,,,82
9288062,迷雾花园高端婚礼花艺私人定制（七夕情人节，礼物，鲜花）,花生活,红色预警,1,4,0,0.25,0,0.25,2,2,2,2.8,2,,,68
9785819,丽娜花卉,花生活,蓝色预警,12,13,0.125,0,0,0.153846154,2,2,2,9.1,5,,,76
9586801,溢清园花卉・七夕鲜花,花生活,红色预警,16,60,0,0.35,0.3,0.333333333,17,3,5,42,25,,,83
9387015,百合花艺（七夕情人节，表白，鲜花）,花生活,黄色预警,7,10,0,0,0.2,0.2,3,2,2,7,4,,,84
7207842,花生活鲜花（兰草缘花坊鲜花）,花生活,0,4,27,0.25,0,0,0.037037037,7,2,3,18.9,11,,,72
9770668,熙家花园,花生活,红色预警,3,8,0,0.375,0,0.375,1,2,2,5.6,4,,,75
9620506,锦尚缘婚庆・七夕鲜花,花生活,0,6,23,0,0,0.166666667,0.043478261,4,2,2,16.1,10,,,68
9224608,院子花艺（毕节老车站分店）,花生活,红色预警,1,33,0.5,0.363636364,0.5,0.272727273,5,2,2,23.1,14,,,58
8471194,花生活鲜花（红日・兰拉德鲜花）,花生活,红色预警,1,5,0,0.6,0,0.6,1,2,2,3.5,2,,,73
7994666,花生活鲜花（遇见花艺鲜花店）,花生活,红色预警,4,86,0,0.139534884,1,0.058139535,19,3,5,60.2,36,,,80
8357579,花生活鲜花（花心思鲜花店北海店）,花生活,0,16,19,0,0.052631579,0,0,5,2,2,13.3,8,,,75
9616926,甜蜜蜜庆典,花生活,0,4,20,0,0.05,0,0.05,6,2,3,14,8,,,81
6609908,花生活鲜花（唯爱花店）,花生活,红色预警,6,37,0,0.135135135,0.6,0.081081081,6,2,2,25.9,16,,,63
9393934,田原花店（七夕情人节，表白，鲜花）,花生活,橙色预警,6,29,0,0.103448276,0,0.137931034,6,2,2,20.3,12,,,86
9426613,巧遇・七夕鲜花,花生活,红色预警,0,28,0,0.285714286,0,0.321428571,5,2,2,19.6,12,,,63
7088807,韦爵爷生活花艺馆（七夕情人节，礼物，鲜花）,花生活,红色预警,5,9,0.333333333,0.222222222,0.333333333,0,3,2,2,6.3,4,,,79
9310275,花艺生活馆（七夕节日，表白，鲜花）,花生活,橙色预警,1,4,0,0,0,0.25,2,2,2,2.8,2,,,76
9465243,花乡・七夕鲜花,花生活,红色预警,1,7,0,0.714285714,0,0.142857143,2,2,2,4.9,3,,,78
9621811,唯美鲜花园艺（七夕情人节，告白，鲜花）,花生活,红色预警,2,6,0,0.166666667,0,0.333333333,2,2,2,4.2,2,,,90
9268475,觅花者（七夕预定，表白，鲜花）,花生活,0,1,30,0,0.066666667,0,0.1,8,2,3,21,13,,,86
9347479,鲜花工作室（七夕情人节，礼物，鲜花）,花生活,红色预警,4,7,0,0.285714286,0,0.142857143,3,2,2,4.9,3,,,71
5054488,花生活鲜花（华粤鲜花馆）,花生活,红色预警,0,5,0,0.8,0,0.6,3,2,2,3.5,2,,,62
9456530,友琦鲜花店,花生活,红色预警,0,3,0,1,0,0.666666667,1,2,2,2.1,1,,,60
9674535,玫瑰佳人花卉店,花生活,红色预警,4,15,0,0.6,0,0.266666667,3,2,2,10.5,7,,,84
9106749,一家花艺（七夕节日，表白，鲜花）,花生活,红色预警,0,35,0,0.285714286,0,0.285714286,11,2,3,24.5,15,,,66
9629138,沐阳花坊（七夕情人节，礼物，鲜花）,花生活,红色预警,0,16,0,0.25,0,0.1875,3,2,2,11.2,7,,,74
9553728,丘比特鲜花,花生活,红色预警,9,1,0.3,0,0.2,0,1,2,2,0.7,1,,,71
9619466,丘比特鲜花,花生活,红色预警,1,1,0,0,0,0,1,2,2,0.7,1,,,52
8435958,花生活鲜花（浪漫花都）,花生活,蓝色预警,25,59,0.047619048,0,0,0.152542373,15,3,5,41.3,25,,,89
9704578,一朵,花生活,红色预警,3,5,0,0.4,0,0.4,1,2,2,3.5,2,,,65
9075020,七彩鲜花花店（七夕节日，表白，鲜花）,花生活,蓝色预警,5,68,0,0.058823529,0,0.088235294,15,3,5,47.6,29,,,78
6882164,花生活鲜花（天蓉鲜花店）,花生活,红色预警,1,12,0,0.333333333,0,0.25,3,2,2,8.4,5,,,74
9688538,MissYou花艺工作室,花生活,红色预警,1,31,0,0.516129032,0,0.387096774,7,2,2,21.7,13,,,65
8280405,花生活鲜花（臻挚花艺馆）,花生活,红色预警,0,12,0,0.833333333,0,0.666666667,4,2,2,8.4,5,,,58
6132769,花生活鲜花（艾洛芙花坊）,花生活,红色预警,5,25,0,0.24,0,0.24,6,2,2,17.5,11,,,87
8866729,花语轩（七夕情人节，表白，鲜花）,花生活,0,4,98,0,0.040816327,0,0.040816327,16,4,6,68.6,41,,,81
9363285,花花小姐（七夕情人节，表白，鲜花）,花生活,红色预警,0,27,1,0.518518519,1,0.37037037,5,2,2,18.9,11,,,60
7392788,花生活鲜花（非凡花艺）,花生活,0,12,29,0.222222222,0,0.333333333,0.068965517,4,2,2,20.3,12,,,82
9228345,同城花艺（七夕情人节，告白，生日）,花生活,红色预警,0,18,1,0.166666667,0.6,0.111111111,4,2,2,12.6,8,,,77
7545489,花生活鲜花（花草堂鲜花店）,花生活,红色预警,7,69,0.333333333,0.217391304,0.166666667,0.188405797,9,2,3,48.3,29,,,67
8357592,花生活鲜花（花心思花艺贵阳店）,花生活,橙色预警,0,58,1,0.172413793,1,0.051724138,15,3,5,40.6,25,,,63
8278324,花生活鲜花（翊渡花舍鲜花店）,花生活,红色预警,0,3,0,1,0,1,2,2,2,2.1,1,,,52
8089012,花生活鲜花（三爷花店）,花生活,0,14,76,0.076923077,0.052631579,0.076923077,0.078947368,11,3,4,53.2,32,,,93
9629137,久久花艺（七夕节日，表白，鲜花）,花生活,红色预警,6,10,0.142857143,0.3,0,0.2,2,2,2,7,4,,,69
4742557,花生活鲜花（陌上花开株洲店）,花生活,0,4,20,0.5,0.05,0.25,0,3,2,2,14,8,,,70
9131459,花心花卉（七夕情人节，礼物，鲜花）,花生活,0,13,48,0,0,0,0.041666667,9,2,4,33.6,20,,,84
7264472,花生活鲜花（花朝鲜花店）,花生活,红色预警,0,34,1,0.352941176,1,0.205882353,5,2,2,0,0,0,0,58
9529967,春拾花稀て呦ο驶,花生活,0,11,14,0,0,0,0.071428571,4,2,2,9.8,6,,,73
7022276,花生活鲜花（姐姐的花店）,花生活,黄色预警,7,25,0,0.04,0,0.12,4,2,2,17.5,11,,,78
9108413,鸿恩花行（七夕节日，表白，鲜花）,花生活,红色预警,6,17,0,0.176470588,0.25,0.058823529,5,2,2,11.9,7,,,77
9138122,圣洁鲜花（七夕节日，表白，鲜花）,花生活,0,5,12,0.285714286,0.083333333,0,0,2,2,2,8.4,5,,,64
9715468,花唯媒,花生活,红色预警,2,25,0.5,0.36,0,0.32,4,2,2,17.5,11,,,81
9221114,有间花坊（七夕情人节，表白，鲜花）,花生活,0,15,34,0.083333333,0.029411765,0,0.088235294,12,3,5,23.8,14,,,86
9803683,乐乐花坊,花生活,0,3,2,0,0,0,0,1,2,2,1.4,1,,,67
8776857,盛世情缘花店（七夕预定，表白，鲜花）,花生活,黄色预警,9,32,0,0.09375,0,0.1875,6,2,2,22.4,13,,,82
9566668,花花花鲜花店・七夕鲜花,花生活,黄色预警,2,19,0,0.052631579,0,0.210526316,3,2,2,13.3,8,,,85
9412870,时简鲜花店・七夕鲜花,花生活,红色预警,1,9,0.5,0.444444444,0.5,0.222222222,2,2,2,6.3,4,,,60
8207119,花生活鲜花（温馨花屋鲜花店）,花生活,红色预警,0,8,0,0.125,0,0,3,2,2,5.6,4,,,61
7514883,花生活鲜花（倾城花屋）,花生活,橙色预警,9,16,0.428571429,0.1875,0.285714286,0.1875,4,2,2,11.2,7,,,75
7642072,花生活鲜花（花花世界安顺店）,花生活,红色预警,2,10,0.333333333,0.5,0.333333333,0.4,4,2,2,7,4,,,63
9599507,卡斯曼花艺蛋糕（七夕情人节，礼物，鲜花）,花生活,黄色预警,1,7,0.5,0,0,0.142857143,1,2,2,4.9,3,,,66
7994671,花生活鲜花（爱花坊鲜花店）,花生活,红色预警,3,13,0,0.153846154,0,0.076923077,7,2,2,9.1,5,,,81
9393939,锦喜汇2花艺婚庆,花生活,黄色预警,2,37,0,0,0,0.135135135,7,2,3,25.9,16,,,71
9805717,陶莉花艺,花生活,红色预警,0,5,0,0.6,0,0.8,2,2,2,3.5,2,,,60
8437927,花生活鲜花（倾城花坊）,花生活,0,0,4,1,0,1,0,1,2,2,2.8,2,,,58
8588170,天天鲜花,花生活,红色预警,0,10,0,0.5,0,0.4,4,2,2,7,4,,,67
4304946,花生活鲜花（城市花坊）,花生活,0,3,12,0.5,0.083333333,0.25,0,3,2,2,8.4,5,,,62
8801129,浪漫人生婚庆（七夕情人节，表白，鲜花）,花生活,黄色预警,0,7,1,0.142857143,0.333333333,0.142857143,3,2,2,4.9,3,,,67
7166112,花生活鲜花（蒂留香花艺）,花生活,红色预警,0,3,0,0.333333333,0,0.333333333,1,2,2,2.1,1,,,57
8958027,芙蓉仙鲜花店（七夕情人节，礼物，鲜花）,花生活,红色预警,9,22,0,0.045454545,0.166666667,0.272727273,8,2,3,15.4,9,,,85
9691750,昕悦花房,花生活,0,0,3,1,0,1,0,1,2,2,2.1,1,,,58
9490946,初心花坊・七夕鲜花,花生活,橙色预警,6,21,0,0.19047619,0,0.142857143,4,2,2,14.7,9,,,73
9288508,时尚花艺（七夕情人节，告白，生日）,花生活,红色预警,1,1,0,1,0,1,1,2,2,0.7,1,,,76
9785818,蒂留香花艺,花生活,红色预警,0,21,0,0.428571429,0,0.619047619,6,2,2,14.7,9,,,63
7317972,花生活鲜花（知音花艺）,花生活,红色预警,5,7,0,0,0,0.285714286,4,2,2,4.9,3,,,71
7428704,花生活鲜花（水晶之恋花坊）,花生活,红色预警,1,2,0,0,0,0,1,2,2,1.4,1,,,69
9705211,眉州花艺,花生活,红色预警,2,3,0,0.333333333,0,0.333333333,1,2,2,2.1,1,,,64
8801128,后花园花艺（七夕预定，表白，鲜花）,花生活,蓝色预警,12,81,0.142857143,0.098765432,0.285714286,0.135802469,9,2,3,56.7,34,,,88
2880558,花生活鲜花（创意花坊）,花生活,红色预警,7,71,0,0.084507042,0,0.070422535,9,2,3,49.7,30,,,74
9766742,忆花谷,花生活,红色预警,0,11,0,0.272727273,0,0.363636364,3,2,2,7.7,5,,,55
6773784,花生活鲜花（缤纷花屋）,花生活,黄色预警,8,25,0,0.08,0,0.16,4,2,2,17.5,11,,,86
9475394,时空花盟花艺馆・七夕鲜花,花生活,橙色预警,4,31,0.428571429,0.193548387,0.142857143,0.129032258,6,2,2,21.7,13,,,73
9466737,花言草语・七夕鲜花,花生活,蓝色预警,22,58,0,0.086206897,0,0.068965517,7,2,3,40.6,25,,,88
9415375,远尚花卉（七夕情人节，表白，鲜花）,花生活,红色预警,0,30,0,0.133333333,0,0.433333333,6,2,2,21,13,,,64
7622475,花生活鲜花（爱花人）,花生活,红色预警,6,4,0,0.25,0,0,2,2,2,2.8,2,,,78
8958034,一心花社・七夕鲜花,花生活,红色预警,1,8,0.857142857,1,0.571428571,1,2,2,2,5.6,4,,,62
9466729,爱尚花艺鲜花,花生活,红色预警,4,70,0.4,0.428571429,0.4,0.428571429,7,2,2,49,29,,,82
6956267,花生活鲜花（佳人婚庆店）,花生活,红色预警,3,29,0,0.172413793,0,0.24137931,7,2,2,20.3,12,,,67
8709968,听雨花坊（七夕情人节，表白，鲜花）,花生活,红色预警,0,12,0,0.666666667,0,0.666666667,4,2,2,8.4,5,,,58
9713962,琪琪花店,花生活,红色预警,1,16,0.5,0.3125,0.5,0.25,4,2,2,11.2,7,,,65
7642070,花生活鲜花（麦子花艺馆）,花生活,红色预警,0,22,0,0.090909091,0,0.136363636,7,2,2,15.4,9,,,59
9629136,左明利鲜花店（七夕节日，表白，鲜花）,花生活,红色预警,1,16,0,0.4375,0,0.3125,4,2,2,11.2,7,,,74
9426611,蝶之恋花坊（七夕情人节，礼物，鲜花）,花生活,橙色预警,10,55,0,0.145454545,0.222222222,0.218181818,11,2,4,38.5,23,,,85
7310188,花梦谷花卉（七夕节日，表白，鲜花）,花生活,橙色预警,3,16,0,0.125,0.5,0,3,2,2,11.2,7,,,73
9616924,那一朵花店,花生活,蓝色预警,4,11,0,0.090909091,0,0,2,2,2,7.7,5,,,78
8959451,花样屋・七夕鲜花,花生活,蓝色预警,4,10,0.555555556,0.1,0.333333333,0.1,2,2,2,7,4,,,62
9615411,花生活鲜花（爱丽丝）,花生活,红色预警,0,19,0,0.421052632,0,0.473684211,3,2,2,13.3,8,,,63
9477388,今朝有约（七夕预定，表白，鲜花）,花生活,红色预警,0,3,0,0.666666667,0,0,1,2,2,2.1,1,,,56
9580569,花伴鲜花,花生活,蓝色预警,5,35,0,0.057142857,0,0.114285714,7,2,3,24.5,15,,,83
6882162,花生活鲜花（七里香花艺）,花生活,红色预警,0,10,1,0.5,1,0.5,2,2,2,7,4,,,58
8822565,栗子花店（七夕预定，表白，鲜花）,花生活,0,12,15,0.2,0.066666667,0,0,3,2,2,10.5,7,,,77
9271170,花生活鲜花（菲菲花坊）,花生活,红色预警,4,41,0,0.048780488,0,0.073170732,9,2,3,28.7,17,,,89
9665018,鹏瞩花业,花生活,黄色预警,9,25,0,0.04,0,0.16,4,2,2,17.5,11,,,79
8278322,花生活鲜花（岭铖花坊）,花生活,红色预警,7,19,0.125,0.263157895,0.125,0.157894737,6,2,2,13.3,8,,,66
9553653,芳华花艺（七夕情人节，礼物，鲜花）,花生活,0,4,26,0,0.038461538,0,0.076923077,5,2,2,18.2,11,,,89
8902548,幸福花店（七夕预定，表白，鲜花）,花生活,红色预警,6,42,0.428571429,0.428571429,0.142857143,0.5,10,2,3,29.4,17,,,78
7690567,花生活鲜花（温馨花店）,花生活,红色预警,23,78,0,0.012820513,0.214285714,0.012820513,13,3,4,54.6,33,,,79
9346988,花溪畔花艺生活馆,花生活,蓝色预警,11,15,0.125,0.066666667,0,0.133333333,2,2,2,10.5,7,,,70
8588168,石林花之缘花艺・七夕鲜花,花生活,黄色预警,3,44,0,0.090909091,0,0.159090909,7,2,3,30.8,19,,,88
8595633,小玲盆栽鲜花店,花生活,红色预警,4,8,0.5,0.25,0.5,0.125,2,2,2,5.6,4,,,59
7166110,花生活鲜花（花香鲜花店）,花生活,0,17,31,0.076923077,0,0.230769231,0.064516129,7,2,3,21.7,13,,,83
7392899,花生活鲜花（花房姑娘鲜花店）,花生活,红色预警,1,15,1,0.466666667,0,0.333333333,4,2,2,10.5,7,,,64
8803763,花唯媒,花生活,红色预警,4,4,0,1,0,1,2,2,2,2.8,2,,,68
3174325,花生活鲜花（乐派花艺）,花生活,红色预警,4,3,0.875,0.333333333,0.625,0.666666667,1,2,2,2.1,1,,,63
9469052,花堡・七夕鲜花,花生活,红色预警,3,28,0.4,0.678571429,0,0.535714286,10,2,3,19.6,12,,,68
7514890,花生活鲜花（金蔷薇时尚花艺）,花生活,0,6,42,0,0.023809524,0,0.047619048,6,2,3,29.4,17,,,71
9356230,陌上花开,花生活,红色预警,2,9,0,0.555555556,0,0.444444444,3,2,2,6.3,4,,,85
5630285,呆子花艺（七夕预定，告白，生日）,花生活,红色预警,2,22,0.666666667,0.409090909,0.5,0.545454545,7,2,2,15.4,9,,,60
5056286,花生活鲜花（撒罗米园艺）,花生活,红色预警,2,2,0,0,0.5,0,1,2,2,1.4,1,,,68
6826772,花生活鲜花（倾城时光鲜花）,花生活,0,4,20,0,0,0,0.05,5,2,2,14,8,,,90
9723612,艾诺鲜花（七夕预定，告白，生日，礼物鲜花）,花生活,红色预警,3,16,0.5,0.0625,0,0.3125,4,2,2,11.2,7,,,78
9615402,沾花惹草（七夕情人节，表白，鲜花）,花生活,0,1,2,0,0,0,0,1,2,2,1.4,1,,,69
6773719,花生活鲜花（好百年婚庆）,花生活,0,0,2,0,0,0,0,1,2,2,1.4,1,,,57
8462158,花生活鲜花（鲜花花之语气球DIY）,花生活,红色预警,1,10,0.666666667,0.6,0.666666667,0.5,3,2,2,7,4,,,59
2019807,花生活鲜花（爱荷花坊）,花生活,红色预警,1,12,0.5,0.75,1,0.25,6,2,2,8.4,5,,,56
3027069,花生活鲜花（艺都鲜花）,花生活,红色预警,3,11,0,0.545454545,0,0.454545455,4,2,2,7.7,5,,,66
9653439,倾城花艺,花生活,橙色预警,4,4,0,0,0,0.25,2,2,2,2.8,2,,,74
9267511,花儿朵朵,花生活,红色预警,0,3,0,0.666666667,0,0.666666667,1,2,2,2.1,1,,,55
9629175,心连心鲜花婚庆（七夕情人节，表白，鲜花）,花生活,红色预警,0,2,1,0.5,1,0,2,2,2,1.4,1,,,59
9531959,佳缘花艺（鲜花，绿植，生日，表白）,花生活,0,1,31,0,0,0,0.096774194,7,2,3,21.7,13,,,77
9534946,花好月圆（七夕情人节，告白，鲜花）,花生活,黄色预警,1,13,0,0.153846154,0,0.153846154,4,2,2,9.1,5,,,79
9687535,花漾人生・七夕鲜花,花生活,0,5,19,0,0,0,0.052631579,3,2,2,13.3,8,,,88
9448534,时光?花里鲜花店,花生活,0,6,28,0.142857143,0,0,0.071428571,4,2,2,19.6,12,,,82
6579105,花生活鲜花（经典鲜花蛋糕）,花生活,0,7,14,0,0.071428571,0.5,0,2,2,2,9.8,6,,,69
2174771,花生活鲜花（九零花坊）,花生活,0,0,20,0,0.05,0,0.1,4,2,2,14,8,,,70
6305029,花生活鲜花（庆祝花卉）,花生活,黄色预警,17,168,0.153846154,0.101190476,0.076923077,0.011904762,19,4,6,117.6,71,,,88
9415374,情之缘花店（七夕情人节，告白，生日）,花生活,黄色预警,1,37,0,0.108108108,0,0.054054054,6,2,2,25.9,16,,,77
7022274,花生活鲜花（唯爱花坊）,花生活,蓝色预警,4,27,0,0.074074074,0,0.111111111,5,2,2,18.9,11,,,80
7514881,花生活鲜花（小简花艺工作室）,花生活,0,5,60,0,0.016666667,0,0.05,10,3,4,42,25,,,83
9599505,千寻花道生活馆（七夕情人节，告白，生日）,花生活,红色预警,0,11,0,0.636363636,0,0.545454545,2,2,2,7.7,5,,,73
9775252,如意鲜花婚庆,花生活,蓝色预警,3,52,0,0.019230769,1,0.115384615,9,2,3,36.4,22,,,67
7545487,花生活鲜花（雨辉花店）,花生活,红色预警,4,14,0.25,0.071428571,0,0.428571429,3,2,2,9.8,6,,,84
9217388,花坞鲜花绿植店,花生活,红色预警,2,32,0.666666667,0.3125,0.666666667,0.21875,7,2,2,22.4,13,,,56
8801127,青艺鲜花（七夕情人节，表白，鲜花）,花生活,蓝色预警,1,13,0,0.076923077,0,0.076923077,3,2,2,9.1,5,,,68
9636926,花为媒鲜花店,花生活,蓝色预警,7,37,0.333333333,0.081081081,0.333333333,0.135135135,7,2,3,25.9,16,,,73
9720070,花妍花语・七夕鲜花,花生活,黄色预警,11,40,0.5,0.15,0,0.05,10,2,3,28,17,,,82
8755682,琪琪花店（七夕情人节，表白，鲜花）,花生活,红色预警,6,38,0.142857143,0.236842105,0,0.210526316,6,2,2,26.6,16,,,86
9075074,二棵树花店（七夕预定，表白，鲜花）,花生活,黄色预警,1,19,0,0.157894737,0,0.210526316,3,2,2,13.3,8,,,78
9688007,芳汀花店・七夕鲜花,花生活,红色预警,0,31,1,0.129032258,0.5,0.387096774,5,2,2,21.7,13,,,70
9268478,花甜蜜（花生活鲜花店）,花生活,红色预警,0,5,0,0.6,0,0.2,1,2,2,3.5,2,,,59
8357582,花生活鲜花（遇见BEAUTY）,花生活,0,22,56,0.05,0.035714286,0,0.035714286,9,2,4,39.2,23,,,83
3562612,花生活鲜花（俪缘摆渡人）,花生活,红色预警,0,1,0,0,0,0,1,2,2,0.7,1,,,57
9047238,浪漫花坊（七夕情人节，礼物，鲜花）,花生活,橙色预警,5,10,0.2,0,0,0,3,2,2,7,4,,,83
9688536,花漾人生花店・七夕鲜花,花生活,红色预警,0,17,0,0.764705882,0,0.411764706,10,2,3,11.9,7,,,67
1971869,花生活鲜花（嘿花哨花艺）,花生活,黄色预警,3,30,0,0.1,0,0,5,2,2,21,13,,,71
8437925,花生活鲜花（花间密码鲜花店）,花生活,红色预警,0,3,0,0.666666667,0,0.333333333,1,2,2,2.1,1,,,61
9724666,壬癸鲜花,花生活,红色预警,2,27,0,0.296296296,0,0.296296296,4,2,2,18.9,11,,,86
6626527,花生活鲜花（博雅鲜花店）,花生活,0,15,35,0,0.057142857,0,0.028571429,8,2,3,24.5,15,,,71
8958944,小燕子花艺（七夕情人节，礼物，鲜花）,花生活,红色预警,0,7,0,0.285714286,0,0.285714286,2,2,2,4.9,3,,,57
8755674,浪漫今生（七夕预定，表白，鲜花）,花生活,橙色预警,0,10,0,0.2,0,0.2,2,2,2,7,4,,,59
9687574,遇见花艺馆,花生活,红色预警,0,5,0,0.4,0,0.2,5,2,2,3.5,2,,,60
9346979,有家花店（七夕节日，表白，鲜花）,花生活,红色预警,2,2,0,0.5,0.5,0.5,1,2,2,1.4,1,,,68
8755677,花开一束・七夕鲜花,花生活,0,5,76,0,0.065789474,0,0.065789474,9,2,4,53.2,32,,,89
9705212,唯美花艺,花生活,橙色预警,3,34,0,0.205882353,0,0.205882353,7,2,2,23.8,14,,,86
7392902,花生活鲜花（花先生鲜花店）,花生活,红色预警,4,33,0.875,0.545454545,0.75,0.575757576,6,2,2,23.1,14,,,74
9620569,弗洛拉・七夕鲜花,花生活,红色预警,2,20,0.666666667,0.25,0.166666667,0.15,3,2,2,14,8,,,63
8278460,花生活鲜花（乐陵鲜花店）,花生活,橙色预警,5,56,0,0.125,0,0.214285714,18,3,5,39.2,23,,,84
9230141,情之缘鲜花超市,花生活,0,0,31,0,0,0,0,6,2,3,21.7,13,,,71
8207112,花生活鲜花（书悦花卉）,花生活,红色预警,11,51,0,0.098039216,0.5,0.078431373,8,2,3,35.7,22,,,78
9047506,花点时间（七夕节日，表白，鲜花）,花生活,红色预警,0,7,1,0.571428571,1,0.571428571,3,2,2,4.9,3,,,60
6773939,花生活鲜花（四季花苑）,花生活,0,23,61,0,0.016393443,0,0.049180328,9,2,4,42.7,26,,,91
8284386,花生活鲜花（花界花店）,花生活,蓝色预警,22,92,0.058823529,0.065217391,0.058823529,0.119565217,15,3,5,64.4,38,,,91
9421703,遇见你花艺,花生活,红色预警,2,26,0.5,0.461538462,0.5,0.269230769,5,2,2,18.2,11,,,67
8588171,心梦花艺,花生活,0,0,1,0,0,0,0,1,2,2,0.7,1,,,60
9810227,爱之漫,花生活,黄色预警,1,7,0,0.142857143,0,0.142857143,2,2,2,4.9,3,,,69
9586799,有间花店（七夕情人节，告白，生日）,花生活,红色预警,5,53,0.428571429,0.301886792,0.285714286,0.169811321,11,2,3,37.1,22,,,76
9393932,心语鲜花,花生活,橙色预警,0,16,0,0.125,0,0.1875,4,2,2,11.2,7,,,59
5860472,花生活鲜花（六月花坊）,花生活,橙色预警,0,37,0,0.216216216,0,0.216216216,10,2,3,25.9,16,,,76
8364417,花生活鲜花（花恋社花艺）,花生活,红色预警,5,89,0,0.168539326,0.5,0.101123596,13,3,4,62.3,37,,,75
6826710,花生活鲜花（LOVE鲜花店）,花生活,黄色预警,2,20,0,0.15,0,0.1,3,2,2,14,8,,,74
9272478,韦爵爷生活花艺馆（七夕节日，表白，鲜花）,花生活,0,7,13,0,0.076923077,0,0.076923077,2,2,2,9.1,5,,,70
8488489,爱花居晴儿鲜花（七夕情人节，告白，生日）,花生活,蓝色预警,8,84,0.142857143,0.023809524,0,0.05952381,17,4,6,58.8,35,,,90
9346982,忆花时间（七夕情人节，礼物，鲜花）,花生活,蓝色预警,16,27,0.2,0.037037037,0,0.148148148,7,2,3,18.9,11,,,83
7280704,花生活鲜花（槿妍花舍）,花生活,橙色预警,4,4,0.2,0,0.2,0.25,1,2,2,2.8,2,,,74
833749,花生活鲜花（卉轩鲜花礼品店）,花生活,0,8,12,0.2,0,0.2,0.083333333,4,2,2,8.4,5,,,64
9074934,公园鲜花店,花生活,0,1,2,0.75,0,0.25,0,2,2,2,1.4,1,,,58
9608756,时光花里,花生活,0,6,2,0,0,0,0,1,2,2,1.4,1,,,70
9348647,欣悦花坊（七夕情人节，礼物，鲜花）,花生活,蓝色预警,11,35,0,0.114285714,0,0.114285714,6,2,2,24.5,15,,,69
8959308,鲜花屋婚庆馆・七夕鲜花,花生活,黄色预警,14,67,0.2,0.134328358,0.266666667,0.194029851,10,2,3,46.9,28,,,73
9797278,花芊谷花艺七夕花店,花生活,红色预警,0,3,0,0.333333333,0,0.333333333,1,2,2,0,0,0,0,56
9687530,一朵花艺,花生活,0,4,2,0,0,0,0,1,2,2,1.4,1,,,69
9217392,维维花坊,花生活,0,2,3,0.666666667,0,0.333333333,0,1,2,2,2.1,1,,,72
9586880,幸福满屋花艺・七夕鲜花,花生活,红色预警,1,15,0,0.2,0,0.333333333,5,2,2,10.5,7,,,80
6773722,花生活鲜花（名缘花卉）,花生活,0,0,4,0,0,0,0,1,2,2,2.8,2,,,63
9619424,天天鲜花婚庆（七夕情人节，告白，生日）,花生活,红色预警,0,4,0,0.25,0,0,2,2,2,2.8,2,,,64
9704571,铭铭花店,花生活,红色预警,3,13,0,0.153846154,0,0.384615385,4,2,2,9.1,5,,,79
9608869,海霞花艺,花生活,红色预警,0,6,1,0.166666667,0,0.333333333,3,2,2,4.2,2,,,80
6773714,花生活鲜花（诚信花卉）,花生活,0,4,13,0,0,0,0.076923077,5,2,2,9.1,5,,,79
9608765,栋梁花卉・七夕鲜花,花生活,红色预警,0,5,0,0,0,0.4,3,2,2,3.5,2,,,72
7427904,花生活鲜花（我在等你）,花生活,红色预警,0,2,0,0.5,0,0.5,1,2,2,1.4,1,,,71
9602239,花语堂花店（七夕情人节，告白，鲜花）,花生活,红色预警,1,3,0,1,0,0.666666667,2,2,2,2.1,1,,,72
8364416,花生活鲜花（美之缘鲜花店）,花生活,红色预警,2,12,0.6,0.25,0.4,0.083333333,3,2,2,8.4,5,,,59
9221396,悦尚鲜花（建设路店）,花生活,红色预警,2,29,0,0.275862069,0,0.137931034,6,2,2,20.3,12,,,76
9472367,160花艺（七夕预定，表白，鲜花）,花生活,0,0,18,0,0.055555556,0,0,5,2,2,12.6,8,,,60
4363389,花生活鲜花（意达鲜花店）,花生活,0,8,132,0,0.03030303,0,0.083333333,27,6,10,92.4,55,,,88
9647338,玫瑰园,花生活,红色预警,1,3,0.875,0.333333333,0.625,0.333333333,2,2,2,2.1,1,,,74
7392893,花生活鲜花（百花轩）,花生活,橙色预警,7,22,0.4,0.090909091,0.3,0.227272727,3,2,2,15.4,9,,,71
9230140,花花世界鲜花坊（七夕情人节，礼物，鲜花）,花生活,0,1,15,0,0.066666667,0,0.066666667,5,2,2,10.5,7,,,81
8250905,花生活鲜花（FLOWER鲜花）,花生活,蓝色预警,17,64,0,0.078125,0,0.109375,12,3,4,44.8,27,,,88
9624708,花开时间,花生活,黄色预警,4,25,0,0.08,0,0.16,7,2,3,17.5,11,,,80
8278268,花生活鲜花（慧宇花屋）,花生活,黄色预警,1,22,0,0.136363636,0,0.045454545,3,2,2,15.4,9,,,78
9620568,爱都花艺・七夕鲜花,花生活,红色预警,0,15,0,0.2,0,0,4,2,2,10.5,7,,,62
4473272,花生活鲜花（祥瑞花艺坊）,花生活,红色预警,18,23,0,0.47826087,0,0.434782609,3,2,2,16.1,10,,,75
9608764,花阁・七夕鲜花,花生活,红色预警,3,18,0.25,0.388888889,0,0.333333333,3,2,2,12.6,8,,,82
9599508,时尚鲜花・七夕鲜花,花生活,橙色预警,1,23,0,0.173913043,0,0.260869565,4,2,2,16.1,10,,,71
7166264,花生活鲜花（花开相爱）,花生活,黄色预警,18,21,0,0.047619048,0.6,0.095238095,3,2,2,14.7,9,,,78
6704550,花生活鲜花（萌宠一花语）,花生活,红色预警,1,5,1,0.4,1,0.4,2,2,2,3.5,2,,,58
7545490,花生活鲜花（尚品花艺）,花生活,红色预警,0,12,0,0.25,0,0.166666667,2,2,2,8.4,5,,,60
9111024,点点花语（七夕情人节，表白，鲜花）,花生活,0,10,18,0,0,0,0,3,2,2,12.6,8,,,82
5379291,花生活鲜花（心怡花店）,花生活,红色预警,14,80,0,0.075,0,0.0125,12,2,4,56,34,,,81
8986583,馨语鲜花（七夕预定，表白，鲜花）,花生活,橙色预警,3,38,0,0.131578947,0,0.157894737,9,2,3,26.6,16,,,83
6773713,花生活鲜花（哈尔滨鲜花批发）,花生活,蓝色预警,1,9,1,0.111111111,1,0,4,2,2,6.3,4,,,66
6967767,花生活鲜花（花掌门）,花生活,0,6,12,0.333333333,0.083333333,0.166666667,0.083333333,2,2,2,8.4,5,,,80
9687529,湘湘鲜花坊（柴岗分店）,花生活,红色预警,0,4,1,0.75,0,0.25,1,2,2,2.8,2,,,64
7994663,花生活鲜花（爱轩花艺）,花生活,红色预警,2,13,0,0.461538462,0,0.384615385,6,2,2,9.1,5,,,77
7514884,花生活鲜花（启缘花店）,花生活,红色预警,2,27,0,0.259259259,0,0.259259259,4,2,2,18.9,11,,,64
8222414,花生活鲜花（如意花坊贵阳店）,花生活,黄色预警,17,27,0.071428571,0.148148148,0.571428571,0,5,2,2,18.9,11,,,69
7514892,花生活鲜花（花缘轩）,花生活,红色预警,17,41,0.111111111,0.12195122,0.222222222,0.097560976,10,2,3,28.7,17,,,79
9704579,品尚花店,花生活,红色预警,0,7,0,0.428571429,0,0.142857143,2,2,2,4.9,3,,,58
9217391,茗馨花坊（七夕情人节，告白，鲜花）,花生活,红色预警,2,26,0,0.269230769,0,0.153846154,7,2,2,18.2,11,,,75
7349051,花生活鲜花（花聚花艺馆）,花生活,红色预警,2,27,0,0.185185185,0,0.333333333,5,2,2,18.9,11,,,88
9393931,花开娜时花卉・七夕鲜花,花生活,黄色预警,5,36,0.5,0.111111111,0,0.083333333,12,3,4,25.2,15,,,77
7392901,花生活鲜花（挚爱一生鲜花店）,花生活,红色预警,2,9,0.666666667,0.666666667,0.666666667,0.333333333,2,2,2,6.3,4,,,59
8207111,花生活鲜花（有家花店）,花生活,红色预警,1,19,0,0.421052632,0,0.368421053,3,2,2,13.3,8,,,62
8709976,梵西花艺定制・七夕鲜花,花生活,蓝色预警,4,14,0,0.142857143,0,0.142857143,4,2,2,9.8,6,,,73
6773938,花生活鲜花（玫瑰花坊）,花生活,黄色预警,8,45,0,0.133333333,0,0.133333333,7,2,3,31.5,19,,,72
8471425,花生活鲜花（浓淋香花艺）,花生活,红色预警,2,12,0,0.833333333,0,0.5,2,2,2,8.4,5,,,70
9267505,爱吧鲜花店,花生活,红色预警,4,20,0,0.3,0,0.45,4,2,2,14,8,,,69
9228346,那朵花儿・七夕鲜花,花生活,0,3,17,0,0,0,0,4,2,2,11.9,7,,,71
5788642,花生活鲜花（花家花艺鲜花店）,花生活,0,1,1,0,0,0,0,1,2,2,0.7,1,,,67
8357593,花生活鲜花（花源花卉）,花生活,0,3,9,0,0,0,0,2,2,2,6.3,4,,,82
9771492,四叶草花坊,花生活,红色预警,2,8,0,0.25,0,0.125,3,2,2,5.6,4,,,69
9636929,发连花艺（七夕预定，表白，鲜花）,花生活,红色预警,0,9,0,0.444444444,0,0.666666667,4,2,2,6.3,4,,,58
5345425,花生活鲜花（花稼之约鲜花）,花生活,红色预警,2,17,0,0,0,0.117647059,9,2,3,11.9,7,,,86
9230084,花园鲜花（七夕预定，表白，鲜花）,花生活,红色预警,0,4,0,0,0,0.25,2,2,2,2.8,2,,,58
9228402,花之舞花艺,花生活,红色预警,1,1,0.5,1,1,1,1,2,2,0.7,1,,,54
8435950,花生活鲜花（玫瑰之约）,花生活,红色预警,1,10,0,0.6,0,0.5,3,2,2,7,4,,,58
9754988,洁子花店,花生活,橙色预警,1,4,0.5,0,0,0.25,3,2,2,2.8,2,,,63
9810231,荔枝花艺馆鲜花店（表白花・生日花・结婚花・开业花篮）,花生活,0,4,,0,0,0,0,无,2,2,,,,,64
10078498,陌上花开鲜花店（表白花・生日花・开业花篮・聊城店）,花生活,0,,,0,0,0,0,无,2,2,,,,,71
10217450,花之缘鲜花店（表白花・生日花・结婚花・开业花篮）,花生活,0,,,0,0,0,0,无,2,2,,,,,63
9855480,百合鲜花店（表白花・生日花・结婚花・开业花篮）,花生活,0,4,,0,0,0,0,无,2,2,,,,,86
10146134,七色花坊鲜花店,花生活,0,,,0,0,0,0,无,2,2,,,,,61
10217449,蒲花鲜花店（表白花・生日花・结婚花・开业花篮）,花生活,0,,,0,0,0,0,无,2,2,,,,,67
9843483,日日鲜花店（表白花・生日花・结婚花・开业花篮）,花生活,0,6,,0.333333333,0,0,0,无,2,2,,,,,84
10217452,初心花坊鲜花店（表白花・生日花・结婚花・开业花篮）,花生活,0,,,0,0,0,0,无,2,2,,,,,69
9803789,花艺生活馆鲜花店（表白花・生日花・结婚花・开业花篮・绵阳店）,花生活,0,0,,1,0,0,0,无,2,2,,,,,59
9981553,钟情是你花艺鲜花店（表白花・生日花・结婚花・开业花篮）,花生活,0,,,0,0,0,0,无,2,2,,,,,60
10233167,芳缘花艺（表白花・生日花・开业花篮）,花生活,0,,,0,0,0,0,无,2,2,,,,,60
9864045,fashion鲜花店（表白花・生日花・结婚花・开业花篮）,花生活,0,13,,0,0,0,0,无,2,2,,,,,83
9923836,心语鲜花鲜花店（表白花・生日花・结婚花・开业花篮）,花生活,0,6,,0.4,0,0.4,0,无,2,2,,,,,67
10044331,花未眠鲜花店（表白花・生日花・结婚花・开业花篮）,花生活,0,,,0,0,0,0,无,2,2,,,,,75
10050489,花艺学院鲜花店（表白花・生日花・结婚花・开业花篮）,花生活,0,,,0,0,0,0,无,2,2,,,,,69
10078501,幸福驿站鲜花（表白花，生日花，结婚花）,花生活,0,,,0,0,0,0,无,2,2,,,,,73
9909738,御技花匠鲜花店（表白花・生日花・结婚花・开业花篮）,花生活,0,2,,0,0,0,0,无,2,2,,,,,88
10165734,遇花缘园艺鲜花店（表白花，生日花，告白花）,花生活,0,,,0,0,0,0,无,2,2,,,,,69
10093382,七彩花坊鲜花店（告白花・生日花・结婚花・开业花篮）,花生活,0,,,0,0,0,0,无,2,2,,,,,69
9855476,艺轩鲜花花艺盆景店（表白花・生日花・结婚花・开业花篮）,花生活,0,16,,0.333333333,0,0.222222222,0,无,2,2,,,,,73
9848058,馨芳鲜花店（表白花・生日花・结婚花・开业花篮）,花生活,0,12,,0.230769231,0,0.153846154,0,无,2,2,,,,,86
9863451,向日葵花艺鲜花店（表白花・生日花・结婚花・开业花篮）,花生活,0,3,,0,0,0,0,无,2,2,,,,,87
9932365,花创花艺鲜花店（表白花・生日花・结婚花・开业花篮）,花生活,0,9,,0,0,0,0,无,2,2,,,,,86
9863531,爱心花店鲜花店（表白花・生日花・结婚花・开业花篮）,花生活,0,6,,0,0,0,0,无,2,2,,,,,79
10057475,倾心花坊鲜花店（告白花・生日花・开业花篮）,花生活,0,,,0,0,0,0,无,2,2,,,,,71
9991356,焱域花坊鲜花店（表白花・生日花・结婚花・开业花篮）,花生活,0,,,0,0,0,0,无,2,2,,,,,81
10080195,爱络批发零售鲜花（表白花・生日花・结婚花・开业花篮）,花生活,0,,,0,0,0,0,无,2,2,,,,,77
9860364,与甜花艺生活馆（表白花・生日花・结婚花・开业花篮・鲜花店）,花生活,0,0,,0,0,0,0,无,2,2,,,,,63
10106225,洋洋花艺鲜花店（表白花，生日花）,花生活,0,,,0,0,0,0,无,2,2,,,,,61
9855479,非爱不可鲜花店（表白花・生日花・结婚花・开业花篮）,花生活,0,,,0,0,0,0,无,2,2,,,,,76
9863533,花雅鲜花店（表白花・生日花・结婚花・开业花篮）,花生活,0,1,,0,0,0,0,无,2,2,,,,,57
10139326,掌上花店（表白花・生日花・结婚花・开业花篮・鲜花店）,花生活,0,,,0,0,0,0,无,2,2,,,,,73
9932364,遇花缘花艺鲜花店（表白花・生日花・结婚花・开业花篮）,花生活,0,6,,0,0,0,0,无,2,2,,,,,88
10217445,雨泽花店（鲜花・表白花・生日花・结婚花・开业花篮）,花生活,0,,,0,0,0,0,无,2,2,,,,,68
10139319,艺苑鲜花店（表白花，生日花）,花生活,0,,,0,0,0,0,无,2,2,,,,,76
10172705,蝶恋花轩鲜花店（表白花，生日花）,花生活,0,,,0,0,0,0,无,2,2,,,,,79
10106220,自然呈美鲜花店（表白花，道歉花，生日花）,花生活,0,,,0,0,0,0,无,2,2,,,,,65
10028248,陌上花开鲜花店（表白花・生日花・开业花篮・阿克苏店）,花生活,0,,,0,0,0,0,无,2,2,,,,,65
10165731,花续,花生活,0,,,0,0,0,0,无,2,2,,,,,64
10092845,七彩花卉（绵阳婚礼鲜花开业花篮）,花生活,0,,,0,0,0,0,无,2,2,,,,,68
9851361,琪琪花店（鲜花・表白花・生日花・结婚花・开业花篮）,花生活,0,1,,0,0,0,0,无,2,2,,,,,69
9897912,现代花店（鲜花・表白花・生日花・结婚花・开业花篮）,花生活,0,5,,0,0,0,0,无,2,2,,,,,86
9852793,浮生花事鲜花店（表白花・生日花・结婚花・开业花篮）,花生活,0,8,,0,0,0,0,无,2,2,,,,,88
9923832,法式花艺鲜花店（表白花・生日花・结婚花・开业花篮）,花生活,0,4,,0.4,0,0.2,0,无,2,2,,,,,75
10044448,花生活时尚花艺坊,花生活,0,,,0,0,0,0,无,2,2,,,,,59
9892777,伊人花店鲜花店（表白花・生日花・结婚花・开业花篮）,花生活,0,3,,0,0,0,0,无,2,2,,,,,72
9890083,花甜时间鲜花店（表白花・生日花・结婚花・开业花篮）,花生活,0,1,,0,0,0,0,无,2,2,,,,,84
9909741,钟情花坊鲜花店（表白花・生日花・结婚花・开业花篮）,花生活,0,7,,0,0,0,0,无,2,2,,,,,84
10078496,可欣鲜花店（告白花・生日花・开业花篮）,花生活,0,,,0,0,0,0,无,2,2,,,,,75
9888100,火凤凰鲜花店（表白花・生日花・结婚花・开业花篮）,花生活,0,0,,0,0,0,0,无,2,2,,,,,71
10093641,尤加利花店（告白鲜花・生日花・结婚花）,花生活,0,,,0,0,0,0,无,2,2,,,,,76
9932661,花仙子鲜花店（小河店・表白花・生日花・开业花篮）,花生活,0,6,,0,0,0,0,无,2,2,,,,,86
9800806,小怪兽花艺婚庆（表白花・生日花・结婚花・开业花篮・鲜花店）,花生活,0,5,,0.333333333,0,0,0,无,2,2,,,,,76
9981555,鲜花绿植鲜花店（表白花・生日花・结婚花・开业花篮）,花生活,0,,,0,0,0,0,无,2,2,,,,,76
10064635,世纪花行鲜花店（告白花・生日花・结婚花）,花生活,0,,,0,0,0,0,无,2,2,,,,,75
9909740,禾朵花艺鲜花店（表白花・生日花・结婚花・开业花篮）,花生活,0,1,,0,0,0,0,无,2,2,,,,,76
10186578,等你花屋鲜花店（表白花・生日花・结婚花・开业花篮）,花生活,0,,,0,0,0,0,无,2,2,,,,,72
10186575,芳香花艺馆（鲜花，生日，花店）,花生活,0,,,0,0,0,0,无,2,2,,,,,65
9927448,娜时花开鲜花店（表白花・生日花・结婚花・开业花篮・上饶店）,花生活,0,,,0,0,0,0,无,2,2,,,,,57
9863529,花语容花艺鲜花店（表白花・生日花・结婚花・开业花篮）,花生活,0,5,,0.5,0,0.5,0,无,2,2,,,,,81
10106714,花之雨花艺坊鲜花店（表白花，生日花）,花生活,0,,,0,0,0,0,无,2,2,,,,,77
9981554,金滢花园鲜花店（表白花・生日花・结婚花・开业花篮）,花生活,0,,,0,0,0,0,无,2,2,,,,,68
10106219,花花小姐鲜花店（表白花，生日花）,花生活,0,,,0,0,0,0,无,2,2,,,,,72
9987331,花曦花艺鲜花店（表白花・生日花・结婚花・开业花篮）,花生活,0,,,0,0,0,0,无,2,2,,,,,65
10031937,花花草草鲜花店（表白花・生日花・结婚花・开业花篮）,花生活,0,,,0,0,0,0,无,2,2,,,,,64
10039907,岭林花艺园鲜花店（表白花・生日花・结婚花・开业花篮）,花生活,0,,,0,0,0,0,无,2,2,,,,,69
9978872,伊恋花艺鲜花店（表白花・生日花・结婚花・开业花篮）,花生活,0,,,0,0,0,0,无,2,2,,,,,63
9893101,花仙花坊鲜花店（表白花・生日花・结婚花・开业花篮）,花生活,0,0,,0,0,0,0,无,2,2,,,,,83
10217447,花田喜部鲜花店（表白花・生日花・结婚花・开业花篮）,花生活,0,,,0,0,0,0,无,2,2,,,,,75
10093403,碧阳花仙子鲜花店（表白花，道歉花，生日花）,花生活,0,,,0,0,0,0,无,2,2,,,,,66
10139328,宜州鲜花批发鲜花店（表白花，生日花）,花生活,0,,,0,0,0,0,无,2,2,,,,,70
10078499,美诗尼花艺鲜花店（表白花・生日花・结婚花・开业花篮）,花生活,0,,,0,0,0,0,无,2,2,,,,,75
10003376,百花苑花艺馆鲜花店（表白花・生日花・结婚花・开业花篮）,花生活,0,,,0,0,0,0,无,2,2,,,,,57
10139331,花语驿站鲜花店（表白花，生日花）,花生活,0,,,0,0,0,0,无,2,2,,,,,75
9803686,拾间花艺（表白花・生日花・结婚花・开业花篮・鲜花店）,花生活,0,12,,0,0,0.111111111,0,无,2,2,,,,,84
10237758,十月花坊鲜花店（表白花・生日花・结婚花・开业花篮）,花生活,0,,,0,0,0,0,无,2,2,,,,,74
10217451,告白花艺鲜花店（表白花・生日花・结婚花・开业花篮）,花生活,0,,,0,0,0,0,无,2,2,,,,,77
10139323,格艺鲜花店（表白花，生日花）,花生活,0,,,0,0,0,0,无,2,2,,,,,76
9851360,真爱花店（鲜花・表白花・生日花・结婚花・开业花篮）,花生活,0,1,,0,0,0,0,无,2,2,,,,,73
9967539,欣欣花艺鲜花店（表白花・生日花・结婚花・开业花篮）,花生活,0,,,0,0,0,0,无,2,2,,,,,67
9851462,时光花田鲜花店（表白花・生日花・结婚花・开业花篮）,花生活,0,5,,0,0,0,0,无,2,2,,,,,73
10031939,弗洛拉花艺鲜花店（告白花・生日花・结婚花・开业花篮）,花生活,0,,,0,0,0,0,无,2,2,,,,,73
10139320,MINEFUN鲜花店（表白花，生日花）,花生活,0,,,0,0,0,0,无,2,2,,,,,69
9923834,太阳红花店鲜花店（表白花・生日花・结婚花・开业花篮）,花生活,0,,,0,0,0,0,无,2,2,,,,,58
10008407,相约玫瑰鲜花店（表白花・生日花・结婚花・开业花篮）,花生活,0,,,0,0,0,0,无,2,2,,,,,73
10166884,水天需鲜花（表白花・生日花・开业花篮）,花生活,0,,,0,0,0,0,无,2,2,,,,,65
10057474,Moon花礼订制鲜花店（表白花・生日花・结婚花・开业花篮）,花生活,0,,,0,0,0,0,无,2,2,,,,,63
9884923,鲜花店（表白花・生日花・结婚花・开业花篮・襄阳店）,花生活,0,1,,0,0,0,0,无,2,2,,,,,69
9892781,一朵花艺生活馆鲜花店（表白花・生日花・结婚花・开业花篮）,花生活,0,2,,0.333333333,0,0,0,无,2,2,,,,,64
9918328,鲜花坊鲜花店（表白花・生日花・结婚花・开业花篮）,花生活,0,4,,0,0,0,0,无,2,2,,,,,86
10044388,花王鲜花店（表白花・生日花・结婚花・开业花篮）,花生活,0,,,0,0,0,0,无,2,2,,,,,76
9810229,花生活鲜花店（生日花・开业花篮）,花生活,0,2,,0,0,0,0,无,2,2,,,,,71
10186572,那时花开鲜花店（表白花，生日花）,花生活,0,,,0,0,0,0,无,2,2,,,,,74
9805473,生如夏花鲜花店（表白花・生日花・结婚花・开业花篮・杭州店）,花生活,0,4,,0,0,0,0,无,2,2,,,,,76
9987140,圆梦花行鲜花店（表白花・生日花・结婚花・开业花篮）,花生活,0,,,0,0,0,0,无,2,2,,,,,76
10188018,奇缘鲜花礼品店鲜花店（表白花，生日花）,花生活,0,,,0,0,0,0,无,2,2,,,,,67
9803682,温馨花店（鲜花・表白花・生日花・结婚花・开业花篮）,花生活,0,0,,0,0,0,0,无,2,2,,,,,61
10078497,锦绣园花坊,花生活,0,,,0,0,0,0,无,2,2,,,,,72
9775254,花品飘香（表白花・生日花・结婚花・开业花篮・鲜花店）,花生活,0,3,,0.5,0,0.166666667,0,无,2,2,,,,,73
10031941,花诗集鲜花店（告白花・生日花・结婚花・开业花篮）,花生活,0,,,0,0,0,0,无,2,2,,,,,73
10188450,花千谷（表白花・生日花・结婚花・开业花篮・鲜花店）,花生活,0,,,0,0,0,0,无,2,2,,,,,68
10057477,橄榄树花店（表白花・生日花・鲜花店）,花生活,0,,,0,0,0,0,无,2,2,,,,,61
10106221,花町鲜花店（告白花，道歉花，生日花）,花生活,0,,,0,0,0,0,无,2,2,,,,,71
10188133,饰爱花坊鲜花店（表白花，生日花）,花生活,0,,,0,0,0,0,无,2,2,,,,,68
10057983,天天香花店（表白花・生日花・开业花篮・鲜花店）,花生活,0,,,0,0,0,0,无,2,2,,,,,53
10060202,小花坊鲜花店（告白花・生日花・结婚花・开业花篮）,花生活,0,,,0,0,0,0,无,2,2,,,,,71
10078500,绿意空间鲜花店（表白花，生日花，道歉花）,花生活,0,,,0,0,0,0,无,2,2,,,,,68
10092844,花之韵鲜花店（表白花・生日花・开业花篮）,花生活,0,,,0,0,0,0,无,2,2,,,,,63
9863718,棒棒堂花艺鲜花店（表白花・生日花・结婚花・开业花篮）,花生活,0,1,,0,0,0,0,无,2,2,,,,,74
10007536,百盛花艺鲜花店（表白花・生日花・结婚花・开业花篮）,花生活,0,,,0,0,0,0,无,2,2,,,,,63
9922533,花仙子鲜花店（茌平店・表白花・生日花）,花生活,0,0,,0,0,0,0,无,2,2,,,,,61
10015857,思语花行鲜花店（表白花・生日花・结婚花・开业花篮）,花生活,0,,,0,0,0,0,无,2,2,,,,,61
10107779,湖都花店（鲜花・表白花・生日花・结婚花・开业花篮）,花生活,0,,,0,0,0,0,无,2,2,,,,,71
10140021,慕慕花艺鲜花店（表白花，生日花）,花生活,0,,,0,0,0,0,无,2,2,,,,,68
9932368,欣欣鲜花庆典鲜花店（表白花・生日花・结婚花・开业花篮）,花生活,0,1,,0,0,0,0,无,2,2,,,,,62
10050492,卡维拉花艺鲜花店（表白花・生日花・结婚花・开业花篮）,花生活,0,,,0,0,0,0,无,2,2,,,,,76
10273632,先花店（表白花・生日花・鲜花店）,花生活,0,,,0,0,0,0,无,2,2,,,,,67
10165738,宝欢花术鲜花店（表白花，生日花）,花生活,0,,,0,0,0,0,无,2,2,,,,,59
9841965,琥珀唯美婚庆（表白花・生日花・结婚花・开业花篮・鲜花店）,花生活,0,1,,0,0,0,0,无,2,2,,,,,72
10195849,美辰花艺婚庆策划鲜花店（告白花，生日花）,花生活,0,,,0,0,0,0,无,2,2,,,,,62
10032537,转角花坊鲜花店（表白花・生日花・结婚花・开业花篮）,花生活,0,,,0,0,0,0,无,2,2,,,,,57
9932369,她的花店鲜花店（表白花・生日花・结婚花・开业花篮）,花生活,0,,,0,0,0,0,无,2,2,,,,,77
9855477,花言巧语鲜花店（表白花・生日花・结婚花・开业花篮）,花生活,0,0,,0,0,0,0,无,2,2,,,,,66
10165739,爱尚花坊（表白花・生日花・结婚花・开业花篮・鲜花店）,花生活,0,,,0,0,0,0,无,2,2,,,,,61
9878926,鲜花店（表白花・生日花・结婚花・开业花篮・北京店）,花生活,0,1,,0.5,0,0.5,0,无,2,2,,,,,65
10338407,丹姐鲜花店（表白花・生日花・开业花篮）,花生活,0,,,0,0,0,0,无,2,2,,,,,72
10139327,m亭花艺鲜花店（表白花，生日花）,花生活,0,,,0,0,0,0,无,2,2,,,,,69
10106224,一花一匠鲜花店（表白花，生日花）,花生活,0,,,0,0,0,0,无,2,2,,,,,64
10079644,最初花坊鲜花店（表白花・生日花・开业花篮）,花生活,0,,,0,0,0,0,无,2,2,,,,,63
10139318,阳光花店鲜花（表白花，生日花）,花生活,0,,,0,0,0,0,无,2,2,,,,,75
9892779,LiSa花艺鲜花店（表白花・生日花・结婚花・开业花篮）,花生活,0,3,,0,0,0,0,无,2,2,,,,,66
9923830,紫茂婚庆鲜花店（表白花・生日花・结婚花・开业花篮）,花生活,0,1,,1,0,1,0,无,2,2,,,,,61
9852010,丽君花卉（表白花・生日花・结婚花・开业花篮・鲜花店）,花生活,0,0,,0,0,0,0,无,2,2,,,,,57
9878843,阳光花雨（桂林开业花篮婚礼鲜花）,花生活,0,4,,0,0,0,0,无,2,2,,,,,75
10165730,伊人花艺鲜花店（表白花，生日花）,花生活,0,,,0,0,0,0,无,2,2,,,,,74
9909744,等你花舍鲜花店（表白花・生日花・结婚花・开业花篮）,花生活,0,4,,0.9,0,0.7,0,无,2,2,,,,,60
10186570,沐雅花坊鲜花店（告白花，生日花）,花生活,0,,,0,0,0,0,无,2,2,,,,,64
10165735,花橱花艺鲜花店（表白花，生日花）,花生活,0,,,0,0,0,0,无,2,2,,,,,70
9803684,花印象花店（鲜花・表白花・生日花・结婚花・开业花篮）,花生活,0,2,,0.5,0,0.5,0,无,2,2,,,,,59
9909739,1314花艺馆鲜花店（表白花・生日花・结婚花・开业花篮）,花生活,0,8,,0,0,0,0,无,2,2,,,,,88
10050488,南巷花开鲜花店（表白花・生日花・结婚花・开业花篮）,花生活,0,,,0,0,0,0,无,2,2,,,,,59
10273633,兰韵花店（表白花・生日花・鲜花店）,花生活,0,,,0,0,0,0,无,2,2,,,,,66
9892773,金玫瑰鲜花店（表白花・生日花・结婚花・开业花篮）,花生活,0,1,,0,0,0,0,无,2,2,,,,,75
